symbol,status,message,timestamp
AACB,SUCCESS,saved,2025-09-08T08:32:56
AACBU,SUCCESS,saved,2025-09-08T08:32:57
A,SUCCESS,saved,2025-09-08T08:32:58
AA,SUCCESS,saved,2025-09-08T08:32:59
AACG,SUCCESS,saved,2025-09-08T08:33:00
AACIU,SUCCESS,saved,2025-09-08T08:33:01
AAL,SUCCESS,saved,2025-09-08T08:33:02
AACT,SUCCESS,saved,2025-09-08T08:33:03
AAME,SUCCESS,saved,2025-09-08T08:33:03
AAM,SUCCESS,saved,2025-09-08T08:33:04
AAMI,SUCCESS,saved,2025-09-08T08:33:05
AAON,SUCCESS,saved,2025-09-08T08:33:06
AAOI,SUCCESS,saved,2025-09-08T08:33:07
AAP,SUCCESS,saved,2025-09-08T08:33:08
AAPG,SUCCESS,saved,2025-09-08T08:33:09
AAPL,SUCCESS,saved,2025-09-08T08:33:10
AAT,SUCCESS,saved,2025-09-08T08:33:11
AARD,SUCCESS,saved,2025-09-08T08:33:12
ABAT,SUCCESS,saved,2025-09-08T08:33:13
ABBV,SUCCESS,saved,2025-09-08T08:33:13
AB,SUCCESS,saved,2025-09-08T08:33:14
ABCB,SUCCESS,saved,2025-09-08T08:33:15
ABCL,SUCCESS,saved,2025-09-08T08:33:16
ABG,SUCCESS,saved,2025-09-08T08:33:17
ABEO,SUCCESS,saved,2025-09-08T08:33:18
ABEV,SUCCESS,saved,2025-09-08T08:33:19
ABLV,SUCCESS,saved,2025-09-08T08:33:20
ABL,SUCCESS,saved,2025-09-08T08:33:21
ABLLL,SUCCESS,saved,2025-09-08T08:33:21
ABNB,SUCCESS,saved,2025-09-08T08:33:22
ABM,SUCCESS,saved,2025-09-08T08:33:23
ABP,SUCCESS,saved,2025-09-08T08:33:24
ABR,SUCCESS,saved,2025-09-08T08:33:25
ABOS,SUCCESS,saved,2025-09-08T08:33:26
ABSI,SUCCESS,saved,2025-09-08T08:33:27
ABT,SUCCESS,saved,2025-09-08T08:33:28
ABUS,SUCCESS,saved,2025-09-08T08:33:29
ABTS,SUCCESS,saved,2025-09-08T08:33:30
ABVE,SUCCESS,saved,2025-09-08T08:33:31
ABVC,SUCCESS,saved,2025-09-08T08:33:31
ABVX,SUCCESS,saved,2025-09-08T08:33:32
AC,SUCCESS,saved,2025-09-08T08:33:33
ACA,SUCCESS,saved,2025-09-08T08:33:34
ACAD,SUCCESS,saved,2025-09-08T08:33:35
ACB,SUCCESS,saved,2025-09-08T08:33:36
ACCS,SUCCESS,saved,2025-09-08T08:33:37
ACCO,SUCCESS,saved,2025-09-08T08:33:38
ACET,SUCCESS,saved,2025-09-08T08:33:39
ACEL,SUCCESS,saved,2025-09-08T08:33:39
ACDC,SUCCESS,saved,2025-09-08T08:33:40
ACGLN,SUCCESS,saved,2025-09-08T08:33:41
ACHC,SUCCESS,saved,2025-09-08T08:33:42
ACGL,SUCCESS,saved,2025-09-08T08:33:43
ACGLO,SUCCESS,saved,2025-09-08T08:33:44
ACHR,SUCCESS,saved,2025-09-08T08:33:45
ACHV,SUCCESS,saved,2025-09-08T08:33:46
ACIU,SUCCESS,saved,2025-09-08T08:33:47
ACI,SUCCESS,saved,2025-09-08T08:33:48
ACIC,SUCCESS,saved,2025-09-08T08:33:49
ACLS,SUCCESS,saved,2025-09-08T08:33:50
ACM,SUCCESS,saved,2025-09-08T08:33:51
ACIW,SUCCESS,saved,2025-09-08T08:33:52
ACLX,SUCCESS,saved,2025-09-08T08:33:53
ACMR,SUCCESS,saved,2025-09-08T08:33:54
ACNB,SUCCESS,saved,2025-09-08T08:33:55
ACN,SUCCESS,saved,2025-09-08T08:33:56
ACON,SUCCESS,saved,2025-09-08T08:33:57
ACNT,SUCCESS,saved,2025-09-08T08:33:58
ACOG,SUCCESS,saved,2025-09-08T08:33:58
ACR,SUCCESS,saved,2025-09-08T08:33:59
ACRE,SUCCESS,saved,2025-09-08T08:34:00
ACRS,SUCCESS,saved,2025-09-08T08:34:01
ACP,SUCCESS,saved,2025-09-08T08:34:02
ACRV,SUCCESS,saved,2025-09-08T08:34:03
ACTU,SUCCESS,saved,2025-09-08T08:34:04
ACTG,SUCCESS,saved,2025-09-08T08:34:05
ACU,SUCCESS,saved,2025-09-08T08:34:06
ACT,SUCCESS,saved,2025-09-08T08:34:06
ACV,SUCCESS,saved,2025-09-08T08:34:07
ACXP,SUCCESS,saved,2025-09-08T08:34:08
ACVA,SUCCESS,saved,2025-09-08T08:34:09
ADAG,SUCCESS,saved,2025-09-08T08:34:10
ADAP,SUCCESS,saved,2025-09-08T08:34:11
ADBE,SUCCESS,saved,2025-09-08T08:34:12
ADC,SUCCESS,saved,2025-09-08T08:34:13
ADCT,SUCCESS,saved,2025-09-08T08:34:14
ADD,SUCCESS,saved,2025-09-08T08:34:14
ADEA,SUCCESS,saved,2025-09-08T08:34:15
ADMA,SUCCESS,saved,2025-09-08T08:34:16
ADGM,SUCCESS,saved,2025-09-08T08:34:17
ADI,SUCCESS,saved,2025-09-08T08:34:18
ADM,SUCCESS,saved,2025-09-08T08:34:19
ADN,SUCCESS,saved,2025-09-08T08:34:20
ADP,SUCCESS,saved,2025-09-08T08:34:21
ADNT,SUCCESS,saved,2025-09-08T08:34:22
ADPT,SUCCESS,saved,2025-09-08T08:34:22
ADSK,SUCCESS,saved,2025-09-08T08:34:23
ADSE,SUCCESS,saved,2025-09-08T08:34:24
ADTX,SUCCESS,saved,2025-09-08T08:34:25
ADTN,SUCCESS,saved,2025-09-08T08:34:26
ADT,SUCCESS,saved,2025-09-08T08:34:27
ADUR,SUCCESS,saved,2025-09-08T08:34:28
ADUS,SUCCESS,saved,2025-09-08T08:34:29
ADV,SUCCESS,saved,2025-09-08T08:34:30
ADVM,SUCCESS,saved,2025-09-08T08:34:30
ADVB,SUCCESS,saved,2025-09-08T08:34:31
ADX,SUCCESS,saved,2025-09-08T08:34:32
ADXN,SUCCESS,saved,2025-09-08T08:34:33
AEE,SUCCESS,saved,2025-09-08T08:34:34
AEG,SUCCESS,saved,2025-09-08T08:34:35
AEFC,SUCCESS,saved,2025-09-08T08:34:36
AEF,SUCCESS,saved,2025-09-08T08:34:37
AEHL,SUCCESS,saved,2025-09-08T08:34:38
AEHR,SUCCESS,saved,2025-09-08T08:34:38
AEM,SUCCESS,saved,2025-09-08T08:34:39
AEIS,SUCCESS,saved,2025-09-08T08:34:40
AEI,SUCCESS,saved,2025-09-08T08:34:41
AEMD,SUCCESS,saved,2025-09-08T08:34:42
AEON,SUCCESS,saved,2025-09-08T08:34:43
AENT,SUCCESS,saved,2025-09-08T08:34:44
AEO,SUCCESS,saved,2025-09-08T08:34:45
AER,SUCCESS,saved,2025-09-08T08:34:46
AEP,SUCCESS,saved,2025-09-08T08:34:46
AES,SUCCESS,saved,2025-09-08T08:34:47
AERT,SUCCESS,saved,2025-09-08T08:34:48
AEYE,SUCCESS,saved,2025-09-08T08:34:49
AESI,SUCCESS,saved,2025-09-08T08:34:50
AEVA,SUCCESS,saved,2025-09-08T08:34:51
AFCG,SUCCESS,saved,2025-09-08T08:34:52
AFG,SUCCESS,saved,2025-09-08T08:34:53
AFBI,SUCCESS,saved,2025-09-08T08:34:54
AFB,SUCCESS,saved,2025-09-08T08:34:55
AFGB,SUCCESS,saved,2025-09-08T08:34:55
AFGC,SUCCESS,saved,2025-09-08T08:34:56
AFGD,SUCCESS,saved,2025-09-08T08:34:57
AFJK,SUCCESS,saved,2025-09-08T08:34:58
AFGE,SUCCESS,saved,2025-09-08T08:34:59
AFJKU,SUCCESS,saved,2025-09-08T08:35:00
AFL,SUCCESS,saved,2025-09-08T08:35:01
AFRM,SUCCESS,saved,2025-09-08T08:35:02
AFRI,SUCCESS,saved,2025-09-08T08:35:02
AGAE,SUCCESS,saved,2025-09-08T08:35:03
AFYA,SUCCESS,saved,2025-09-08T08:35:04
AG,SUCCESS,saved,2025-09-08T08:35:05
AGD,SUCCESS,saved,2025-09-08T08:35:06
AGCO,SUCCESS,saved,2025-09-08T08:35:07
AGFY,SUCCESS,saved,2025-09-08T08:35:08
AGEN,SUCCESS,saved,2025-09-08T08:35:09
AGH,SUCCESS,saved,2025-09-08T08:35:10
AGIO,SUCCESS,saved,2025-09-08T08:35:10
AGI,SUCCESS,saved,2025-09-08T08:35:11
AGM,SUCCESS,saved,2025-09-08T08:35:12
AGL,SUCCESS,saved,2025-09-08T08:35:13
AGNCL,SUCCESS,saved,2025-09-08T08:35:14
AGMH,SUCCESS,saved,2025-09-08T08:35:15
AGNC,SUCCESS,saved,2025-09-08T08:35:16
AGNCO,SUCCESS,saved,2025-09-08T08:35:17
AGNCP,SUCCESS,saved,2025-09-08T08:35:18
AGNCN,SUCCESS,saved,2025-09-08T08:35:20
AGNCM,SUCCESS,saved,2025-09-08T08:35:20
AGO,SUCCESS,saved,2025-09-08T08:35:21
AGRI,SUCCESS,saved,2025-09-08T08:35:22
AGRO,SUCCESS,saved,2025-09-08T08:35:23
AHCO,SUCCESS,saved,2025-09-08T08:35:24
AGX,SUCCESS,saved,2025-09-08T08:35:25
AGYS,SUCCESS,saved,2025-09-08T08:35:26
AGS,NO_DATA,AGS: No stock data available.,2025-09-08T08:35:26
AHG,SUCCESS,saved,2025-09-08T08:35:28
AHR,SUCCESS,saved,2025-09-08T08:35:30
AHL,SUCCESS,saved,2025-09-08T08:35:31
AHH,SUCCESS,saved,2025-09-08T08:35:32
AHT,SUCCESS,saved,2025-09-08T08:35:33
AI,SUCCESS,saved,2025-09-08T08:35:33
AIFU,SUCCESS,saved,2025-09-08T08:35:34
AIFEU,SUCCESS,saved,2025-09-08T08:35:35
AIFE,SUCCESS,saved,2025-09-08T08:35:37
AIG,SUCCESS,saved,2025-09-08T08:35:38
AII,SUCCESS,saved,2025-09-08T08:35:39
AIHS,SUCCESS,saved,2025-09-08T08:35:40
AIMD,SUCCESS,saved,2025-09-08T08:35:41
AIN,SUCCESS,saved,2025-09-08T08:35:42
AIO,SUCCESS,saved,2025-09-08T08:35:43
AIP,SUCCESS,saved,2025-09-08T08:35:44
AIOT,SUCCESS,saved,2025-09-08T08:35:45
AIR,SUCCESS,saved,2025-09-08T08:35:46
AIRG,SUCCESS,saved,2025-09-08T08:35:47
AIRI,SUCCESS,saved,2025-09-08T08:35:48
AIRE,SUCCESS,saved,2025-09-08T08:35:49
AIRS,SUCCESS,saved,2025-09-08T08:35:50
AIRJ,SUCCESS,saved,2025-09-08T08:35:51
AIRT,SUCCESS,saved,2025-09-08T08:35:53
AISP,SUCCESS,saved,2025-09-08T08:35:54
AIV,SUCCESS,saved,2025-09-08T08:35:55
AIRTP,SUCCESS,saved,2025-09-08T08:35:56
AIT,SUCCESS,saved,2025-09-08T08:35:57
AIXI,SUCCESS,saved,2025-09-08T08:35:57
AIZ,SUCCESS,saved,2025-09-08T08:35:58
AIZN,SUCCESS,saved,2025-09-08T08:35:59
AKA,SUCCESS,saved,2025-09-08T08:36:00
AKAM,SUCCESS,saved,2025-09-08T08:36:01
AJG,SUCCESS,saved,2025-09-08T08:36:02
AKAN,SUCCESS,saved,2025-09-08T08:36:04
AKRO,SUCCESS,saved,2025-09-08T08:36:05
AKBA,SUCCESS,saved,2025-09-08T08:36:06
AKR,SUCCESS,saved,2025-09-08T08:36:07
AKTX,SUCCESS,saved,2025-09-08T08:36:08
AKYA,SUCCESS,saved,2025-09-08T08:36:09
ALAB,SUCCESS,saved,2025-09-08T08:36:10
ALAR,SUCCESS,saved,2025-09-08T08:36:11
AL,SUCCESS,saved,2025-09-08T08:36:12
ALB,SUCCESS,saved,2025-09-08T08:36:13
ALC,SUCCESS,saved,2025-09-08T08:36:14
ALBT,SUCCESS,saved,2025-09-08T08:36:15
ALCYU,SUCCESS,saved,2025-09-08T08:36:15
ALCY,SUCCESS,saved,2025-09-08T08:36:16
ALCO,SUCCESS,saved,2025-09-08T08:36:17
ALDF,SUCCESS,saved,2025-09-08T08:36:18
ALDFU,SUCCESS,saved,2025-09-08T08:36:19
ALDX,SUCCESS,saved,2025-09-08T08:36:20
ALEC,SUCCESS,saved,2025-09-08T08:36:21
ALE,SUCCESS,saved,2025-09-08T08:36:22
ALF,SUCCESS,saved,2025-09-08T08:36:23
ALEX,SUCCESS,saved,2025-09-08T08:36:24
ALFUU,SUCCESS,saved,2025-09-08T08:36:25
ALG,SUCCESS,saved,2025-09-08T08:36:26
ALGM,SUCCESS,saved,2025-09-08T08:36:27
ALGN,SUCCESS,saved,2025-09-08T08:36:27
ALGS,SUCCESS,saved,2025-09-08T08:36:28
ALGT,SUCCESS,saved,2025-09-08T08:36:29
ALHC,SUCCESS,saved,2025-09-08T08:36:31
ALK,SUCCESS,saved,2025-09-08T08:36:32
ALIT,SUCCESS,saved,2025-09-08T08:36:33
ALKS,SUCCESS,saved,2025-09-08T08:36:34
ALL,SUCCESS,saved,2025-09-08T08:36:35
ALKT,SUCCESS,saved,2025-09-08T08:36:36
ALLO,SUCCESS,saved,2025-09-08T08:36:37
ALLR,SUCCESS,saved,2025-09-08T08:36:37
ALLE,SUCCESS,saved,2025-09-08T08:36:38
ALLY,SUCCESS,saved,2025-09-08T08:36:39
ALLT,SUCCESS,saved,2025-09-08T08:36:40
ALMS,SUCCESS,saved,2025-09-08T08:36:41
ALMU,SUCCESS,saved,2025-09-08T08:36:42
ALNT,SUCCESS,saved,2025-09-08T08:36:43
ALNY,SUCCESS,saved,2025-09-08T08:36:44
ALOT,SUCCESS,saved,2025-09-08T08:36:45
ALRM,SUCCESS,saved,2025-09-08T08:36:45
ALSN,SUCCESS,saved,2025-09-08T08:36:46
ALRS,SUCCESS,saved,2025-09-08T08:36:47
ALTG,SUCCESS,saved,2025-09-08T08:36:48
ALT,SUCCESS,saved,2025-09-08T08:36:49
ALTO,SUCCESS,saved,2025-09-08T08:36:50
ALTI,SUCCESS,saved,2025-09-08T08:36:51
ALUR,SUCCESS,saved,2025-09-08T08:36:52
ALTS,SUCCESS,saved,2025-09-08T08:36:53
ALV,SUCCESS,saved,2025-09-08T08:36:54
ALVO,SUCCESS,saved,2025-09-08T08:36:54
ALX,SUCCESS,saved,2025-09-08T08:36:55
AM,SUCCESS,saved,2025-09-08T08:36:56
ALXO,SUCCESS,saved,2025-09-08T08:36:57
ALZN,SUCCESS,saved,2025-09-08T08:36:58
AMAL,SUCCESS,saved,2025-09-08T08:36:59
AMAT,SUCCESS,saved,2025-09-08T08:37:00
AMBA,SUCCESS,saved,2025-09-08T08:37:01
AMBR,SUCCESS,saved,2025-09-08T08:37:02
AMBC,SUCCESS,saved,2025-09-08T08:37:02
AMBI,SUCCESS,saved,2025-09-08T08:37:03
AMBO,SUCCESS,saved,2025-09-08T08:37:04
AMC,SUCCESS,saved,2025-09-08T08:37:05
AMD,SUCCESS,saved,2025-09-08T08:37:06
AMCR,SUCCESS,saved,2025-09-08T08:37:07
AMED,SUCCESS,saved,2025-09-08T08:37:08
AMCX,SUCCESS,saved,2025-09-08T08:37:09
AME,SUCCESS,saved,2025-09-08T08:37:10
AMG,SUCCESS,saved,2025-09-08T08:37:10
AMH,SUCCESS,saved,2025-09-08T08:37:11
AMGN,SUCCESS,saved,2025-09-08T08:37:12
AMIX,SUCCESS,saved,2025-09-08T08:37:13
AMKR,SUCCESS,saved,2025-09-08T08:37:14
AMLX,SUCCESS,saved,2025-09-08T08:37:15
AMN,SUCCESS,saved,2025-09-08T08:37:16
AMP,SUCCESS,saved,2025-09-08T08:37:17
AMOD,SUCCESS,saved,2025-09-08T08:37:18
AMPG,SUCCESS,saved,2025-09-08T08:37:19
AMPH,SUCCESS,saved,2025-09-08T08:37:20
AMPL,SUCCESS,saved,2025-09-08T08:37:21
AMPX,SUCCESS,saved,2025-09-08T08:37:22
AMPY,SUCCESS,saved,2025-09-08T08:37:22
AMR,SUCCESS,saved,2025-09-08T08:37:23
AMRK,SUCCESS,saved,2025-09-08T08:37:24
AMRC,SUCCESS,saved,2025-09-08T08:37:25
AMRN,SUCCESS,saved,2025-09-08T08:37:26
AMS,SUCCESS,saved,2025-09-08T08:37:27
AMRX,SUCCESS,saved,2025-09-08T08:37:28
AMSF,SUCCESS,saved,2025-09-08T08:37:29
AMSC,SUCCESS,saved,2025-09-08T08:37:29
AMT,SUCCESS,saved,2025-09-08T08:37:30
AMST,SUCCESS,saved,2025-09-08T08:37:31
AMTB,SUCCESS,saved,2025-09-08T08:37:32
AMTX,SUCCESS,saved,2025-09-08T08:37:33
AMUB,SUCCESS,saved,2025-09-08T08:37:34
AMTD,SUCCESS,saved,2025-09-08T08:37:36
AMTM,SUCCESS,saved,2025-09-08T08:37:37
AMWD,SUCCESS,saved,2025-09-08T08:37:38
AMWL,SUCCESS,saved,2025-09-08T08:37:39
AMX,SUCCESS,saved,2025-09-08T08:37:39
AN,SUCCESS,saved,2025-09-08T08:37:40
AMZE,SUCCESS,saved,2025-09-08T08:37:41
AMZN,SUCCESS,saved,2025-09-08T08:37:42
ANDE,SUCCESS,saved,2025-09-08T08:37:43
ANAB,SUCCESS,saved,2025-09-08T08:37:44
ANEB,SUCCESS,saved,2025-09-08T08:37:45
ANF,SUCCESS,saved,2025-09-08T08:37:46
ANGH,SUCCESS,saved,2025-09-08T08:37:47
ANET,SUCCESS,saved,2025-09-08T08:37:48
ANGI,SUCCESS,saved,2025-09-08T08:37:49
ANGO,SUCCESS,saved,2025-09-08T08:37:51
ANIX,SUCCESS,saved,2025-09-08T08:37:52
ANIK,SUCCESS,saved,2025-09-08T08:37:53
ANIP,SUCCESS,saved,2025-09-08T08:37:53
ANL,SUCCESS,saved,2025-09-08T08:37:54
ANNA,SUCCESS,saved,2025-09-08T08:37:55
ANRO,SUCCESS,saved,2025-09-08T08:37:56
ANSC,SUCCESS,saved,2025-09-08T08:37:57
ANNX,SUCCESS,saved,2025-09-08T08:37:58
ANSS,SUCCESS,saved,2025-09-08T08:37:59
ANSCU,SUCCESS,saved,2025-09-08T08:38:00
ANTE,SUCCESS,saved,2025-09-08T08:38:01
ANTX,SUCCESS,saved,2025-09-08T08:38:02
ANTA,SUCCESS,saved,2025-09-08T08:38:02
ANY,SUCCESS,saved,2025-09-08T08:38:03
ANVS,SUCCESS,saved,2025-09-08T08:38:04
AOD,SUCCESS,saved,2025-09-08T08:38:05
AOMN,SUCCESS,saved,2025-09-08T08:38:06
AOMR,SUCCESS,saved,2025-09-08T08:38:07
AON,SUCCESS,saved,2025-09-08T08:38:08
AORT,SUCCESS,saved,2025-09-08T08:38:09
AOS,SUCCESS,saved,2025-09-08T08:38:10
AOUT,SUCCESS,saved,2025-09-08T08:38:11
AOSL,SUCCESS,saved,2025-09-08T08:38:11
AP,SUCCESS,saved,2025-09-08T08:38:12
APA,SUCCESS,saved,2025-09-08T08:38:13
APAM,SUCCESS,saved,2025-09-08T08:38:14
APDN,SUCCESS,saved,2025-09-08T08:38:15
APD,SUCCESS,saved,2025-09-08T08:38:16
APEI,SUCCESS,saved,2025-09-08T08:38:17
APGE,SUCCESS,saved,2025-09-08T08:38:18
APH,SUCCESS,saved,2025-09-08T08:38:19
APG,SUCCESS,saved,2025-09-08T08:38:20
API,SUCCESS,saved,2025-09-08T08:38:20
APLD,SUCCESS,saved,2025-09-08T08:38:21
APLE,SUCCESS,saved,2025-09-08T08:38:22
APLM,SUCCESS,saved,2025-09-08T08:38:23
APLS,SUCCESS,saved,2025-09-08T08:38:24
APLT,SUCCESS,saved,2025-09-08T08:38:25
APM,SUCCESS,saved,2025-09-08T08:38:26
APO,SUCCESS,saved,2025-09-08T08:38:27
APOG,SUCCESS,saved,2025-09-08T08:38:27
APP,SUCCESS,saved,2025-09-08T08:38:28
APOS,SUCCESS,saved,2025-09-08T08:38:29
APPS,SUCCESS,saved,2025-09-08T08:38:30
APPF,SUCCESS,saved,2025-09-08T08:38:31
APRE,SUCCESS,saved,2025-09-08T08:38:32
APT,SUCCESS,saved,2025-09-08T08:38:33
APUS,SUCCESS,saved,2025-09-08T08:38:34
APTV,SUCCESS,saved,2025-09-08T08:38:35
APVO,SUCCESS,saved,2025-09-08T08:38:36
APWC,SUCCESS,saved,2025-09-08T08:38:36
APYX,SUCCESS,saved,2025-09-08T08:38:37
AQMS,SUCCESS,saved,2025-09-08T08:38:38
AQB,SUCCESS,saved,2025-09-08T08:38:39
AQN,SUCCESS,saved,2025-09-08T08:38:40
AQNB,SUCCESS,saved,2025-09-08T08:38:41
ARAY,SUCCESS,saved,2025-09-08T08:38:42
AQST,SUCCESS,saved,2025-09-08T08:38:43
ARAI,SUCCESS,saved,2025-09-08T08:38:44
AR,SUCCESS,saved,2025-09-08T08:38:44
ARBB,SUCCESS,saved,2025-09-08T08:38:45
ARBK,SUCCESS,saved,2025-09-08T08:38:46
ARBE,SUCCESS,saved,2025-09-08T08:38:47
ARBKL,SUCCESS,saved,2025-09-08T08:38:48
ARCC,SUCCESS,saved,2025-09-08T08:38:49
ARCO,SUCCESS,saved,2025-09-08T08:38:50
ARCB,SUCCESS,saved,2025-09-08T08:38:51
ARDC,SUCCESS,saved,2025-09-08T08:38:52
ARCT,SUCCESS,saved,2025-09-08T08:38:53
ARDX,SUCCESS,saved,2025-09-08T08:38:54
ARE,SUCCESS,saved,2025-09-08T08:38:55
ARDT,SUCCESS,saved,2025-09-08T08:38:56
AREN,SUCCESS,saved,2025-09-08T08:38:57
AREB,SUCCESS,saved,2025-09-08T08:38:58
ARES,SUCCESS,saved,2025-09-08T08:38:59
AREC,SUCCESS,saved,2025-09-08T08:39:00
ARGD,SUCCESS,saved,2025-09-08T08:39:00
ARGX,SUCCESS,saved,2025-09-08T08:39:01
ARHS,SUCCESS,saved,2025-09-08T08:39:02
ARIS,SUCCESS,saved,2025-09-08T08:39:03
ARI,SUCCESS,saved,2025-09-08T08:39:04
ARKO,SUCCESS,saved,2025-09-08T08:39:05
ARKR,SUCCESS,saved,2025-09-08T08:39:06
ARL,SUCCESS,saved,2025-09-08T08:39:07
ARM,SUCCESS,saved,2025-09-08T08:39:08
ARLO,SUCCESS,saved,2025-09-08T08:39:09
ARLP,SUCCESS,saved,2025-09-08T08:39:09
ARMN,SUCCESS,saved,2025-09-08T08:39:10
ARMK,SUCCESS,saved,2025-09-08T08:39:11
AROC,SUCCESS,saved,2025-09-08T08:39:12
ARMP,SUCCESS,saved,2025-09-08T08:39:13
AROW,SUCCESS,saved,2025-09-08T08:39:14
ARQ,SUCCESS,saved,2025-09-08T08:39:15
ARRY,SUCCESS,saved,2025-09-08T08:39:16
ARQQ,SUCCESS,saved,2025-09-08T08:39:17
ARR,SUCCESS,saved,2025-09-08T08:39:17
ARQT,SUCCESS,saved,2025-09-08T08:39:18
ARTV,SUCCESS,saved,2025-09-08T08:39:20
ARTL,SUCCESS,saved,2025-09-08T08:39:21
ARTW,SUCCESS,saved,2025-09-08T08:39:22
ARTNA,SUCCESS,saved,2025-09-08T08:39:23
ARVN,SUCCESS,saved,2025-09-08T08:39:24
ARW,SUCCESS,saved,2025-09-08T08:39:25
ARWR,SUCCESS,saved,2025-09-08T08:39:26
ASA,SUCCESS,saved,2025-09-08T08:39:27
AS,SUCCESS,saved,2025-09-08T08:39:28
ASBP,SUCCESS,saved,2025-09-08T08:39:28
ASAN,SUCCESS,saved,2025-09-08T08:39:29
ASB,SUCCESS,saved,2025-09-08T08:39:30
ASC,SUCCESS,saved,2025-09-08T08:39:31
ASG,SUCCESS,saved,2025-09-08T08:39:32
ASGN,SUCCESS,saved,2025-09-08T08:39:33
ASGI,SUCCESS,saved,2025-09-08T08:39:34
ASLE,SUCCESS,saved,2025-09-08T08:39:35
ASIX,SUCCESS,saved,2025-09-08T08:39:36
ASH,SUCCESS,saved,2025-09-08T08:39:37
ASMB,SUCCESS,saved,2025-09-08T08:39:38
ASM,SUCCESS,saved,2025-09-08T08:39:39
ASML,SUCCESS,saved,2025-09-08T08:39:40
ASND,SUCCESS,saved,2025-09-08T08:39:41
ASNS,SUCCESS,saved,2025-09-08T08:39:42
ASPC,SUCCESS,saved,2025-09-08T08:39:43
ASPCU,SUCCESS,saved,2025-09-08T08:39:44
ASPN,SUCCESS,saved,2025-09-08T08:39:45
ASO,SUCCESS,saved,2025-09-08T08:39:46
ASPI,SUCCESS,saved,2025-09-08T08:39:47
ASR,SUCCESS,saved,2025-09-08T08:39:47
ASRT,SUCCESS,saved,2025-09-08T08:39:48
ASPS,SUCCESS,saved,2025-09-08T08:39:49
ASST,SUCCESS,saved,2025-09-08T08:39:50
ASRV,SUCCESS,saved,2025-09-08T08:39:51
ASTC,SUCCESS,saved,2025-09-08T08:39:52
ASTE,SUCCESS,saved,2025-09-08T08:39:53
ASTH,SUCCESS,saved,2025-09-08T08:39:54
ASTI,SUCCESS,saved,2025-09-08T08:39:55
ASTL,SUCCESS,saved,2025-09-08T08:39:56
ASTS,SUCCESS,saved,2025-09-08T08:39:57
ASUR,SUCCESS,saved,2025-09-08T08:39:58
ASYS,SUCCESS,saved,2025-09-08T08:39:58
ATAI,SUCCESS,saved,2025-09-08T08:39:59
ATAT,SUCCESS,saved,2025-09-08T08:40:00
ATCH,SUCCESS,saved,2025-09-08T08:40:01
ATEN,SUCCESS,saved,2025-09-08T08:40:02
ATEC,SUCCESS,saved,2025-09-08T08:40:03
ATEX,SUCCESS,saved,2025-09-08T08:40:04
ATER,SUCCESS,saved,2025-09-08T08:40:05
ATCOL,NO_DATA,ATCOL: No stock data available.,2025-09-08T08:40:05
ATGL,SUCCESS,saved,2025-09-08T08:40:05
ATGE,SUCCESS,saved,2025-09-08T08:40:06
ATHA,SUCCESS,saved,2025-09-08T08:40:07
ATHE,SUCCESS,saved,2025-09-08T08:40:08
ATHM,SUCCESS,saved,2025-09-08T08:40:09
ATHS,SUCCESS,saved,2025-09-08T08:40:10
ATHR,SUCCESS,saved,2025-09-08T08:40:11
ATI,SUCCESS,saved,2025-09-08T08:40:12
ATII,SUCCESS,saved,2025-09-08T08:40:13
ATKR,SUCCESS,saved,2025-09-08T08:40:14
ATIIU,SUCCESS,saved,2025-09-08T08:40:14
ATLC,SUCCESS,saved,2025-09-08T08:40:15
ATLCP,SUCCESS,saved,2025-09-08T08:40:16
ATLCL,SUCCESS,saved,2025-09-08T08:40:17
ATLCZ,SUCCESS,saved,2025-09-08T08:40:18
ATLN,SUCCESS,saved,2025-09-08T08:40:19
ATLX,SUCCESS,saved,2025-09-08T08:40:20
ATLO,SUCCESS,saved,2025-09-08T08:40:21
ATMC,SUCCESS,saved,2025-09-08T08:40:22
ATMCU,SUCCESS,saved,2025-09-08T08:40:23
ATMP,SUCCESS,saved,2025-09-08T08:40:23
ATMV,SUCCESS,saved,2025-09-08T08:40:24
ATMU,SUCCESS,saved,2025-09-08T08:40:25
ATMVU,SUCCESS,saved,2025-09-08T08:40:26
ATNF,SUCCESS,saved,2025-09-08T08:40:27
ATNI,SUCCESS,saved,2025-09-08T08:40:28
ATNM,SUCCESS,saved,2025-09-08T08:40:29
ATOM,SUCCESS,saved,2025-09-08T08:40:30
ATO,SUCCESS,saved,2025-09-08T08:40:31
ATPC,SUCCESS,saved,2025-09-08T08:40:31
ATOS,SUCCESS,saved,2025-09-08T08:40:32
ATR,SUCCESS,saved,2025-09-08T08:40:33
ATRA,SUCCESS,saved,2025-09-08T08:40:34
ATRC,SUCCESS,saved,2025-09-08T08:40:35
ATUS,SUCCESS,saved,2025-09-08T08:40:36
ATRO,SUCCESS,saved,2025-09-08T08:40:37
ATS,SUCCESS,saved,2025-09-08T08:40:38
ATXG,SUCCESS,saved,2025-09-08T08:40:39
ATXS,SUCCESS,saved,2025-09-08T08:40:39
ATYR,SUCCESS,saved,2025-09-08T08:40:40
AUB,SUCCESS,saved,2025-09-08T08:40:41
AU,SUCCESS,saved,2025-09-08T08:40:42
AUDC,SUCCESS,saved,2025-09-08T08:40:43
AUBN,SUCCESS,saved,2025-09-08T08:40:44
AUID,SUCCESS,saved,2025-09-08T08:40:45
AURA,SUCCESS,saved,2025-09-08T08:40:46
AUR,SUCCESS,saved,2025-09-08T08:40:47
AUNA,SUCCESS,saved,2025-09-08T08:40:47
AUPH,SUCCESS,saved,2025-09-08T08:40:48
AUST,SUCCESS,saved,2025-09-08T08:40:49
AUTL,SUCCESS,saved,2025-09-08T08:40:50
AVAH,SUCCESS,saved,2025-09-08T08:40:51
AUUD,SUCCESS,saved,2025-09-08T08:40:53
AVA,SUCCESS,saved,2025-09-08T08:40:54
AVAV,SUCCESS,saved,2025-09-08T08:40:55
AVAL,SUCCESS,saved,2025-09-08T08:40:56
AVBP,SUCCESS,saved,2025-09-08T08:40:56
AVB,SUCCESS,saved,2025-09-08T08:40:57
AVD,SUCCESS,saved,2025-09-08T08:40:58
AVDL,SUCCESS,saved,2025-09-08T08:40:59
AVDX,SUCCESS,saved,2025-09-08T08:41:00
AVK,SUCCESS,saved,2025-09-08T08:41:01
AVIR,SUCCESS,saved,2025-09-08T08:41:02
AVGO,SUCCESS,saved,2025-09-08T08:41:03
AVO,SUCCESS,saved,2025-09-08T08:41:05
AVNT,SUCCESS,saved,2025-09-08T08:41:06
AVNS,SUCCESS,saved,2025-09-08T08:41:06
AVNW,SUCCESS,saved,2025-09-08T08:41:07
AVPT,SUCCESS,saved,2025-09-08T08:41:08
AVT,SUCCESS,saved,2025-09-08T08:41:09
AVR,SUCCESS,saved,2025-09-08T08:41:10
AVTR,SUCCESS,saved,2025-09-08T08:41:11
AVTX,SUCCESS,saved,2025-09-08T08:41:12
AVXL,SUCCESS,saved,2025-09-08T08:41:13
AVY,SUCCESS,saved,2025-09-08T08:41:14
AWF,SUCCESS,saved,2025-09-08T08:41:15
AWR,SUCCESS,saved,2025-09-08T08:41:15
AWI,SUCCESS,saved,2025-09-08T08:41:16
AWRE,SUCCESS,saved,2025-09-08T08:41:17
AWP,SUCCESS,saved,2025-09-08T08:41:18
AWK,SUCCESS,saved,2025-09-08T08:41:19
AWX,SUCCESS,saved,2025-09-08T08:41:20
AXIL,SUCCESS,saved,2025-09-08T08:41:21
AXGN,SUCCESS,saved,2025-09-08T08:41:22
AXL,SUCCESS,saved,2025-09-08T08:41:23
AXON,SUCCESS,saved,2025-09-08T08:41:23
AXP,SUCCESS,saved,2025-09-08T08:41:24
AXR,SUCCESS,saved,2025-09-08T08:41:25
AXS,SUCCESS,saved,2025-09-08T08:41:26
AXSM,SUCCESS,saved,2025-09-08T08:41:27
AXTI,SUCCESS,saved,2025-09-08T08:41:28
AXTA,SUCCESS,saved,2025-09-08T08:41:29
AYRO,SUCCESS,saved,2025-09-08T08:41:30
AYI,SUCCESS,saved,2025-09-08T08:41:31
AYTU,SUCCESS,saved,2025-09-08T08:41:32
AZI,SUCCESS,saved,2025-09-08T08:41:33
AZ,SUCCESS,saved,2025-09-08T08:41:34
AZO,SUCCESS,saved,2025-09-08T08:41:35
AZN,SUCCESS,saved,2025-09-08T08:41:35
AZEK,NO_DATA,AZEK: No stock data available.,2025-09-08T08:41:35
AZTR,SUCCESS,saved,2025-09-08T08:41:36
AZTA,SUCCESS,saved,2025-09-08T08:41:37
AZZ,SUCCESS,saved,2025-09-08T08:41:38
BABA,SUCCESS,saved,2025-09-08T08:41:39
B,SUCCESS,saved,2025-09-08T08:41:40
BA,SUCCESS,saved,2025-09-08T08:41:41
AZUL,NO_DATA,AZUL: No stock data available.,2025-09-08T08:41:41
BAC,SUCCESS,saved,2025-09-08T08:41:42
BACQ,SUCCESS,saved,2025-09-08T08:41:43
BAFN,SUCCESS,saved,2025-09-08T08:41:44
BAER,SUCCESS,saved,2025-09-08T08:41:45
BACQU,SUCCESS,saved,2025-09-08T08:41:45
BAH,SUCCESS,saved,2025-09-08T08:41:46
BALL,SUCCESS,saved,2025-09-08T08:41:47
BAK,SUCCESS,saved,2025-09-08T08:41:48
BALY,SUCCESS,saved,2025-09-08T08:41:49
BANC,SUCCESS,saved,2025-09-08T08:41:50
BAM,SUCCESS,saved,2025-09-08T08:41:51
BAND,SUCCESS,saved,2025-09-08T08:41:52
BANF,SUCCESS,saved,2025-09-08T08:41:53
BANR,SUCCESS,saved,2025-09-08T08:41:53
BANFP,SUCCESS,saved,2025-09-08T08:41:55
BANX,SUCCESS,saved,2025-09-08T08:41:56
BANL,SUCCESS,saved,2025-09-08T08:41:57
BAOS,SUCCESS,saved,2025-09-08T08:41:58
BAP,SUCCESS,saved,2025-09-08T08:41:59
BATL,SUCCESS,saved,2025-09-08T08:41:59
BARK,SUCCESS,saved,2025-09-08T08:42:00
BATRA,SUCCESS,saved,2025-09-08T08:42:01
BASE,SUCCESS,saved,2025-09-08T08:42:02
BATRK,SUCCESS,saved,2025-09-08T08:42:04
BAYA,SUCCESS,saved,2025-09-08T08:42:04
BB,SUCCESS,saved,2025-09-08T08:42:05
BAX,SUCCESS,saved,2025-09-08T08:42:06
BAYAU,SUCCESS,saved,2025-09-08T08:42:07
BBAI,SUCCESS,saved,2025-09-08T08:42:08
BBCP,SUCCESS,saved,2025-09-08T08:42:09
BBD,SUCCESS,saved,2025-09-08T08:42:10
BBAR,SUCCESS,saved,2025-09-08T08:42:11
BBDC,SUCCESS,saved,2025-09-08T08:42:12
BBIO,SUCCESS,saved,2025-09-08T08:42:13
BBDO,SUCCESS,saved,2025-09-08T08:42:13
BBN,SUCCESS,saved,2025-09-08T08:42:14
BBGI,SUCCESS,saved,2025-09-08T08:42:15
BBLG,SUCCESS,saved,2025-09-08T08:42:16
BBNX,SUCCESS,saved,2025-09-08T08:42:17
BBSI,SUCCESS,saved,2025-09-08T08:42:18
BBU,SUCCESS,saved,2025-09-08T08:42:19
BBUC,SUCCESS,saved,2025-09-08T08:42:20
BBVA,SUCCESS,saved,2025-09-08T08:42:21
BBW,SUCCESS,saved,2025-09-08T08:42:22
BC,SUCCESS,saved,2025-09-08T08:42:22
BBWI,SUCCESS,saved,2025-09-08T08:42:23
BBY,SUCCESS,saved,2025-09-08T08:42:24
BCAT,SUCCESS,saved,2025-09-08T08:42:25
BCAB,SUCCESS,saved,2025-09-08T08:42:26
BCAL,SUCCESS,saved,2025-09-08T08:42:27
BCBP,SUCCESS,saved,2025-09-08T08:42:28
BCAX,SUCCESS,saved,2025-09-08T08:42:29
BCDA,SUCCESS,saved,2025-09-08T08:42:30
BCE,SUCCESS,saved,2025-09-08T08:42:30
BCG,SUCCESS,saved,2025-09-08T08:42:31
BCC,SUCCESS,saved,2025-09-08T08:42:32
BCML,SUCCESS,saved,2025-09-08T08:42:33
BCH,SUCCESS,saved,2025-09-08T08:42:34
BCLI,SUCCESS,saved,2025-09-08T08:42:35
BCPC,SUCCESS,saved,2025-09-08T08:42:36
BCO,SUCCESS,saved,2025-09-08T08:42:37
BCS,SUCCESS,saved,2025-09-08T08:42:38
BCSF,SUCCESS,saved,2025-09-08T08:42:38
BCTX,SUCCESS,saved,2025-09-08T08:42:39
BCV,SUCCESS,saved,2025-09-08T08:42:40
BCX,SUCCESS,saved,2025-09-08T08:42:41
BCYC,SUCCESS,saved,2025-09-08T08:42:43
BDC,SUCCESS,saved,2025-09-08T08:42:44
BDCZ,SUCCESS,saved,2025-09-08T08:42:45
BDCX,SUCCESS,saved,2025-09-08T08:42:46
BDJ,SUCCESS,saved,2025-09-08T08:42:47
BDL,SUCCESS,saved,2025-09-08T08:42:47
BDMD,SUCCESS,saved,2025-09-08T08:42:48
BDN,SUCCESS,saved,2025-09-08T08:42:49
BDSX,SUCCESS,saved,2025-09-08T08:42:50
BDRX,SUCCESS,saved,2025-09-08T08:42:51
BE,SUCCESS,saved,2025-09-08T08:42:52
BEAG,SUCCESS,saved,2025-09-08T08:42:53
BDTX,SUCCESS,saved,2025-09-08T08:42:54
BDX,SUCCESS,saved,2025-09-08T08:42:55
BEAGU,SUCCESS,saved,2025-09-08T08:42:56
BEAM,SUCCESS,saved,2025-09-08T08:42:56
BEAT,SUCCESS,saved,2025-09-08T08:42:57
BEEM,SUCCESS,saved,2025-09-08T08:42:58
BEDU,SUCCESS,saved,2025-09-08T08:42:59
BEEP,SUCCESS,saved,2025-09-08T08:43:00
BEKE,SUCCESS,saved,2025-09-08T08:43:01
BELFB,SUCCESS,saved,2025-09-08T08:43:02
BELFA,SUCCESS,saved,2025-09-08T08:43:03
BEN,SUCCESS,saved,2025-09-08T08:43:04
BENF,SUCCESS,saved,2025-09-08T08:43:04
BEPC,SUCCESS,saved,2025-09-08T08:43:05
BEP,SUCCESS,saved,2025-09-08T08:43:06
BEPH,SUCCESS,saved,2025-09-08T08:43:07
BETR,SUCCESS,saved,2025-09-08T08:43:08
BERZ,SUCCESS,saved,2025-09-08T08:43:09
BEPI,SUCCESS,saved,2025-09-08T08:43:10
BEPJ,SUCCESS,saved,2025-09-08T08:43:11
BFAM,SUCCESS,saved,2025-09-08T08:43:12
BFIN,SUCCESS,saved,2025-09-08T08:43:13
BFC,SUCCESS,saved,2025-09-08T08:43:14
BFH,SUCCESS,saved,2025-09-08T08:43:15
BFK,SUCCESS,saved,2025-09-08T08:43:15
BFLY,SUCCESS,saved,2025-09-08T08:43:16
BFRI,SUCCESS,saved,2025-09-08T08:43:17
BFRG,SUCCESS,saved,2025-09-08T08:43:18
BFST,SUCCESS,saved,2025-09-08T08:43:19
BFS,SUCCESS,saved,2025-09-08T08:43:20
BFZ,SUCCESS,saved,2025-09-08T08:43:21
BG,SUCCESS,saved,2025-09-08T08:43:22
BGC,SUCCESS,saved,2025-09-08T08:43:22
BGFV,SUCCESS,saved,2025-09-08T08:43:23
BGB,SUCCESS,saved,2025-09-08T08:43:24
BGH,SUCCESS,saved,2025-09-08T08:43:25
BGI,SUCCESS,saved,2025-09-08T08:43:26
BGLC,SUCCESS,saved,2025-09-08T08:43:27
BGM,SUCCESS,saved,2025-09-08T08:43:28
BGR,SUCCESS,saved,2025-09-08T08:43:29
BGS,SUCCESS,saved,2025-09-08T08:43:30
BGSF,SUCCESS,saved,2025-09-08T08:43:30
BGX,SUCCESS,saved,2025-09-08T08:43:31
BGT,SUCCESS,saved,2025-09-08T08:43:32
BHAT,SUCCESS,saved,2025-09-08T08:43:33
BH,SUCCESS,saved,2025-09-08T08:43:34
BGY,SUCCESS,saved,2025-09-08T08:43:35
BHB,SUCCESS,saved,2025-09-08T08:43:36
BHC,SUCCESS,saved,2025-09-08T08:43:37
BHE,SUCCESS,saved,2025-09-08T08:43:38
BHFAL,SUCCESS,saved,2025-09-08T08:43:38
BHF,SUCCESS,saved,2025-09-08T08:43:39
BHFAO,SUCCESS,saved,2025-09-08T08:43:40
BHFAN,SUCCESS,saved,2025-09-08T08:43:41
BHFAM,SUCCESS,saved,2025-09-08T08:43:42
BHK,SUCCESS,saved,2025-09-08T08:43:43
BHFAP,SUCCESS,saved,2025-09-08T08:43:44
BHM,SUCCESS,saved,2025-09-08T08:43:45
BHP,SUCCESS,saved,2025-09-08T08:43:46
BHLB,SUCCESS,saved,2025-09-08T08:43:47
BHRB,SUCCESS,saved,2025-09-08T08:43:48
BHST,SUCCESS,saved,2025-09-08T08:43:49
BHR,SUCCESS,saved,2025-09-08T08:43:50
BIAF,SUCCESS,saved,2025-09-08T08:43:51
BHVN,SUCCESS,saved,2025-09-08T08:43:51
BHV,SUCCESS,saved,2025-09-08T08:43:52
BIGC,SUCCESS,saved,2025-09-08T08:43:53
BIDU,SUCCESS,saved,2025-09-08T08:43:54
BILI,SUCCESS,saved,2025-09-08T08:43:55
BILL,SUCCESS,saved,2025-09-08T08:43:56
BIIB,SUCCESS,saved,2025-09-08T08:43:57
BIP,SUCCESS,saved,2025-09-08T08:43:58
BIOA,SUCCESS,saved,2025-09-08T08:43:58
BIOX,SUCCESS,saved,2025-09-08T08:43:59
BIPH,SUCCESS,saved,2025-09-08T08:44:00
BIPC,SUCCESS,saved,2025-09-08T08:44:01
BIPJ,SUCCESS,saved,2025-09-08T08:44:03
BIRD,SUCCESS,saved,2025-09-08T08:44:04
BIRK,SUCCESS,saved,2025-09-08T08:44:05
BIPI,SUCCESS,saved,2025-09-08T08:44:06
BIVI,SUCCESS,saved,2025-09-08T08:44:06
BIT,SUCCESS,saved,2025-09-08T08:44:07
BJ,SUCCESS,saved,2025-09-08T08:44:08
BITF,SUCCESS,saved,2025-09-08T08:44:09
BIYA,SUCCESS,saved,2025-09-08T08:44:10
BJRI,SUCCESS,saved,2025-09-08T08:44:11
BK,SUCCESS,saved,2025-09-08T08:44:12
BJDX,SUCCESS,saved,2025-09-08T08:44:13
BKD,SUCCESS,saved,2025-09-08T08:44:14
BKE,SUCCESS,saved,2025-09-08T08:44:15
BKHA,SUCCESS,saved,2025-09-08T08:44:16
BKH,SUCCESS,saved,2025-09-08T08:44:17
BKKT,SUCCESS,saved,2025-09-08T08:44:18
BKHAU,SUCCESS,saved,2025-09-08T08:44:18
BKN,SUCCESS,saved,2025-09-08T08:44:19
BKSY,SUCCESS,saved,2025-09-08T08:44:20
BKNG,SUCCESS,saved,2025-09-08T08:44:21
BKT,SUCCESS,saved,2025-09-08T08:44:22
BKTI,SUCCESS,saved,2025-09-08T08:44:23
BKR,SUCCESS,saved,2025-09-08T08:44:24
BKYI,SUCCESS,saved,2025-09-08T08:44:25
BKU,SUCCESS,saved,2025-09-08T08:44:26
BKV,SUCCESS,saved,2025-09-08T08:44:27
BLBD,SUCCESS,saved,2025-09-08T08:44:27
BL,SUCCESS,saved,2025-09-08T08:44:28
BLCO,SUCCESS,saved,2025-09-08T08:44:29
BLD,SUCCESS,saved,2025-09-08T08:44:30
BLBX,SUCCESS,saved,2025-09-08T08:44:31
BLDE,SUCCESS,saved,2025-09-08T08:44:32
BLDP,SUCCESS,saved,2025-09-08T08:44:33
BLDR,SUCCESS,saved,2025-09-08T08:44:34
BLFS,SUCCESS,saved,2025-09-08T08:44:35
BLE,SUCCESS,saved,2025-09-08T08:44:36
BLIN,SUCCESS,saved,2025-09-08T08:44:36
BLIV,SUCCESS,saved,2025-09-08T08:44:37
BLFY,SUCCESS,saved,2025-09-08T08:44:39
BLK,SUCCESS,saved,2025-09-08T08:44:40
BLMZ,SUCCESS,saved,2025-09-08T08:44:41
BLKB,SUCCESS,saved,2025-09-08T08:44:42
BLMN,SUCCESS,saved,2025-09-08T08:44:43
BLND,SUCCESS,saved,2025-09-08T08:44:44
BLNE,SUCCESS,saved,2025-09-08T08:44:45
BLRX,SUCCESS,saved,2025-09-08T08:44:46
BLNK,SUCCESS,saved,2025-09-08T08:44:47
BLTE,SUCCESS,saved,2025-09-08T08:44:48
BLW,SUCCESS,saved,2025-09-08T08:44:49
BLZE,SUCCESS,saved,2025-09-08T08:44:50
BMA,SUCCESS,saved,2025-09-08T08:44:50
BLX,SUCCESS,saved,2025-09-08T08:44:51
BLUE,NO_DATA,BLUE: No stock data available.,2025-09-08T08:44:51
BMBL,SUCCESS,saved,2025-09-08T08:44:52
BMEA,SUCCESS,saved,2025-09-08T08:44:53
BMEZ,SUCCESS,saved,2025-09-08T08:44:54
BME,SUCCESS,saved,2025-09-08T08:44:55
BMGL,SUCCESS,saved,2025-09-08T08:44:57
BMI,SUCCESS,saved,2025-09-08T08:44:57
BMO,SUCCESS,saved,2025-09-08T08:44:58
BMN,SUCCESS,saved,2025-09-08T08:44:59
BMR,SUCCESS,saved,2025-09-08T08:45:00
BMRN,SUCCESS,saved,2025-09-08T08:45:01
BMRA,SUCCESS,saved,2025-09-08T08:45:02
BMRC,SUCCESS,saved,2025-09-08T08:45:03
BMY,SUCCESS,saved,2025-09-08T08:45:04
BN,SUCCESS,saved,2025-09-08T08:45:05
BNED,SUCCESS,saved,2025-09-08T08:45:06
BNAI,SUCCESS,saved,2025-09-08T08:45:07
BNGO,SUCCESS,saved,2025-09-08T08:45:08
BNH,SUCCESS,saved,2025-09-08T08:45:08
BNL,SUCCESS,saved,2025-09-08T08:45:09
BNJ,SUCCESS,saved,2025-09-08T08:45:10
BNR,SUCCESS,saved,2025-09-08T08:45:11
BNRG,SUCCESS,saved,2025-09-08T08:45:12
BNT,SUCCESS,saved,2025-09-08T08:45:13
BNS,SUCCESS,saved,2025-09-08T08:45:14
BNTX,SUCCESS,saved,2025-09-08T08:45:15
BNTC,SUCCESS,saved,2025-09-08T08:45:16
BNY,SUCCESS,saved,2025-09-08T08:45:17
BNZI,SUCCESS,saved,2025-09-08T08:45:17
BOC,SUCCESS,saved,2025-09-08T08:45:18
BODI,SUCCESS,saved,2025-09-08T08:45:19
BOF,SUCCESS,saved,2025-09-08T08:45:20
BOE,SUCCESS,saved,2025-09-08T08:45:21
BOKF,SUCCESS,saved,2025-09-08T08:45:22
BOLD,SUCCESS,saved,2025-09-08T08:45:23
BOLT,SUCCESS,saved,2025-09-08T08:45:24
BOOM,SUCCESS,saved,2025-09-08T08:45:24
BON,SUCCESS,saved,2025-09-08T08:45:25
BOOT,SUCCESS,saved,2025-09-08T08:45:26
BOSC,SUCCESS,saved,2025-09-08T08:45:27
BORR,SUCCESS,saved,2025-09-08T08:45:28
BOTJ,SUCCESS,saved,2025-09-08T08:45:29
BOW,SUCCESS,saved,2025-09-08T08:45:30
BOWN,SUCCESS,saved,2025-09-08T08:45:31
BOXL,SUCCESS,saved,2025-09-08T08:45:32
BOX,SUCCESS,saved,2025-09-08T08:45:33
BOWNU,SUCCESS,saved,2025-09-08T08:45:33
BP,SUCCESS,saved,2025-09-08T08:45:34
BPMC,SUCCESS,saved,2025-09-08T08:45:35
BPOP,SUCCESS,saved,2025-09-08T08:45:36
BPOPM,SUCCESS,saved,2025-09-08T08:45:37
BPRN,SUCCESS,saved,2025-09-08T08:45:38
BPYPM,SUCCESS,saved,2025-09-08T08:45:39
BPYPN,SUCCESS,saved,2025-09-08T08:45:40
BPYPO,SUCCESS,saved,2025-09-08T08:45:41
BPYPP,SUCCESS,saved,2025-09-08T08:45:41
BPT,NO_DATA,BPT: No stock data available.,2025-09-08T08:45:41
BQ,SUCCESS,saved,2025-09-08T08:45:42
BR,SUCCESS,saved,2025-09-08T08:45:43
BRAG,SUCCESS,saved,2025-09-08T08:45:44
BRBS,SUCCESS,saved,2025-09-08T08:45:45
BRBR,SUCCESS,saved,2025-09-08T08:45:46
BRC,SUCCESS,saved,2025-09-08T08:45:47
BRCC,SUCCESS,saved,2025-09-08T08:45:49
BREA,SUCCESS,saved,2025-09-08T08:45:50
BRFH,SUCCESS,saved,2025-09-08T08:45:51
BRFS,SUCCESS,saved,2025-09-08T08:45:51
BRDG,SUCCESS,saved,2025-09-08T08:45:52
BRIA,SUCCESS,saved,2025-09-08T08:45:53
BRID,SUCCESS,saved,2025-09-08T08:45:54
BRLS,SUCCESS,saved,2025-09-08T08:45:55
BRKL,SUCCESS,saved,2025-09-08T08:45:56
BRKR,SUCCESS,saved,2025-09-08T08:45:57
BRLT,SUCCESS,saved,2025-09-08T08:45:58
BRN,SUCCESS,saved,2025-09-08T08:45:59
BRNS,SUCCESS,saved,2025-09-08T08:45:59
BRO,SUCCESS,saved,2025-09-08T08:46:00
BROS,SUCCESS,saved,2025-09-08T08:46:01
BRSP,SUCCESS,saved,2025-09-08T08:46:02
BROG,NO_DATA,BROG: No stock data available.,2025-09-08T08:46:02
BRTX,SUCCESS,saved,2025-09-08T08:46:03
BRT,SUCCESS,saved,2025-09-08T08:46:04
BRW,SUCCESS,saved,2025-09-08T08:46:05
BRX,SUCCESS,saved,2025-09-08T08:46:06
BRZE,SUCCESS,saved,2025-09-08T08:46:07
BRY,SUCCESS,saved,2025-09-08T08:46:08
BSBK,SUCCESS,saved,2025-09-08T08:46:08
BSAC,SUCCESS,saved,2025-09-08T08:46:09
BSBR,SUCCESS,saved,2025-09-08T08:46:10
BSET,SUCCESS,saved,2025-09-08T08:46:11
BSGM,SUCCESS,saved,2025-09-08T08:46:12
BSLK,SUCCESS,saved,2025-09-08T08:46:13
BSL,SUCCESS,saved,2025-09-08T08:46:14
BSII,NO_DATA,BSII: No stock data available.,2025-09-08T08:46:14
BSIIU,NO_DATA,BSIIU: No stock data available.,2025-09-08T08:46:14
BSM,SUCCESS,saved,2025-09-08T08:46:15
BSRR,SUCCESS,saved,2025-09-08T08:46:16
BST,SUCCESS,saved,2025-09-08T08:46:16
BSVN,SUCCESS,saved,2025-09-08T08:46:17
BSTZ,SUCCESS,saved,2025-09-08T08:46:18
BSX,SUCCESS,saved,2025-09-08T08:46:19
BTA,SUCCESS,saved,2025-09-08T08:46:20
BTBD,SUCCESS,saved,2025-09-08T08:46:21
BSY,SUCCESS,saved,2025-09-08T08:46:22
BTAI,SUCCESS,saved,2025-09-08T08:46:23
BTBT,SUCCESS,saved,2025-09-08T08:46:23
BTCM,SUCCESS,saved,2025-09-08T08:46:24
BTCS,SUCCESS,saved,2025-09-08T08:46:25
BTCT,SUCCESS,saved,2025-09-08T08:46:26
BTDR,SUCCESS,saved,2025-09-08T08:46:27
BTG,SUCCESS,saved,2025-09-08T08:46:28
BTE,SUCCESS,saved,2025-09-08T08:46:29
BTI,SUCCESS,saved,2025-09-08T08:46:30
BTM,SUCCESS,saved,2025-09-08T08:46:30
BTMD,SUCCESS,saved,2025-09-08T08:46:31
BTO,SUCCESS,saved,2025-09-08T08:46:32
BTOC,SUCCESS,saved,2025-09-08T08:46:33
BTOG,SUCCESS,saved,2025-09-08T08:46:34
BTSG,SUCCESS,saved,2025-09-08T08:46:35
BTSGU,SUCCESS,saved,2025-09-08T08:46:36
BTX,SUCCESS,saved,2025-09-08T08:46:37
BTU,SUCCESS,saved,2025-09-08T08:46:38
BTT,SUCCESS,saved,2025-09-08T08:46:39
BUI,SUCCESS,saved,2025-09-08T08:46:40
BUD,SUCCESS,saved,2025-09-08T08:46:41
BTZ,SUCCESS,saved,2025-09-08T08:46:42
BULL,SUCCESS,saved,2025-09-08T08:46:42
BULZ,SUCCESS,saved,2025-09-08T08:46:43
BURL,SUCCESS,saved,2025-09-08T08:46:44
BURU,SUCCESS,saved,2025-09-08T08:46:45
BUSE,SUCCESS,saved,2025-09-08T08:46:46
BV,SUCCESS,saved,2025-09-08T08:46:47
BVN,SUCCESS,saved,2025-09-08T08:46:48
BVFL,SUCCESS,saved,2025-09-08T08:46:49
BVS,SUCCESS,saved,2025-09-08T08:46:50
BWA,SUCCESS,saved,2025-09-08T08:46:51
BW,SUCCESS,saved,2025-09-08T08:46:52
BWB,SUCCESS,saved,2025-09-08T08:46:52
BWAY,SUCCESS,saved,2025-09-08T08:46:53
BWBBP,SUCCESS,saved,2025-09-08T08:46:54
BWEN,SUCCESS,saved,2025-09-08T08:46:55
BWFG,SUCCESS,saved,2025-09-08T08:46:56
BWIN,SUCCESS,saved,2025-09-08T08:46:57
BWLP,SUCCESS,saved,2025-09-08T08:46:58
BWG,SUCCESS,saved,2025-09-08T08:46:59
BWMX,SUCCESS,saved,2025-09-08T08:47:00
BWMN,SUCCESS,saved,2025-09-08T08:47:00
BWSN,SUCCESS,saved,2025-09-08T08:47:01
BWNB,SUCCESS,saved,2025-09-08T08:47:02
BWXT,SUCCESS,saved,2025-09-08T08:47:03
BXC,SUCCESS,saved,2025-09-08T08:47:04
BX,SUCCESS,saved,2025-09-08T08:47:05
BXMT,SUCCESS,saved,2025-09-08T08:47:06
BXMX,SUCCESS,saved,2025-09-08T08:47:07
BXSL,SUCCESS,saved,2025-09-08T08:47:07
BXP,SUCCESS,saved,2025-09-08T08:47:08
BY,SUCCESS,saved,2025-09-08T08:47:09
BYD,SUCCESS,saved,2025-09-08T08:47:10
BYFC,SUCCESS,saved,2025-09-08T08:47:11
BYM,SUCCESS,saved,2025-09-08T08:47:12
BYON,SUCCESS,saved,2025-09-08T08:47:13
BYND,SUCCESS,saved,2025-09-08T08:47:14
BYRN,SUCCESS,saved,2025-09-08T08:47:15
BZFD,SUCCESS,saved,2025-09-08T08:47:16
BYSI,SUCCESS,saved,2025-09-08T08:47:16
BZ,SUCCESS,saved,2025-09-08T08:47:17
BZAI,SUCCESS,saved,2025-09-08T08:47:18
BZH,SUCCESS,saved,2025-09-08T08:47:19
BZUN,SUCCESS,saved,2025-09-08T08:47:20
C,SUCCESS,saved,2025-09-08T08:47:21
CAAP,SUCCESS,saved,2025-09-08T08:47:22
CAAS,SUCCESS,saved,2025-09-08T08:47:23
CABA,SUCCESS,saved,2025-09-08T08:47:24
CAC,SUCCESS,saved,2025-09-08T08:47:25
CACC,SUCCESS,saved,2025-09-08T08:47:26
CABO,SUCCESS,saved,2025-09-08T08:47:26
CADE,SUCCESS,saved,2025-09-08T08:47:27
CACI,SUCCESS,saved,2025-09-08T08:47:28
CADL,SUCCESS,saved,2025-09-08T08:47:30
CAE,SUCCESS,saved,2025-09-08T08:47:31
CAF,SUCCESS,saved,2025-09-08T08:47:32
CAG,SUCCESS,saved,2025-09-08T08:47:33
CAKE,SUCCESS,saved,2025-09-08T08:47:34
CAH,SUCCESS,saved,2025-09-08T08:47:35
CALC,SUCCESS,saved,2025-09-08T08:47:36
CALM,SUCCESS,saved,2025-09-08T08:47:37
CAL,SUCCESS,saved,2025-09-08T08:47:37
CALX,SUCCESS,saved,2025-09-08T08:47:38
CAMP,SUCCESS,saved,2025-09-08T08:47:39
CANF,SUCCESS,saved,2025-09-08T08:47:40
CAMT,SUCCESS,saved,2025-09-08T08:47:41
CANG,SUCCESS,saved,2025-09-08T08:47:42
CAN,SUCCESS,saved,2025-09-08T08:47:43
CAPL,SUCCESS,saved,2025-09-08T08:47:44
CAPNU,SUCCESS,saved,2025-09-08T08:47:45
CAPR,SUCCESS,saved,2025-09-08T08:47:45
CAPN,SUCCESS,saved,2025-09-08T08:47:46
CAPT,SUCCESS,saved,2025-09-08T08:47:47
CAPS,SUCCESS,saved,2025-09-08T08:47:48
CAR,SUCCESS,saved,2025-09-08T08:47:49
CARE,SUCCESS,saved,2025-09-08T08:47:50
CARG,SUCCESS,saved,2025-09-08T08:47:51
CARM,SUCCESS,saved,2025-09-08T08:47:52
CARS,SUCCESS,saved,2025-09-08T08:47:53
CARR,SUCCESS,saved,2025-09-08T08:47:54
CART,SUCCESS,saved,2025-09-08T08:47:54
CASH,SUCCESS,saved,2025-09-08T08:47:55
CARV,SUCCESS,saved,2025-09-08T08:47:56
CASK,SUCCESS,saved,2025-09-08T08:47:57
CASI,SUCCESS,saved,2025-09-08T08:47:58
CASS,SUCCESS,saved,2025-09-08T08:47:59
CASY,SUCCESS,saved,2025-09-08T08:48:00
CATX,SUCCESS,saved,2025-09-08T08:48:01
CAT,SUCCESS,saved,2025-09-08T08:48:02
CATO,SUCCESS,saved,2025-09-08T08:48:02
CAVA,SUCCESS,saved,2025-09-08T08:48:03
CATY,SUCCESS,saved,2025-09-08T08:48:04
CB,SUCCESS,saved,2025-09-08T08:48:05
CBAN,SUCCESS,saved,2025-09-08T08:48:06
CBAT,SUCCESS,saved,2025-09-08T08:48:07
CBFV,SUCCESS,saved,2025-09-08T08:48:08
CBNA,SUCCESS,saved,2025-09-08T08:48:09
CBL,SUCCESS,saved,2025-09-08T08:48:10
CBNK,SUCCESS,saved,2025-09-08T08:48:10
CBLL,SUCCESS,saved,2025-09-08T08:48:11
CBRL,SUCCESS,saved,2025-09-08T08:48:12
CBT,SUCCESS,saved,2025-09-08T08:48:13
CBRE,SUCCESS,saved,2025-09-08T08:48:14
CBSH,SUCCESS,saved,2025-09-08T08:48:15
CBU,SUCCESS,saved,2025-09-08T08:48:16
CBUS,SUCCESS,saved,2025-09-08T08:48:17
CBZ,SUCCESS,saved,2025-09-08T08:48:18
CC,SUCCESS,saved,2025-09-08T08:48:19
CCAP,SUCCESS,saved,2025-09-08T08:48:19
CCBG,SUCCESS,saved,2025-09-08T08:48:20
CCB,SUCCESS,saved,2025-09-08T08:48:21
CCCC,SUCCESS,saved,2025-09-08T08:48:22
CCCXU,SUCCESS,saved,2025-09-08T08:48:23
CCCS,SUCCESS,saved,2025-09-08T08:48:24
CCCMU,SUCCESS,saved,2025-09-08T08:48:25
CCEC,SUCCESS,saved,2025-09-08T08:48:26
CCD,SUCCESS,saved,2025-09-08T08:48:27
CCEL,SUCCESS,saved,2025-09-08T08:48:28
CCG,SUCCESS,saved,2025-09-08T08:48:28
CCEP,SUCCESS,saved,2025-09-08T08:48:29
CCI,SUCCESS,saved,2025-09-08T08:48:30
CCIF,SUCCESS,saved,2025-09-08T08:48:31
CCIA,SUCCESS,saved,2025-09-08T08:48:32
CCIR,SUCCESS,saved,2025-09-08T08:48:33
CCIX,SUCCESS,saved,2025-09-08T08:48:34
CCJ,SUCCESS,saved,2025-09-08T08:48:35
CCIXU,SUCCESS,saved,2025-09-08T08:48:36
CCIRU,SUCCESS,saved,2025-09-08T08:48:36
CCK,SUCCESS,saved,2025-09-08T08:48:37
CCLDO,SUCCESS,saved,2025-09-08T08:48:38
CCL,SUCCESS,saved,2025-09-08T08:48:39
CCNE,SUCCESS,saved,2025-09-08T08:48:40
CCLD,SUCCESS,saved,2025-09-08T08:48:41
CCM,SUCCESS,saved,2025-09-08T08:48:42
CCO,SUCCESS,saved,2025-09-08T08:48:43
CCNEP,SUCCESS,saved,2025-09-08T08:48:43
CCOI,SUCCESS,saved,2025-09-08T08:48:44
CCRN,SUCCESS,saved,2025-09-08T08:48:45
CCRD,SUCCESS,saved,2025-09-08T08:48:47
CCS,SUCCESS,saved,2025-09-08T08:48:48
CCSI,SUCCESS,saved,2025-09-08T08:48:49
CCU,SUCCESS,saved,2025-09-08T08:48:50
CCZ,SUCCESS,saved,2025-09-08T08:48:50
CCTG,SUCCESS,saved,2025-09-08T08:48:52
CDLR,SUCCESS,saved,2025-09-08T08:48:52
CDE,SUCCESS,saved,2025-09-08T08:48:53
CDIO,SUCCESS,saved,2025-09-08T08:48:54
CDNA,SUCCESS,saved,2025-09-08T08:48:55
CDLX,SUCCESS,saved,2025-09-08T08:48:56
CDP,SUCCESS,saved,2025-09-08T08:48:57
CDNS,SUCCESS,saved,2025-09-08T08:48:58
CDRE,SUCCESS,saved,2025-09-08T08:48:59
CDRO,SUCCESS,saved,2025-09-08T08:49:00
CDT,SUCCESS,saved,2025-09-08T08:49:00
CDTG,SUCCESS,saved,2025-09-08T08:49:01
CDTX,SUCCESS,saved,2025-09-08T08:49:02
CDXS,SUCCESS,saved,2025-09-08T08:49:03
CDW,SUCCESS,saved,2025-09-08T08:49:04
CDZI,SUCCESS,saved,2025-09-08T08:49:05
CDZIP,SUCCESS,saved,2025-09-08T08:49:06
CE,SUCCESS,saved,2025-09-08T08:49:07
CEE,SUCCESS,saved,2025-09-08T08:49:08
CEF,SUCCESS,saved,2025-09-08T08:49:08
CECO,SUCCESS,saved,2025-09-08T08:49:09
CEAD,NO_DATA,CEAD: No stock data available.,2025-09-08T08:49:09
CEFD,SUCCESS,saved,2025-09-08T08:49:10
CEG,SUCCESS,saved,2025-09-08T08:49:11
CELC,SUCCESS,saved,2025-09-08T08:49:12
CELH,SUCCESS,saved,2025-09-08T08:49:13
CELU,SUCCESS,saved,2025-09-08T08:49:14
CELZ,SUCCESS,saved,2025-09-08T08:49:15
CENN,SUCCESS,saved,2025-09-08T08:49:16
CENTA,SUCCESS,saved,2025-09-08T08:49:17
CENT,SUCCESS,saved,2025-09-08T08:49:18
CENX,SUCCESS,saved,2025-09-08T08:49:19
CEP,SUCCESS,saved,2025-09-08T08:49:19
CERO,SUCCESS,saved,2025-09-08T08:49:20
CEPO,SUCCESS,saved,2025-09-08T08:49:21
CERS,SUCCESS,saved,2025-09-08T08:49:22
CEPT,SUCCESS,saved,2025-09-08T08:49:23
CEPU,SUCCESS,saved,2025-09-08T08:49:24
CET,SUCCESS,saved,2025-09-08T08:49:25
CERT,SUCCESS,saved,2025-09-08T08:49:26
CETY,SUCCESS,saved,2025-09-08T08:49:27
CETX,SUCCESS,saved,2025-09-08T08:49:27
CEV,SUCCESS,saved,2025-09-08T08:49:28
CEVA,SUCCESS,saved,2025-09-08T08:49:29
CF,SUCCESS,saved,2025-09-08T08:49:30
CFFI,SUCCESS,saved,2025-09-08T08:49:31
CFBK,SUCCESS,saved,2025-09-08T08:49:32
CFG,SUCCESS,saved,2025-09-08T08:49:33
CG,SUCCESS,saved,2025-09-08T08:49:34
CFFN,SUCCESS,saved,2025-09-08T08:49:35
CFLT,SUCCESS,saved,2025-09-08T08:49:35
CFR,SUCCESS,saved,2025-09-08T08:49:36
CGBD,SUCCESS,saved,2025-09-08T08:49:37
CGABL,SUCCESS,saved,2025-09-08T08:49:38
CGBDL,SUCCESS,saved,2025-09-08T08:49:39
CGAU,SUCCESS,saved,2025-09-08T08:49:40
CGBS,SUCCESS,saved,2025-09-08T08:49:41
CGCTU,SUCCESS,saved,2025-09-08T08:49:42
CGC,SUCCESS,saved,2025-09-08T08:49:43
CGEM,SUCCESS,saved,2025-09-08T08:49:44
CGEN,SUCCESS,saved,2025-09-08T08:49:45
CGNX,SUCCESS,saved,2025-09-08T08:49:45
CGNT,SUCCESS,saved,2025-09-08T08:49:46
CGON,SUCCESS,saved,2025-09-08T08:49:47
CGO,SUCCESS,saved,2025-09-08T08:49:48
CGTL,SUCCESS,saved,2025-09-08T08:49:49
CGTX,SUCCESS,saved,2025-09-08T08:49:50
CHA,SUCCESS,saved,2025-09-08T08:49:51
CHACU,SUCCESS,saved,2025-09-08T08:49:52
CHAC,SUCCESS,saved,2025-09-08T08:49:53
CHAR,SUCCESS,saved,2025-09-08T08:49:53
CHARU,SUCCESS,saved,2025-09-08T08:49:54
CHCO,SUCCESS,saved,2025-09-08T08:49:55
CHCI,SUCCESS,saved,2025-09-08T08:49:56
CHCT,SUCCESS,saved,2025-09-08T08:49:57
CHD,SUCCESS,saved,2025-09-08T08:49:58
CHDN,SUCCESS,saved,2025-09-08T08:49:59
CHE,SUCCESS,saved,2025-09-08T08:50:00
CHEF,SUCCESS,saved,2025-09-08T08:50:01
CHEB,SUCCESS,saved,2025-09-08T08:50:02
CHEK,SUCCESS,saved,2025-09-08T08:50:03
CHGG,SUCCESS,saved,2025-09-08T08:50:04
CHH,SUCCESS,saved,2025-09-08T08:50:05
CHI,SUCCESS,saved,2025-09-08T08:50:06
CHKP,SUCCESS,saved,2025-09-08T08:50:06
CHMG,SUCCESS,saved,2025-09-08T08:50:07
CHMI,SUCCESS,saved,2025-09-08T08:50:09
CHN,SUCCESS,saved,2025-09-08T08:50:10
CHNR,SUCCESS,saved,2025-09-08T08:50:11
CHPT,SUCCESS,saved,2025-09-08T08:50:12
CHR,SUCCESS,saved,2025-09-08T08:50:13
CHRD,SUCCESS,saved,2025-09-08T08:50:14
CHRS,SUCCESS,saved,2025-09-08T08:50:15
CHSCL,SUCCESS,saved,2025-09-08T08:50:16
CHRW,SUCCESS,saved,2025-09-08T08:50:17
CHRO,NO_DATA,CHRO: No stock data available.,2025-09-08T08:50:17
CHSCM,SUCCESS,saved,2025-09-08T08:50:17
CHSCO,SUCCESS,saved,2025-09-08T08:50:18
CHSCP,SUCCESS,saved,2025-09-08T08:50:19
CHSCN,SUCCESS,saved,2025-09-08T08:50:20
CHSN,SUCCESS,saved,2025-09-08T08:50:21
CHT,SUCCESS,saved,2025-09-08T08:50:22
CHW,SUCCESS,saved,2025-09-08T08:50:23
CHTR,SUCCESS,saved,2025-09-08T08:50:24
CHWY,SUCCESS,saved,2025-09-08T08:50:25
CHY,SUCCESS,saved,2025-09-08T08:50:25
CHX,SUCCESS,saved,2025-09-08T08:50:26
CIA,SUCCESS,saved,2025-09-08T08:50:27
CI,SUCCESS,saved,2025-09-08T08:50:28
CICB,SUCCESS,saved,2025-09-08T08:50:29
CIB,SUCCESS,saved,2025-09-08T08:50:30
CIEN,SUCCESS,saved,2025-09-08T08:50:31
CIF,SUCCESS,saved,2025-09-08T08:50:32
CIFR,SUCCESS,saved,2025-09-08T08:50:32
CIGI,SUCCESS,saved,2025-09-08T08:50:33
CIG,SUCCESS,saved,2025-09-08T08:50:34
CII,SUCCESS,saved,2025-09-08T08:50:35
CIGL,SUCCESS,saved,2025-09-08T08:50:36
CIIT,SUCCESS,saved,2025-09-08T08:50:37
CIK,SUCCESS,saved,2025-09-08T08:50:38
CIM,SUCCESS,saved,2025-09-08T08:50:39
CIMN,SUCCESS,saved,2025-09-08T08:50:40
CIMO,SUCCESS,saved,2025-09-08T08:50:40
CINF,SUCCESS,saved,2025-09-08T08:50:41
CING,SUCCESS,saved,2025-09-08T08:50:43
CION,SUCCESS,saved,2025-09-08T08:50:44
CIO,SUCCESS,saved,2025-09-08T08:50:45
CINT,SUCCESS,saved,2025-09-08T08:50:46
CISO,SUCCESS,saved,2025-09-08T08:50:47
CISS,SUCCESS,saved,2025-09-08T08:50:48
CIX,SUCCESS,saved,2025-09-08T08:50:49
CIVB,SUCCESS,saved,2025-09-08T08:50:50
CIVI,SUCCESS,saved,2025-09-08T08:50:50
CJET,SUCCESS,saved,2025-09-08T08:50:51
CJMB,SUCCESS,saved,2025-09-08T08:50:53
CKX,SUCCESS,saved,2025-09-08T08:50:54
CLAR,SUCCESS,saved,2025-09-08T08:50:55
CL,SUCCESS,saved,2025-09-08T08:50:56
CKPT,NO_DATA,CKPT: No stock data available.,2025-09-08T08:50:56
CLBT,SUCCESS,saved,2025-09-08T08:50:57
CLB,SUCCESS,saved,2025-09-08T08:50:57
CLBK,SUCCESS,saved,2025-09-08T08:50:59
CLCO,SUCCESS,saved,2025-09-08T08:51:00
CLDI,SUCCESS,saved,2025-09-08T08:51:01
CLDT,SUCCESS,saved,2025-09-08T08:51:02
CLDX,SUCCESS,saved,2025-09-08T08:51:03
CLF,SUCCESS,saved,2025-09-08T08:51:04
CLFD,SUCCESS,saved,2025-09-08T08:51:04
CLEU,NO_DATA,CLEU: No stock data available.,2025-09-08T08:51:04
CLGN,SUCCESS,saved,2025-09-08T08:51:05
CLH,SUCCESS,saved,2025-09-08T08:51:06
CLIK,SUCCESS,saved,2025-09-08T08:51:07
CLIR,SUCCESS,saved,2025-09-08T08:51:08
CLMB,SUCCESS,saved,2025-09-08T08:51:09
CLLS,SUCCESS,saved,2025-09-08T08:51:10
CLM,SUCCESS,saved,2025-09-08T08:51:11
CLNE,SUCCESS,saved,2025-09-08T08:51:12
CLMT,SUCCESS,saved,2025-09-08T08:51:13
CLNN,SUCCESS,saved,2025-09-08T08:51:14
CLOV,SUCCESS,saved,2025-09-08T08:51:15
CLPS,SUCCESS,saved,2025-09-08T08:51:16
CLPR,SUCCESS,saved,2025-09-08T08:51:16
CLPT,SUCCESS,saved,2025-09-08T08:51:17
CLRB,SUCCESS,saved,2025-09-08T08:51:18
CLSD,SUCCESS,saved,2025-09-08T08:51:19
CLSK,SUCCESS,saved,2025-09-08T08:51:20
CLRO,SUCCESS,saved,2025-09-08T08:51:21
CLS,SUCCESS,saved,2025-09-08T08:51:22
CLST,SUCCESS,saved,2025-09-08T08:51:23
CLW,SUCCESS,saved,2025-09-08T08:51:24
CLWT,SUCCESS,saved,2025-09-08T08:51:25
CLVT,SUCCESS,saved,2025-09-08T08:51:26
CLX,SUCCESS,saved,2025-09-08T08:51:26
CLYM,SUCCESS,saved,2025-09-08T08:51:27
CM,SUCCESS,saved,2025-09-08T08:51:28
CMC,SUCCESS,saved,2025-09-08T08:51:29
CMA,SUCCESS,saved,2025-09-08T08:51:30
CMBT,SUCCESS,saved,2025-09-08T08:51:31
CMBM,SUCCESS,saved,2025-09-08T08:51:32
CMCL,SUCCESS,saved,2025-09-08T08:51:33
CMCO,SUCCESS,saved,2025-09-08T08:51:34
CMCSA,SUCCESS,saved,2025-09-08T08:51:35
CMCM,SUCCESS,saved,2025-09-08T08:51:35
CMCT,SUCCESS,saved,2025-09-08T08:51:36
CMDB,SUCCESS,saved,2025-09-08T08:51:37
CMG,SUCCESS,saved,2025-09-08T08:51:38
CMI,SUCCESS,saved,2025-09-08T08:51:39
CME,SUCCESS,saved,2025-09-08T08:51:40
CMP,SUCCESS,saved,2025-09-08T08:51:41
CMND,SUCCESS,saved,2025-09-08T08:51:42
CMMB,SUCCESS,saved,2025-09-08T08:51:43
CMPO,SUCCESS,saved,2025-09-08T08:51:44
CMPR,SUCCESS,saved,2025-09-08T08:51:44
CMPX,SUCCESS,saved,2025-09-08T08:51:45
CMPS,SUCCESS,saved,2025-09-08T08:51:46
CMS,SUCCESS,saved,2025-09-08T08:51:47
CMRE,SUCCESS,saved,2025-09-08T08:51:48
CMSA,SUCCESS,saved,2025-09-08T08:51:49
CMSD,SUCCESS,saved,2025-09-08T08:51:50
CMSC,SUCCESS,saved,2025-09-08T08:51:51
CMT,SUCCESS,saved,2025-09-08T08:51:52
CMTG,SUCCESS,saved,2025-09-08T08:51:53
CMTL,SUCCESS,saved,2025-09-08T08:51:54
CMU,SUCCESS,saved,2025-09-08T08:51:55
CNA,SUCCESS,saved,2025-09-08T08:51:56
CNCK,SUCCESS,saved,2025-09-08T08:51:56
CNC,SUCCESS,saved,2025-09-08T08:51:57
CNDT,SUCCESS,saved,2025-09-08T08:51:58
CNEY,SUCCESS,saved,2025-09-08T08:51:59
CNET,SUCCESS,saved,2025-09-08T08:52:00
CNF,SUCCESS,saved,2025-09-08T08:52:01
CNFR,SUCCESS,saved,2025-09-08T08:52:02
CNFRZ,SUCCESS,saved,2025-09-08T08:52:03
CNH,SUCCESS,saved,2025-09-08T08:52:03
CNI,SUCCESS,saved,2025-09-08T08:52:05
CNL,SUCCESS,saved,2025-09-08T08:52:05
CNK,SUCCESS,saved,2025-09-08T08:52:06
CNMD,SUCCESS,saved,2025-09-08T08:52:07
CNM,SUCCESS,saved,2025-09-08T08:52:08
CNNE,SUCCESS,saved,2025-09-08T08:52:09
CNOB,SUCCESS,saved,2025-09-08T08:52:10
CNO,SUCCESS,saved,2025-09-08T08:52:11
CNP,SUCCESS,saved,2025-09-08T08:52:12
CNOBP,SUCCESS,saved,2025-09-08T08:52:13
CNR,SUCCESS,saved,2025-09-08T08:52:13
CNQ,SUCCESS,saved,2025-09-08T08:52:15
CNS,SUCCESS,saved,2025-09-08T08:52:16
CNSP,SUCCESS,saved,2025-09-08T08:52:17
CNTA,SUCCESS,saved,2025-09-08T08:52:17
CNTB,SUCCESS,saved,2025-09-08T08:52:18
CNTX,SUCCESS,saved,2025-09-08T08:52:19
CNTY,SUCCESS,saved,2025-09-08T08:52:20
CNX,SUCCESS,saved,2025-09-08T08:52:21
CNXC,SUCCESS,saved,2025-09-08T08:52:22
CNXN,SUCCESS,saved,2025-09-08T08:52:23
COCH,SUCCESS,saved,2025-09-08T08:52:24
COCO,SUCCESS,saved,2025-09-08T08:52:25
COCP,SUCCESS,saved,2025-09-08T08:52:25
CODX,SUCCESS,saved,2025-09-08T08:52:27
CODI,SUCCESS,saved,2025-09-08T08:52:28
CODA,SUCCESS,saved,2025-09-08T08:52:29
COEP,SUCCESS,saved,2025-09-08T08:52:30
COE,SUCCESS,saved,2025-09-08T08:52:30
COF,SUCCESS,saved,2025-09-08T08:52:31
COFS,SUCCESS,saved,2025-09-08T08:52:32
COGT,SUCCESS,saved,2025-09-08T08:52:33
COHR,SUCCESS,saved,2025-09-08T08:52:34
COHN,SUCCESS,saved,2025-09-08T08:52:35
COHU,SUCCESS,saved,2025-09-08T08:52:36
COIN,SUCCESS,saved,2025-09-08T08:52:37
COLAU,SUCCESS,saved,2025-09-08T08:52:38
COKE,SUCCESS,saved,2025-09-08T08:52:38
COLA,SUCCESS,saved,2025-09-08T08:52:39
COLB,SUCCESS,saved,2025-09-08T08:52:40
COLD,SUCCESS,saved,2025-09-08T08:52:41
COLL,SUCCESS,saved,2025-09-08T08:52:42
COMM,SUCCESS,saved,2025-09-08T08:52:43
CON,SUCCESS,saved,2025-09-08T08:52:44
COLM,SUCCESS,saved,2025-09-08T08:52:45
COMP,SUCCESS,saved,2025-09-08T08:52:45
COO,SUCCESS,saved,2025-09-08T08:52:46
COOT,SUCCESS,saved,2025-09-08T08:52:47
COOK,SUCCESS,saved,2025-09-08T08:52:48
COOP,SUCCESS,saved,2025-09-08T08:52:49
COP,SUCCESS,saved,2025-09-08T08:52:50
COR,SUCCESS,saved,2025-09-08T08:52:51
CORZ,SUCCESS,saved,2025-09-08T08:52:52
CORT,SUCCESS,saved,2025-09-08T08:52:53
COSM,SUCCESS,saved,2025-09-08T08:52:54
CORZZ,SUCCESS,saved,2025-09-08T08:52:54
COST,SUCCESS,saved,2025-09-08T08:52:55
COUR,SUCCESS,saved,2025-09-08T08:52:56
COYA,SUCCESS,saved,2025-09-08T08:52:57
CP,SUCCESS,saved,2025-09-08T08:52:58
COTY,SUCCESS,saved,2025-09-08T08:52:59
CPA,SUCCESS,saved,2025-09-08T08:53:00
CPB,SUCCESS,saved,2025-09-08T08:53:02
CPAC,SUCCESS,saved,2025-09-08T08:53:03
CPBI,SUCCESS,saved,2025-09-08T08:53:04
CPAY,SUCCESS,saved,2025-09-08T08:53:05
CPF,SUCCESS,saved,2025-09-08T08:53:05
CPIX,SUCCESS,saved,2025-09-08T08:53:06
CPHC,SUCCESS,saved,2025-09-08T08:53:07
CPK,SUCCESS,saved,2025-09-08T08:53:08
CPHI,SUCCESS,saved,2025-09-08T08:53:09
CPNG,SUCCESS,saved,2025-09-08T08:53:10
CPRI,SUCCESS,saved,2025-09-08T08:53:11
CPRT,SUCCESS,saved,2025-09-08T08:53:12
CPRX,SUCCESS,saved,2025-09-08T08:53:13
CPOP,SUCCESS,saved,2025-09-08T08:53:13
CPSS,SUCCESS,saved,2025-09-08T08:53:14
CPS,SUCCESS,saved,2025-09-08T08:53:15
CPSH,SUCCESS,saved,2025-09-08T08:53:16
CPT,SUCCESS,saved,2025-09-08T08:53:17
CPZ,SUCCESS,saved,2025-09-08T08:53:18
CRACU,SUCCESS,saved,2025-09-08T08:53:19
CQP,SUCCESS,saved,2025-09-08T08:53:20
CR,SUCCESS,saved,2025-09-08T08:53:21
CRAI,SUCCESS,saved,2025-09-08T08:53:22
CRBD,SUCCESS,saved,2025-09-08T08:53:22
CRBP,SUCCESS,saved,2025-09-08T08:53:23
CRBG,SUCCESS,saved,2025-09-08T08:53:24
CRBU,SUCCESS,saved,2025-09-08T08:53:25
CRCT,SUCCESS,saved,2025-09-08T08:53:26
CRDF,SUCCESS,saved,2025-09-08T08:53:27
CRC,SUCCESS,saved,2025-09-08T08:53:28
CRDL,SUCCESS,saved,2025-09-08T08:53:29
CRDO,SUCCESS,saved,2025-09-08T08:53:30
CREG,SUCCESS,saved,2025-09-08T08:53:30
CRESY,SUCCESS,saved,2025-09-08T08:53:31
CREV,SUCCESS,saved,2025-09-08T08:53:32
CREX,SUCCESS,saved,2025-09-08T08:53:33
CRF,SUCCESS,saved,2025-09-08T08:53:34
CRGY,SUCCESS,saved,2025-09-08T08:53:35
CRGO,SUCCESS,saved,2025-09-08T08:53:36
CRGX,SUCCESS,saved,2025-09-08T08:53:37
CRH,SUCCESS,saved,2025-09-08T08:53:39
CRI,SUCCESS,saved,2025-09-08T08:53:40
CRM,SUCCESS,saved,2025-09-08T08:53:40
CRIS,SUCCESS,saved,2025-09-08T08:53:41
CRK,SUCCESS,saved,2025-09-08T08:53:42
CRMD,SUCCESS,saved,2025-09-08T08:53:43
CRML,SUCCESS,saved,2025-09-08T08:53:44
CRMT,SUCCESS,saved,2025-09-08T08:53:45
CRNT,SUCCESS,saved,2025-09-08T08:53:46
CRNC,SUCCESS,saved,2025-09-08T08:53:47
CRNX,SUCCESS,saved,2025-09-08T08:53:48
CROX,SUCCESS,saved,2025-09-08T08:53:49
CRON,SUCCESS,saved,2025-09-08T08:53:49
CRS,SUCCESS,saved,2025-09-08T08:53:50
CRSP,SUCCESS,saved,2025-09-08T08:53:51
CRSR,SUCCESS,saved,2025-09-08T08:53:52
CRT,SUCCESS,saved,2025-09-08T08:53:53
CRTO,SUCCESS,saved,2025-09-08T08:53:54
CRUS,SUCCESS,saved,2025-09-08T08:53:55
CRVL,SUCCESS,saved,2025-09-08T08:53:56
CRVS,SUCCESS,saved,2025-09-08T08:53:57
CRWD,SUCCESS,saved,2025-09-08T08:53:57
CRVO,SUCCESS,saved,2025-09-08T08:53:58
CRWS,SUCCESS,saved,2025-09-08T08:53:59
CRWV,SUCCESS,saved,2025-09-08T08:54:00
CSAI,SUCCESS,saved,2025-09-08T08:54:01
CSBR,SUCCESS,saved,2025-09-08T08:54:02
CSAN,SUCCESS,saved,2025-09-08T08:54:03
CSCI,SUCCESS,saved,2025-09-08T08:54:04
CSCO,SUCCESS,saved,2025-09-08T08:54:05
CSGP,SUCCESS,saved,2025-09-08T08:54:06
CSGS,SUCCESS,saved,2025-09-08T08:54:06
CSIQ,SUCCESS,saved,2025-09-08T08:54:07
CSL,SUCCESS,saved,2025-09-08T08:54:08
CSPI,SUCCESS,saved,2025-09-08T08:54:09
CSQ,SUCCESS,saved,2025-09-08T08:54:10
CSTE,SUCCESS,saved,2025-09-08T08:54:11
CSR,SUCCESS,saved,2025-09-08T08:54:12
CSTM,SUCCESS,saved,2025-09-08T08:54:13
CSTL,SUCCESS,saved,2025-09-08T08:54:14
CSV,SUCCESS,saved,2025-09-08T08:54:15
CSWC,SUCCESS,saved,2025-09-08T08:54:15
CSWCZ,SUCCESS,saved,2025-09-08T08:54:16
CSX,SUCCESS,saved,2025-09-08T08:54:17
CTAS,SUCCESS,saved,2025-09-08T08:54:18
CSWI,NO_DATA,CSWI: No stock data available.,2025-09-08T08:54:18
CTBB,SUCCESS,saved,2025-09-08T08:54:19
CTBI,SUCCESS,saved,2025-09-08T08:54:20
CTDD,SUCCESS,saved,2025-09-08T08:54:21
CTEV,SUCCESS,saved,2025-09-08T08:54:22
CTGO,SUCCESS,saved,2025-09-08T08:54:23
CTLP,SUCCESS,saved,2025-09-08T08:54:23
CTKB,SUCCESS,saved,2025-09-08T08:54:24
CTM,SUCCESS,saved,2025-09-08T08:54:25
CTNM,SUCCESS,saved,2025-09-08T08:54:26
CTO,SUCCESS,saved,2025-09-08T08:54:27
CTMX,SUCCESS,saved,2025-09-08T08:54:28
CTNT,SUCCESS,saved,2025-09-08T08:54:29
CTOR,SUCCESS,saved,2025-09-08T08:54:30
CTOS,SUCCESS,saved,2025-09-08T08:54:31
CTRE,SUCCESS,saved,2025-09-08T08:54:31
CTRA,SUCCESS,saved,2025-09-08T08:54:32
CTRM,SUCCESS,saved,2025-09-08T08:54:33
CTRI,SUCCESS,saved,2025-09-08T08:54:34
CTSH,SUCCESS,saved,2025-09-08T08:54:35
CTRN,SUCCESS,saved,2025-09-08T08:54:36
CTSO,SUCCESS,saved,2025-09-08T08:54:37
CTS,SUCCESS,saved,2025-09-08T08:54:38
CTVA,SUCCESS,saved,2025-09-08T08:54:39
CTXR,SUCCESS,saved,2025-09-08T08:54:40
CUB,SUCCESS,saved,2025-09-08T08:54:40
CUBB,SUCCESS,saved,2025-09-08T08:54:41
CUBI,SUCCESS,saved,2025-09-08T08:54:42
CUBE,SUCCESS,saved,2025-09-08T08:54:43
CUBWU,SUCCESS,saved,2025-09-08T08:54:44
CUBA,NO_DATA,CUBA: No stock data available.,2025-09-08T08:54:44
CUE,SUCCESS,saved,2025-09-08T08:54:45
CUK,SUCCESS,saved,2025-09-08T08:54:46
CULP,SUCCESS,saved,2025-09-08T08:54:47
CURB,SUCCESS,saved,2025-09-08T08:54:48
CUPR,SUCCESS,saved,2025-09-08T08:54:48
CURI,SUCCESS,saved,2025-09-08T08:54:49
CURV,SUCCESS,saved,2025-09-08T08:54:50
CURR,SUCCESS,saved,2025-09-08T08:54:51
CVAC,SUCCESS,saved,2025-09-08T08:54:52
CUZ,SUCCESS,saved,2025-09-08T08:54:53
CVBF,SUCCESS,saved,2025-09-08T08:54:54
CVCO,SUCCESS,saved,2025-09-08T08:54:55
CVEO,SUCCESS,saved,2025-09-08T08:54:55
CVGI,SUCCESS,saved,2025-09-08T08:54:56
CVGW,SUCCESS,saved,2025-09-08T08:54:57
CVE,SUCCESS,saved,2025-09-08T08:54:58
CVI,SUCCESS,saved,2025-09-08T08:54:59
CVLG,SUCCESS,saved,2025-09-08T08:55:00
CVKD,SUCCESS,saved,2025-09-08T08:55:01
CVM,SUCCESS,saved,2025-09-08T08:55:02
CVLT,SUCCESS,saved,2025-09-08T08:55:03
CVNA,SUCCESS,saved,2025-09-08T08:55:04
CVU,SUCCESS,saved,2025-09-08T08:55:04
CVS,SUCCESS,saved,2025-09-08T08:55:05
CVRX,SUCCESS,saved,2025-09-08T08:55:06
CVV,SUCCESS,saved,2025-09-08T08:55:07
CVX,SUCCESS,saved,2025-09-08T08:55:08
CW,SUCCESS,saved,2025-09-08T08:55:09
CWBC,SUCCESS,saved,2025-09-08T08:55:11
CWAN,SUCCESS,saved,2025-09-08T08:55:11
CWCO,SUCCESS,saved,2025-09-08T08:55:12
CWD,SUCCESS,saved,2025-09-08T08:55:13
CWEN,SUCCESS,saved,2025-09-08T08:55:14
CWK,SUCCESS,saved,2025-09-08T08:55:15
CWST,SUCCESS,saved,2025-09-08T08:55:16
CWH,SUCCESS,saved,2025-09-08T08:55:17
CWT,SUCCESS,saved,2025-09-08T08:55:18
CX,SUCCESS,saved,2025-09-08T08:55:19
CXAI,SUCCESS,saved,2025-09-08T08:55:20
CXDO,SUCCESS,saved,2025-09-08T08:55:20
CXE,SUCCESS,saved,2025-09-08T08:55:21
CXM,SUCCESS,saved,2025-09-08T08:55:22
CXH,SUCCESS,saved,2025-09-08T08:55:23
CXT,SUCCESS,saved,2025-09-08T08:55:24
CYBN,SUCCESS,saved,2025-09-08T08:55:25
CXW,SUCCESS,saved,2025-09-08T08:55:26
CYBR,SUCCESS,saved,2025-09-08T08:55:27
CYCC,SUCCESS,saved,2025-09-08T08:55:28
CYCCP,SUCCESS,saved,2025-09-08T08:55:29
CYCU,SUCCESS,saved,2025-09-08T08:55:29
CYCN,SUCCESS,saved,2025-09-08T08:55:30
CYD,SUCCESS,saved,2025-09-08T08:55:31
CYH,SUCCESS,saved,2025-09-08T08:55:32
CYN,SUCCESS,saved,2025-09-08T08:55:33
CYTK,SUCCESS,saved,2025-09-08T08:55:34
CZFS,SUCCESS,saved,2025-09-08T08:55:35
CYRX,SUCCESS,saved,2025-09-08T08:55:36
CZNC,SUCCESS,saved,2025-09-08T08:55:37
CZWI,SUCCESS,saved,2025-09-08T08:55:38
D,SUCCESS,saved,2025-09-08T08:55:38
CZR,SUCCESS,saved,2025-09-08T08:55:39
DAAQU,SUCCESS,saved,2025-09-08T08:55:40
DAKT,SUCCESS,saved,2025-09-08T08:55:41
DAC,SUCCESS,saved,2025-09-08T08:55:42
DAIO,SUCCESS,saved,2025-09-08T08:55:43
DAL,SUCCESS,saved,2025-09-08T08:55:44
DADA,NO_DATA,DADA: No stock data available.,2025-09-08T08:55:44
DALN,SUCCESS,saved,2025-09-08T08:55:45
DAN,SUCCESS,saved,2025-09-08T08:55:45
DAO,SUCCESS,saved,2025-09-08T08:55:46
DAR,SUCCESS,saved,2025-09-08T08:55:47
DATS,SUCCESS,saved,2025-09-08T08:55:48
DARE,SUCCESS,saved,2025-09-08T08:55:49
DASH,SUCCESS,saved,2025-09-08T08:55:50
DAVA,SUCCESS,saved,2025-09-08T08:55:51
DAWN,SUCCESS,saved,2025-09-08T08:55:52
DAVE,SUCCESS,saved,2025-09-08T08:55:53
DAY,SUCCESS,saved,2025-09-08T08:55:53
DB,SUCCESS,saved,2025-09-08T08:55:55
DBD,SUCCESS,saved,2025-09-08T08:55:56
DBI,SUCCESS,saved,2025-09-08T08:55:57
DBL,SUCCESS,saved,2025-09-08T08:55:58
DBRG,SUCCESS,saved,2025-09-08T08:55:59
DC,SUCCESS,saved,2025-09-08T08:56:00
DCBO,SUCCESS,saved,2025-09-08T08:56:02
DBVT,SUCCESS,saved,2025-09-08T08:56:04
DBX,SUCCESS,saved,2025-09-08T08:56:05
DCGO,SUCCESS,saved,2025-09-08T08:56:06
DCI,SUCCESS,saved,2025-09-08T08:56:07
DCO,SUCCESS,saved,2025-09-08T08:56:08
DCOM,SUCCESS,saved,2025-09-08T08:56:09
DCOMG,SUCCESS,saved,2025-09-08T08:56:09
DCTH,SUCCESS,saved,2025-09-08T08:56:10
DCOMP,SUCCESS,saved,2025-09-08T08:56:11
DD,SUCCESS,saved,2025-09-08T08:56:12
DDD,SUCCESS,saved,2025-09-08T08:56:13
DDC,SUCCESS,saved,2025-09-08T08:56:14
DDL,SUCCESS,saved,2025-09-08T08:56:15
DDOG,SUCCESS,saved,2025-09-08T08:56:16
DDI,SUCCESS,saved,2025-09-08T08:56:17
DDS,SUCCESS,saved,2025-09-08T08:56:17
DDT,SUCCESS,saved,2025-09-08T08:56:18
DE,SUCCESS,saved,2025-09-08T08:56:19
DEC,SUCCESS,saved,2025-09-08T08:56:20
DEA,SUCCESS,saved,2025-09-08T08:56:21
DECK,SUCCESS,saved,2025-09-08T08:56:23
DEFT,SUCCESS,saved,2025-09-08T08:56:24
DEI,SUCCESS,saved,2025-09-08T08:56:24
DENN,SUCCESS,saved,2025-09-08T08:56:25
DEO,SUCCESS,saved,2025-09-08T08:56:26
DERM,SUCCESS,saved,2025-09-08T08:56:27
DELL,SUCCESS,saved,2025-09-08T08:56:28
DEVS,SUCCESS,saved,2025-09-08T08:56:29
DFDV,SUCCESS,saved,2025-09-08T08:56:30
DFH,SUCCESS,saved,2025-09-08T08:56:31
DFP,SUCCESS,saved,2025-09-08T08:56:32
DFIN,SUCCESS,saved,2025-09-08T08:56:33
DG,SUCCESS,saved,2025-09-08T08:56:33
DGICA,SUCCESS,saved,2025-09-08T08:56:34
DGICB,SUCCESS,saved,2025-09-08T08:56:35
DGII,SUCCESS,saved,2025-09-08T08:56:36
DGLY,SUCCESS,saved,2025-09-08T08:56:37
DGNX,SUCCESS,saved,2025-09-08T08:56:38
DGP,SUCCESS,saved,2025-09-08T08:56:39
DGXX,SUCCESS,saved,2025-09-08T08:56:40
DGZ,SUCCESS,saved,2025-09-08T08:56:41
DGX,SUCCESS,saved,2025-09-08T08:56:42
DH,SUCCESS,saved,2025-09-08T08:56:42
DHAI,SUCCESS,saved,2025-09-08T08:56:43
DHC,SUCCESS,saved,2025-09-08T08:56:44
DHCNL,SUCCESS,saved,2025-09-08T08:56:45
DHCNI,SUCCESS,saved,2025-09-08T08:56:46
DHI,SUCCESS,saved,2025-09-08T08:56:47
DHF,SUCCESS,saved,2025-09-08T08:56:48
DHR,SUCCESS,saved,2025-09-08T08:56:49
DHIL,SUCCESS,saved,2025-09-08T08:56:50
DHT,SUCCESS,saved,2025-09-08T08:56:50
DHX,SUCCESS,saved,2025-09-08T08:56:51
DHY,SUCCESS,saved,2025-09-08T08:56:52
DIAX,SUCCESS,saved,2025-09-08T08:56:53
DIBS,SUCCESS,saved,2025-09-08T08:56:54
DIN,SUCCESS,saved,2025-09-08T08:56:55
DIOD,SUCCESS,saved,2025-09-08T08:56:56
DIS,SUCCESS,saved,2025-09-08T08:56:57
DINO,SUCCESS,saved,2025-09-08T08:56:58
DJCO,SUCCESS,saved,2025-09-08T08:56:59
DJT,SUCCESS,saved,2025-09-08T08:57:00
DIT,SUCCESS,saved,2025-09-08T08:57:01
DJP,SUCCESS,saved,2025-09-08T08:57:02
DIST,NO_DATA,DIST: No stock data available.,2025-09-08T08:57:02
DK,SUCCESS,saved,2025-09-08T08:57:02
DKS,SUCCESS,saved,2025-09-08T08:57:03
DKL,SUCCESS,saved,2025-09-08T08:57:04
DKNG,SUCCESS,saved,2025-09-08T08:57:05
DLB,SUCCESS,saved,2025-09-08T08:57:06
DLHC,SUCCESS,saved,2025-09-08T08:57:07
DLO,SUCCESS,saved,2025-09-08T08:57:08
DLNG,SUCCESS,saved,2025-09-08T08:57:09
DLPN,SUCCESS,saved,2025-09-08T08:57:09
DLR,SUCCESS,saved,2025-09-08T08:57:10
DLTH,SUCCESS,saved,2025-09-08T08:57:11
DLTR,SUCCESS,saved,2025-09-08T08:57:12
DLX,SUCCESS,saved,2025-09-08T08:57:13
DLY,SUCCESS,saved,2025-09-08T08:57:14
DMA,SUCCESS,saved,2025-09-08T08:57:15
DMAAU,SUCCESS,saved,2025-09-08T08:57:16
DMAA,SUCCESS,saved,2025-09-08T08:57:17
DMB,SUCCESS,saved,2025-09-08T08:57:17
DMAC,SUCCESS,saved,2025-09-08T08:57:18
DMLP,SUCCESS,saved,2025-09-08T08:57:19
DMF,NO_DATA,DMF: No stock data available.,2025-09-08T08:57:19
DMYY,SUCCESS,saved,2025-09-08T08:57:20
DMRC,SUCCESS,saved,2025-09-08T08:57:21
DMO,SUCCESS,saved,2025-09-08T08:57:22
DNA,SUCCESS,saved,2025-09-08T08:57:23
DNOW,SUCCESS,saved,2025-09-08T08:57:24
DNN,SUCCESS,saved,2025-09-08T08:57:24
DNB,SUCCESS,saved,2025-09-08T08:57:25
DNLI,SUCCESS,saved,2025-09-08T08:57:26
DNP,SUCCESS,saved,2025-09-08T08:57:27
DNTH,SUCCESS,saved,2025-09-08T08:57:28
DOC,SUCCESS,saved,2025-09-08T08:57:29
DOCN,SUCCESS,saved,2025-09-08T08:57:30
DNUT,SUCCESS,saved,2025-09-08T08:57:31
DOCS,SUCCESS,saved,2025-09-08T08:57:32
DOCU,SUCCESS,saved,2025-09-08T08:57:33
DOLE,SUCCESS,saved,2025-09-08T08:57:33
DOGZ,SUCCESS,saved,2025-09-08T08:57:34
DOMH,SUCCESS,saved,2025-09-08T08:57:35
DOUG,SUCCESS,saved,2025-09-08T08:57:36
DORM,SUCCESS,saved,2025-09-08T08:57:37
DOMO,SUCCESS,saved,2025-09-08T08:57:38
DOOO,SUCCESS,saved,2025-09-08T08:57:39
DOW,SUCCESS,saved,2025-09-08T08:57:40
DOV,SUCCESS,saved,2025-09-08T08:57:41
DOX,SUCCESS,saved,2025-09-08T08:57:42
DOYU,SUCCESS,saved,2025-09-08T08:57:43
DPG,SUCCESS,saved,2025-09-08T08:57:44
DPZ,SUCCESS,saved,2025-09-08T08:57:45
DPRO,SUCCESS,saved,2025-09-08T08:57:46
DRCT,SUCCESS,saved,2025-09-08T08:57:47
DQ,SUCCESS,saved,2025-09-08T08:57:48
DRD,SUCCESS,saved,2025-09-08T08:57:49
DRDBU,SUCCESS,saved,2025-09-08T08:57:50
DRDB,SUCCESS,saved,2025-09-08T08:57:51
DRI,SUCCESS,saved,2025-09-08T08:57:52
DRH,SUCCESS,saved,2025-09-08T08:57:53
DRRX,SUCCESS,saved,2025-09-08T08:57:54
DRIO,SUCCESS,saved,2025-09-08T08:57:55
DRS,SUCCESS,saved,2025-09-08T08:57:56
DRTS,SUCCESS,saved,2025-09-08T08:57:56
DRUG,SUCCESS,saved,2025-09-08T08:57:58
DRVN,SUCCESS,saved,2025-09-08T08:57:59
DSGN,SUCCESS,saved,2025-09-08T08:58:00
DSGX,SUCCESS,saved,2025-09-08T08:58:01
DSGR,SUCCESS,saved,2025-09-08T08:58:02
DSL,SUCCESS,saved,2025-09-08T08:58:03
DSS,SUCCESS,saved,2025-09-08T08:58:04
DSM,SUCCESS,saved,2025-09-08T08:58:04
DSP,SUCCESS,saved,2025-09-08T08:58:05
DSU,SUCCESS,saved,2025-09-08T08:58:06
DSX,SUCCESS,saved,2025-09-08T08:58:08
DSWL,SUCCESS,saved,2025-09-08T08:58:09
DT,SUCCESS,saved,2025-09-08T08:58:10
DTCK,SUCCESS,saved,2025-09-08T08:58:11
DSY,SUCCESS,saved,2025-09-08T08:58:12
DTB,SUCCESS,saved,2025-09-08T08:58:13
DTE,SUCCESS,saved,2025-09-08T08:58:14
DTF,SUCCESS,saved,2025-09-08T08:58:15
DTI,SUCCESS,saved,2025-09-08T08:58:16
DTG,SUCCESS,saved,2025-09-08T08:58:16
DTIL,SUCCESS,saved,2025-09-08T08:58:17
DTM,SUCCESS,saved,2025-09-08T08:58:18
DTSQU,SUCCESS,saved,2025-09-08T08:58:19
DTSQ,SUCCESS,saved,2025-09-08T08:58:20
DTSS,SUCCESS,saved,2025-09-08T08:58:21
DTST,SUCCESS,saved,2025-09-08T08:58:22
DTW,SUCCESS,saved,2025-09-08T08:58:23
DUK,SUCCESS,saved,2025-09-08T08:58:24
DUKB,SUCCESS,saved,2025-09-08T08:58:25
DUO,SUCCESS,saved,2025-09-08T08:58:25
DUOL,SUCCESS,saved,2025-09-08T08:58:26
DUOT,SUCCESS,saved,2025-09-08T08:58:27
DVA,SUCCESS,saved,2025-09-08T08:58:28
DV,SUCCESS,saved,2025-09-08T08:58:29
DVAX,SUCCESS,saved,2025-09-08T08:58:30
DVLT,SUCCESS,saved,2025-09-08T08:58:31
DVN,SUCCESS,saved,2025-09-08T08:58:32
DVS,SUCCESS,saved,2025-09-08T08:58:33
DWSN,SUCCESS,saved,2025-09-08T08:58:34
DX,SUCCESS,saved,2025-09-08T08:58:34
DWTX,SUCCESS,saved,2025-09-08T08:58:35
DXCM,SUCCESS,saved,2025-09-08T08:58:36
DXLG,SUCCESS,saved,2025-09-08T08:58:37
DXC,SUCCESS,saved,2025-09-08T08:58:38
DXF,SUCCESS,saved,2025-09-08T08:58:39
DXPE,SUCCESS,saved,2025-09-08T08:58:40
DXR,SUCCESS,saved,2025-09-08T08:58:41
DXYZ,SUCCESS,saved,2025-09-08T08:58:42
DXST,SUCCESS,saved,2025-09-08T08:58:43
DY,SUCCESS,saved,2025-09-08T08:58:44
DYCQ,SUCCESS,saved,2025-09-08T08:58:44
DYAI,SUCCESS,saved,2025-09-08T08:58:45
DYCQU,SUCCESS,saved,2025-09-08T08:58:46
DYN,SUCCESS,saved,2025-09-08T08:58:47
DYNX,SUCCESS,saved,2025-09-08T08:58:48
DYNXU,SUCCESS,saved,2025-09-08T08:58:49
E,SUCCESS,saved,2025-09-08T08:58:50
DZZ,SUCCESS,saved,2025-09-08T08:58:51
EAI,SUCCESS,saved,2025-09-08T08:58:52
EAD,SUCCESS,saved,2025-09-08T08:58:53
EA,SUCCESS,saved,2025-09-08T08:58:53
EAF,SUCCESS,saved,2025-09-08T08:58:54
EARN,SUCCESS,saved,2025-09-08T08:58:55
EAT,SUCCESS,saved,2025-09-08T08:58:56
EB,SUCCESS,saved,2025-09-08T08:58:57
EBC,SUCCESS,saved,2025-09-08T08:58:58
EBAY,SUCCESS,saved,2025-09-08T08:58:59
EBF,SUCCESS,saved,2025-09-08T08:59:00
EBMT,SUCCESS,saved,2025-09-08T08:59:01
EBON,SUCCESS,saved,2025-09-08T08:59:02
EBR,SUCCESS,saved,2025-09-08T08:59:03
EBS,SUCCESS,saved,2025-09-08T08:59:04
ECBK,SUCCESS,saved,2025-09-08T08:59:05
ECAT,SUCCESS,saved,2025-09-08T08:59:05
EC,SUCCESS,saved,2025-09-08T08:59:06
ECC,SUCCESS,saved,2025-09-08T08:59:07
EBTC,NO_DATA,EBTC: No stock data available.,2025-09-08T08:59:07
ECCF,SUCCESS,saved,2025-09-08T08:59:08
ECCU,SUCCESS,saved,2025-09-08T08:59:09
ECCC,SUCCESS,saved,2025-09-08T08:59:10
ECCW,SUCCESS,saved,2025-09-08T08:59:11
ECCV,SUCCESS,saved,2025-09-08T08:59:12
ECCX,SUCCESS,saved,2025-09-08T08:59:13
ECDA,SUCCESS,saved,2025-09-08T08:59:14
ECF,SUCCESS,saved,2025-09-08T08:59:14
ECG,SUCCESS,saved,2025-09-08T08:59:15
ECL,SUCCESS,saved,2025-09-08T08:59:16
ECO,SUCCESS,saved,2025-09-08T08:59:17
ECOR,SUCCESS,saved,2025-09-08T08:59:18
ECPG,SUCCESS,saved,2025-09-08T08:59:20
ECX,SUCCESS,saved,2025-09-08T08:59:21
EDBL,SUCCESS,saved,2025-09-08T08:59:22
EDD,SUCCESS,saved,2025-09-08T08:59:22
EDAP,SUCCESS,saved,2025-09-08T08:59:23
ED,SUCCESS,saved,2025-09-08T08:59:24
EDF,SUCCESS,saved,2025-09-08T08:59:25
EDN,SUCCESS,saved,2025-09-08T08:59:26
EDRY,SUCCESS,saved,2025-09-08T08:59:27
EDHL,SUCCESS,saved,2025-09-08T08:59:29
EDIT,SUCCESS,saved,2025-09-08T08:59:29
EDSA,SUCCESS,saved,2025-09-08T08:59:30
EDTK,SUCCESS,saved,2025-09-08T08:59:31
EDUC,SUCCESS,saved,2025-09-08T08:59:32
EE,SUCCESS,saved,2025-09-08T08:59:33
EDU,SUCCESS,saved,2025-09-08T08:59:34
EEA,SUCCESS,saved,2025-09-08T08:59:35
EEFT,SUCCESS,saved,2025-09-08T08:59:36
EFC,SUCCESS,saved,2025-09-08T08:59:37
EEIQ,SUCCESS,saved,2025-09-08T08:59:39
EEX,SUCCESS,saved,2025-09-08T08:59:40
EFSC,SUCCESS,saved,2025-09-08T08:59:41
EFOI,SUCCESS,saved,2025-09-08T08:59:41
EFSCP,SUCCESS,saved,2025-09-08T08:59:42
EFR,SUCCESS,saved,2025-09-08T08:59:43
EFSI,SUCCESS,saved,2025-09-08T08:59:44
EFT,SUCCESS,saved,2025-09-08T08:59:45
EGAN,SUCCESS,saved,2025-09-08T08:59:46
EFXT,SUCCESS,saved,2025-09-08T08:59:47
EG,SUCCESS,saved,2025-09-08T08:59:48
EFX,SUCCESS,saved,2025-09-08T08:59:49
EGHAU,SUCCESS,saved,2025-09-08T08:59:50
EGBN,SUCCESS,saved,2025-09-08T08:59:50
EGHT,SUCCESS,saved,2025-09-08T08:59:51
EGO,SUCCESS,saved,2025-09-08T08:59:52
EGP,SUCCESS,saved,2025-09-08T08:59:53
EH,SUCCESS,saved,2025-09-08T08:59:54
EGY,SUCCESS,saved,2025-09-08T08:59:55
EHAB,SUCCESS,saved,2025-09-08T08:59:56
EHC,SUCCESS,saved,2025-09-08T08:59:57
EHGO,SUCCESS,saved,2025-09-08T08:59:58
EHI,SUCCESS,saved,2025-09-08T08:59:59
EHTH,SUCCESS,saved,2025-09-08T09:00:00
EHLD,SUCCESS,saved,2025-09-08T09:00:00
EICA,SUCCESS,saved,2025-09-08T09:00:01
EIC,SUCCESS,saved,2025-09-08T09:00:02
EIG,SUCCESS,saved,2025-09-08T09:00:03
EICB,SUCCESS,saved,2025-09-08T09:00:04
EIIA,SUCCESS,saved,2025-09-08T09:00:05
EICC,SUCCESS,saved,2025-09-08T09:00:06
EIM,SUCCESS,saved,2025-09-08T09:00:07
EJH,SUCCESS,saved,2025-09-08T09:00:08
EIX,SUCCESS,saved,2025-09-08T09:00:09
EL,SUCCESS,saved,2025-09-08T09:00:09
EKSO,SUCCESS,saved,2025-09-08T09:00:10
ELA,SUCCESS,saved,2025-09-08T09:00:11
ELBM,SUCCESS,saved,2025-09-08T09:00:12
ELAB,SUCCESS,saved,2025-09-08T09:00:13
ELC,SUCCESS,saved,2025-09-08T09:00:14
ELAN,SUCCESS,saved,2025-09-08T09:00:15
ELDN,SUCCESS,saved,2025-09-08T09:00:16
ELF,SUCCESS,saved,2025-09-08T09:00:17
ELMD,SUCCESS,saved,2025-09-08T09:00:17
ELLO,SUCCESS,saved,2025-09-08T09:00:18
ELEV,SUCCESS,saved,2025-09-08T09:00:19
ELP,SUCCESS,saved,2025-09-08T09:00:20
ELPW,SUCCESS,saved,2025-09-08T09:00:21
ELPC,SUCCESS,saved,2025-09-08T09:00:22
