,Date,Symbol,Adj Close,Close,Dividends,Result Close,Condition,MMA_10
0,2014-12-31,"['SHY', 'IEF', 'TLT', 'GLD', 'MTUM', 'QUAL', 'SPLV']","[70.71, 84.83, 95.45, 113.58, 59.99, 53.02, 30.27]","[84.45, 105.99, 125.92, 113.58, 68.06, 62.25, 37.96]","[0.0, 0.0, 0.0, 0.0, 0.0, 0.0, 0.0]","[84.45, 105.99, 125.92, 113.58, 68.06, 62.25, 37.96]","['Close + Dividends', 'Close + Dividends', 'Close + Dividends', 'Close + Dividends', 'Close + Dividends', 'Close + Dividends', 'Close + Dividends']","[84.57, 104.05, 116.48, 119.81, 64.17, 59.3, 35.57]"
1,2015-01-30,"['SHY', 'IEF', 'TLT', 'GLD', 'MTUM', 'QUAL', 'SPLV']","[71.16, 88.48, 104.82, 123.45, 59.57, 52.1, 30.1]","[84.98, 110.55, 138.28, 123.45, 67.59, 61.17, 37.67]","[0.0, 0.0, 0.0, 0.0, 0.0, 0.0, 0.0]","[84.98, 110.55, 138.28, 123.45, 67.59, 61.17, 37.67]","['Close + Dividends', 'Close + Dividends', 'Close + Dividends', 'Close + Dividends', 'Close + Dividends', 'Close + Dividends', 'Close + Dividends']","[84.62, 104.93, 119.4, 119.79, 64.9, 59.78, 35.93]"
2,2015-02-27,"['SHY', 'IEF', 'TLT', 'GLD', 'MTUM', 'QUAL', 'SPLV']","[70.95, 86.29, 98.39, 116.16, 62.81, 55.24, 30.54]","[84.7, 107.64, 129.53, 116.16, 71.26, 64.85, 38.14]","[0.0, 0.0, 0.0, 0.0, 0.0, 0.0, 0.0]","[84.7, 107.64, 129.53, 116.16, 71.26, 64.85, 38.14]","['Close + Dividends', 'Close + Dividends', 'Close + Dividends', 'Close + Dividends', 'Close + Dividends', 'Close + Dividends', 'Close + Dividends']","[84.64, 105.46, 121.24, 118.99, 66.05, 60.59, 36.29]"
3,2015-03-31,"['SHY', 'IEF', 'TLT', 'GLD', 'MTUM', 'QUAL', 'SPLV']","[71.13, 87.03, 99.46, 113.66, 62.15, 54.37, 30.44]","[84.88, 108.39, 130.69, 113.66, 70.3, 63.61, 37.93]","[0.0, 0.0, 0.0, 0.0, 0.0, 0.0, 0.0]","[84.88, 108.39, 130.69, 113.66, 70.3, 63.61, 37.93]","['Close + Dividends', 'Close + Dividends', 'Close + Dividends', 'Close + Dividends', 'Close + Dividends', 'Close + Dividends', 'Close + Dividends']","[84.66, 105.9, 122.9, 118.31, 66.86, 61.15, 36.59]"
4,2015-04-30,"['SHY', 'IEF', 'TLT', 'GLD', 'MTUM', 'QUAL', 'SPLV']","[71.15, 86.48, 96.05, 113.47, 61.5, 54.46, 29.81]","[84.87, 107.53, 125.95, 113.47, 69.57, 63.72, 37.08]","[0.0, 0.0, 0.0, 0.0, 0.0, 0.0, 0.0]","[84.87, 107.53, 125.95, 113.47, 69.57, 63.72, 37.08]","['Close + Dividends', 'Close + Dividends', 'Close + Dividends', 'Close + Dividends', 'Close + Dividends', 'Close + Dividends', 'Close + Dividends']","[84.69, 106.3, 124.14, 116.86, 67.49, 61.7, 36.74]"
5,2015-05-29,"['SHY', 'IEF', 'TLT', 'GLD', 'MTUM', 'QUAL', 'SPLV']","[71.18, 86.12, 93.78, 114.1, 63.57, 55.29, 30.09]","[84.87, 106.92, 122.71, 114.1, 71.91, 64.69, 37.35]","[0.0, 0.0, 0.0, 0.0, 0.0, 0.0, 0.0]","[84.87, 106.92, 122.71, 114.1, 71.91, 64.69, 37.35]","['Close + Dividends', 'Close + Dividends', 'Close + Dividends', 'Close + Dividends', 'Close + Dividends', 'Close + Dividends', 'Close + Dividends']","[84.73, 106.67, 125.01, 115.93, 68.43, 62.4, 37.06]"
6,2015-06-30,"['SHY', 'IEF', 'TLT', 'GLD', 'MTUM', 'QUAL', 'SPLV']","[71.2, 84.71, 89.96, 112.37, 63.35, 54.27, 29.58]","[84.86, 105.01, 117.46, 112.37, 71.44, 63.2, 36.64]","[0.0, 0.0, 0.0, 0.0, 0.0, 0.0, 0.0]","[84.86, 105.01, 117.46, 112.37, 71.44, 63.2, 36.64]","['Close + Dividends', 'Close + Dividends', 'Close + Dividends', 'Close + Dividends', 'Close + Dividends', 'Close + Dividends', 'Close + Dividends']","[84.76, 106.69, 124.85, 114.78, 69.02, 62.69, 37.19]"
7,2015-07-31,"['SHY', 'IEF', 'TLT', 'GLD', 'MTUM', 'QUAL', 'SPLV']","[71.23, 86.0, 94.05, 104.93, 65.76, 55.83, 30.85]","[84.86, 106.44, 122.53, 104.93, 74.15, 65.02, 38.14]","[0.0, 0.0, 0.0, 0.0, 0.0, 0.0, 0.0]","[84.86, 106.44, 122.53, 104.93, 74.15, 65.02, 38.14]","['Close + Dividends', 'Close + Dividends', 'Close + Dividends', 'Close + Dividends', 'Close + Dividends', 'Close + Dividends', 'Close + Dividends']","[84.79, 106.97, 125.48, 113.65, 69.95, 63.23, 37.51]"
8,2015-08-31,"['SHY', 'IEF', 'TLT', 'GLD', 'MTUM', 'QUAL', 'SPLV']","[71.2, 86.07, 93.4, 108.82, 61.81, 52.81, 29.3]","[84.78, 106.36, 121.42, 108.82, 69.7, 61.5, 36.16]","[0.0, 0.0, 0.0, 0.0, 0.0, 0.0, 0.0]","[84.78, 106.36, 121.42, 108.82, 69.7, 61.5, 36.16]","['Close + Dividends', 'Close + Dividends', 'Close + Dividends', 'Close + Dividends', 'Close + Dividends', 'Close + Dividends', 'Close + Dividends']","[84.8, 107.1, 125.7, 113.27, 70.28, 63.26, 37.47]"
9,2015-09-30,"['SHY', 'IEF', 'TLT', 'GLD', 'MTUM', 'QUAL', 'SPLV']","[71.41, 87.43, 95.24, 106.86, 60.64, 52.13, 29.2]","[84.99, 107.87, 123.54, 106.86, 68.21, 60.45, 35.96]","[0.0, 0.0, 0.0, 0.0, 0.0, 0.0, 0.0]","[84.99, 107.87, 123.54, 106.86, 68.21, 60.45, 35.96]","['Close + Dividends', 'Close + Dividends', 'Close + Dividends', 'Close + Dividends', 'Close + Dividends', 'Close + Dividends', 'Close + Dividends']","[84.82, 107.27, 125.8, 112.74, 70.22, 63.05, 37.3]"
10,2015-10-30,"['SHY', 'IEF', 'TLT', 'GLD', 'MTUM', 'QUAL', 'SPLV']","[71.31, 86.87, 94.85, 109.3, 65.08, 56.64, 31.2]","[84.83, 107.02, 122.78, 109.3, 73.2, 65.68, 38.36]","[0.0, 0.0, 0.0, 0.0, 0.0, 0.0, 0.0]","[84.83, 107.02, 122.78, 109.3, 73.2, 65.68, 38.36]","['Close + Dividends', 'Close + Dividends', 'Close + Dividends', 'Close + Dividends', 'Close + Dividends', 'Close + Dividends', 'Close + Dividends']","[84.86, 107.37, 125.49, 112.31, 70.73, 63.39, 37.34]"
11,2015-11-30,"['SHY', 'IEF', 'TLT', 'GLD', 'MTUM', 'QUAL', 'SPLV']","[71.12, 86.5, 94.02, 101.92, 65.42, 56.89, 31.54]","[84.57, 106.4, 121.45, 101.92, 73.59, 65.97, 38.7]","[0.0, 0.0, 0.0, 0.0, 0.0, 0.0, 0.0]","[84.57, 106.4, 121.45, 101.92, 73.59, 65.97, 38.7]","['Close + Dividends', 'Close + Dividends', 'Close + Dividends', 'Close + Dividends', 'Close + Dividends', 'Close + Dividends', 'Close + Dividends']","[84.82, 106.96, 123.81, 110.16, 71.33, 63.87, 37.45]"
12,2015-12-31,"['SHY', 'IEF', 'TLT', 'GLD', 'MTUM', 'QUAL', 'SPLV']","[71.02, 86.11, 93.74, 101.46, 65.34, 55.91, 31.49]","[84.36, 105.59, 120.58, 101.46, 73.29, 64.57, 38.57]","[0.0, 0.0, 0.0, 0.0, 0.0, 0.0, 0.0]","[84.36, 105.59, 120.58, 101.46, 73.29, 64.57, 38.57]","['Close + Dividends', 'Close + Dividends', 'Close + Dividends', 'Close + Dividends', 'Close + Dividends', 'Close + Dividends', 'Close + Dividends']","[84.79, 106.75, 122.91, 108.69, 71.54, 63.84, 37.49]"
13,2016-01-29,"['SHY', 'IEF', 'TLT', 'GLD', 'MTUM', 'QUAL', 'SPLV']","[71.48, 88.98, 98.97, 106.95, 62.85, 53.33, 30.93]","[84.91, 109.11, 127.3, 106.95, 70.5, 61.59, 37.82]","[0.0, 0.0, 0.0, 0.0, 0.0, 0.0, 0.0]","[84.91, 109.11, 127.3, 106.95, 70.5, 61.59, 37.82]","['Close + Dividends', 'Close + Dividends', 'Close + Dividends', 'Close + Dividends', 'Close + Dividends', 'Close + Dividends', 'Close + Dividends']","[84.79, 106.83, 122.57, 108.02, 71.56, 63.64, 37.48]"
14,2016-02-29,"['SHY', 'IEF', 'TLT', 'GLD', 'MTUM', 'QUAL', 'SPLV']","[71.56, 90.3, 102.02, 118.64, 62.05, 53.65, 31.24]","[84.96, 110.57, 130.98, 118.64, 69.6, 61.96, 38.12]","[0.0, 0.0, 0.0, 0.0, 0.0, 0.0, 0.0]","[84.96, 110.57, 130.98, 118.64, 69.6, 61.96, 38.12]","['Close + Dividends', 'Close + Dividends', 'Close + Dividends', 'Close + Dividends', 'Close + Dividends', 'Close + Dividends', 'Close + Dividends']","[84.8, 107.13, 123.07, 108.53, 71.56, 63.46, 37.58]"
15,2016-03-31,"['SHY', 'IEF', 'TLT', 'GLD', 'MTUM', 'QUAL', 'SPLV']","[71.66, 90.24, 101.93, 117.64, 65.34, 56.82, 33.11]","[85.03, 110.34, 130.61, 117.64, 73.1, 65.62, 40.33]","[0.0, 0.0, 0.0, 0.0, 0.0, 0.0, 0.0]","[85.03, 110.34, 130.61, 117.64, 73.1, 65.62, 40.33]","['Close + Dividends', 'Close + Dividends', 'Close + Dividends', 'Close + Dividends', 'Close + Dividends', 'Close + Dividends', 'Close + Dividends']","[84.82, 107.47, 123.86, 108.89, 71.68, 63.56, 37.88]"
16,2016-04-29,"['SHY', 'IEF', 'TLT', 'GLD', 'MTUM', 'QUAL', 'SPLV']","[71.68, 90.1, 101.18, 123.65, 64.93, 56.59, 32.85]","[85.01, 110.0, 129.38, 123.65, 72.64, 65.36, 39.94]","[0.0, 0.0, 0.0, 0.0, 0.0, 0.0, 0.0]","[85.01, 110.0, 129.38, 123.65, 72.64, 65.36, 39.94]","['Close + Dividends', 'Close + Dividends', 'Close + Dividends', 'Close + Dividends', 'Close + Dividends', 'Close + Dividends', 'Close + Dividends']","[84.83, 107.97, 125.06, 110.02, 71.8, 63.77, 38.21]"
17,2016-05-31,"['SHY', 'IEF', 'TLT', 'GLD', 'MTUM', 'QUAL', 'SPLV']","[71.6, 90.01, 101.99, 116.06, 66.52, 57.2, 33.4]","[84.86, 109.73, 130.16, 116.06, 74.42, 66.06, 40.54]","[0.0, 0.0, 0.0, 0.0, 0.0, 0.0, 0.0]","[84.86, 109.73, 130.16, 116.06, 74.42, 66.06, 40.54]","['Close + Dividends', 'Close + Dividends', 'Close + Dividends', 'Close + Dividends', 'Close + Dividends', 'Close + Dividends', 'Close + Dividends']","[84.83, 108.3, 125.82, 111.13, 71.82, 63.88, 38.45]"
18,2016-06-30,"['SHY', 'IEF', 'TLT', 'GLD', 'MTUM', 'QUAL', 'SPLV']","[72.03, 92.79, 109.06, 126.47, 68.48, 57.48, 35.32]","[85.32, 112.95, 138.9, 126.47, 76.4, 66.0, 42.78]","[0.0, 0.0, 0.0, 0.0, 0.0, 0.0, 0.0]","[85.32, 112.95, 138.9, 126.47, 76.4, 66.0, 42.78]","['Close + Dividends', 'Close + Dividends', 'Close + Dividends', 'Close + Dividends', 'Close + Dividends', 'Close + Dividends', 'Close + Dividends']","[84.88, 108.96, 127.57, 112.89, 72.49, 64.33, 39.11]"
19,2016-07-29,"['SHY', 'IEF', 'TLT', 'GLD', 'MTUM', 'QUAL', 'SPLV']","[72.0, 93.02, 111.36, 128.98, 70.32, 59.23, 35.39]","[85.23, 113.07, 141.56, 128.98, 78.45, 68.01, 42.81]","[0.0, 0.0, 0.0, 0.0, 0.0, 0.0, 0.0]","[85.23, 113.07, 141.56, 128.98, 78.45, 68.01, 42.81]","['Close + Dividends', 'Close + Dividends', 'Close + Dividends', 'Close + Dividends', 'Close + Dividends', 'Close + Dividends', 'Close + Dividends']","[84.91, 109.48, 129.37, 115.11, 73.52, 65.08, 39.8]"
20,2016-08-31,"['SHY', 'IEF', 'TLT', 'GLD', 'MTUM', 'QUAL', 'SPLV']","[71.83, 92.07, 110.23, 124.78, 69.27, 59.1, 34.72]","[84.98, 111.77, 139.87, 124.78, 77.28, 67.86, 41.93]","[0.0, 0.0, 0.0, 0.0, 0.0, 0.0, 0.0]","[84.98, 111.77, 139.87, 124.78, 77.28, 67.86, 41.93]","['Close + Dividends', 'Close + Dividends', 'Close + Dividends', 'Close + Dividends', 'Close + Dividends', 'Close + Dividends', 'Close + Dividends']","[84.92, 109.95, 131.08, 116.65, 73.93, 65.3, 40.15]"
21,2016-09-30,"['SHY', 'IEF', 'TLT', 'GLD', 'MTUM', 'QUAL', 'SPLV']","[71.92, 92.29, 108.56, 125.64, 69.61, 59.04, 34.41]","[85.04, 111.88, 137.51, 125.64, 77.37, 67.49, 41.49]","[0.0, 0.0, 0.0, 0.0, 0.0, 0.0, 0.0]","[85.04, 111.88, 137.51, 125.64, 77.37, 67.49, 41.49]","['Close + Dividends', 'Close + Dividends', 'Close + Dividends', 'Close + Dividends', 'Close + Dividends', 'Close + Dividends', 'Close + Dividends']","[84.97, 110.5, 132.68, 119.03, 74.3, 65.45, 40.43]"
22,2016-10-31,"['SHY', 'IEF', 'TLT', 'GLD', 'MTUM', 'QUAL', 'SPLV']","[71.89, 90.91, 103.81, 121.94, 68.26, 57.83, 33.61]","[84.95, 110.06, 131.25, 121.94, 75.87, 66.11, 40.46]","[0.0, 0.0, 0.0, 0.0, 0.0, 0.0, 0.0]","[84.95, 110.06, 131.25, 121.94, 75.87, 66.11, 40.46]","['Close + Dividends', 'Close + Dividends', 'Close + Dividends', 'Close + Dividends', 'Close + Dividends', 'Close + Dividends', 'Close + Dividends']","[85.03, 110.95, 133.75, 121.07, 74.56, 65.61, 40.62]"
23,2016-11-30,"['SHY', 'IEF', 'TLT', 'GLD', 'MTUM', 'QUAL', 'SPLV']","[71.55, 87.07, 95.28, 111.75, 67.86, 59.57, 33.79]","[84.5, 105.26, 120.24, 111.75, 75.42, 68.1, 40.6]","[0.0, 0.0, 0.0, 0.0, 0.0, 0.0, 0.0]","[84.5, 105.26, 120.24, 111.75, 75.42, 68.1, 40.6]","['Close + Dividends', 'Close + Dividends', 'Close + Dividends', 'Close + Dividends', 'Close + Dividends', 'Close + Dividends', 'Close + Dividends']","[84.99, 110.56, 133.05, 121.55, 75.05, 66.26, 40.9]"
24,2016-12-30,"['SHY', 'IEF', 'TLT', 'GLD', 'MTUM', 'QUAL', 'SPLV']","[71.6, 86.97, 94.84, 109.61, 68.6, 60.76, 34.66]","[84.45, 104.82, 119.13, 109.61, 75.86, 69.1, 41.58]","[0.0, 0.0, 0.0, 0.0, 0.0, 0.0, 0.0]","[84.45, 104.82, 119.13, 109.61, 75.86, 69.1, 41.58]","['Close + Dividends', 'Close + Dividends', 'Close + Dividends', 'Close + Dividends', 'Close + Dividends', 'Close + Dividends', 'Close + Dividends']","[84.94, 109.99, 131.86, 120.65, 75.68, 66.97, 41.25]"
25,2017-01-31,"['SHY', 'IEF', 'TLT', 'GLD', 'MTUM', 'QUAL', 'SPLV']","[71.68, 87.16, 95.61, 115.55, 70.76, 61.46, 34.93]","[84.54, 105.05, 120.1, 115.55, 78.25, 69.9, 41.82]","[0.0, 0.0, 0.0, 0.0, 0.0, 0.0, 0.0]","[84.54, 105.05, 120.1, 115.55, 78.25, 69.9, 41.82]","['Close + Dividends', 'Close + Dividends', 'Close + Dividends', 'Close + Dividends', 'Close + Dividends', 'Close + Dividends', 'Close + Dividends']","[84.89, 109.46, 130.81, 120.44, 76.2, 67.4, 41.4]"
26,2017-02-28,"['SHY', 'IEF', 'TLT', 'GLD', 'MTUM', 'QUAL', 'SPLV']","[71.7, 87.79, 97.13, 119.23, 73.45, 64.35, 36.45]","[84.52, 105.65, 121.74, 119.23, 81.22, 73.18, 43.56]","[0.0, 0.0, 0.0, 0.0, 0.0, 0.0, 0.0]","[84.52, 105.65, 121.74, 119.23, 81.22, 73.18, 43.56]","['Close + Dividends', 'Close + Dividends', 'Close + Dividends', 'Close + Dividends', 'Close + Dividends', 'Close + Dividends', 'Close + Dividends']","[84.84, 109.02, 130.05, 120.0, 77.05, 68.18, 41.76]"
27,2017-03-31,"['SHY', 'IEF', 'TLT', 'GLD', 'MTUM', 'QUAL', 'SPLV']","[71.75, 87.86, 96.49, 118.72, 74.96, 64.32, 36.44]","[84.52, 105.59, 120.71, 118.72, 82.65, 72.8, 43.47]","[0.0, 0.0, 0.0, 0.0, 0.0, 0.0, 0.0]","[84.52, 105.59, 120.71, 118.72, 82.65, 72.8, 43.47]","['Close + Dividends', 'Close + Dividends', 'Close + Dividends', 'Close + Dividends', 'Close + Dividends', 'Close + Dividends', 'Close + Dividends']","[84.8, 108.61, 129.1, 120.27, 77.88, 68.86, 42.05]"
28,2017-04-28,"['SHY', 'IEF', 'TLT', 'GLD', 'MTUM', 'QUAL', 'SPLV']","[71.88, 88.83, 98.01, 120.77, 76.89, 64.71, 36.81]","[84.62, 106.6, 122.35, 120.77, 84.78, 73.25, 43.84]","[0.0, 0.0, 0.0, 0.0, 0.0, 0.0, 0.0]","[84.62, 106.6, 122.35, 120.77, 84.78, 73.25, 43.84]","['Close + Dividends', 'Close + Dividends', 'Close + Dividends', 'Close + Dividends', 'Close + Dividends', 'Close + Dividends', 'Close + Dividends']","[84.73, 107.97, 127.45, 119.7, 78.72, 69.58, 42.16]"
29,2017-05-31,"['SHY', 'IEF', 'TLT', 'GLD', 'MTUM', 'QUAL', 'SPLV']","[71.94, 89.57, 99.86, 120.62, 80.55, 65.68, 37.82]","[84.62, 107.32, 124.4, 120.62, 88.82, 74.34, 44.95]","[0.0, 0.0, 0.0, 0.0, 0.0, 0.0, 0.0]","[84.62, 107.32, 124.4, 120.62, 88.82, 74.34, 44.95]","['Close + Dividends', 'Close + Dividends', 'Close + Dividends', 'Close + Dividends', 'Close + Dividends', 'Close + Dividends', 'Close + Dividends']","[84.67, 107.4, 125.73, 118.86, 79.75, 70.21, 42.37]"
30,2017-06-30,"['SHY', 'IEF', 'TLT', 'GLD', 'MTUM', 'QUAL', 'SPLV']","[71.88, 89.11, 100.65, 118.02, 80.83, 66.05, 37.7]","[84.49, 106.61, 125.12, 118.02, 88.89, 74.37, 44.73]","[0.0, 0.0, 0.0, 0.0, 0.0, 0.0, 0.0]","[84.49, 106.61, 125.12, 118.02, 88.89, 74.37, 44.73]","['Close + Dividends', 'Close + Dividends', 'Close + Dividends', 'Close + Dividends', 'Close + Dividends', 'Close + Dividends', 'Close + Dividends']","[84.62, 106.88, 124.25, 118.19, 80.91, 70.86, 42.65]"
31,2017-07-31,"['SHY', 'IEF', 'TLT', 'GLD', 'MTUM', 'QUAL', 'SPLV']","[72.01, 89.45, 99.99, 120.75, 83.64, 66.72, 38.22]","[84.58, 106.85, 124.04, 120.75, 91.98, 75.13, 45.26]","[0.0, 0.0, 0.0, 0.0, 0.0, 0.0, 0.0]","[84.58, 106.85, 124.04, 120.75, 91.98, 75.13, 45.26]","['Close + Dividends', 'Close + Dividends', 'Close + Dividends', 'Close + Dividends', 'Close + Dividends', 'Close + Dividends', 'Close + Dividends']","[84.58, 106.38, 122.91, 117.7, 82.37, 71.63, 43.03]"
32,2017-08-31,"['SHY', 'IEF', 'TLT', 'GLD', 'MTUM', 'QUAL', 'SPLV']","[72.16, 90.75, 103.4, 125.82, 84.87, 67.03, 38.51]","[84.68, 108.24, 127.99, 125.82, 93.33, 75.48, 45.52]","[0.0, 0.0, 0.0, 0.0, 0.0, 0.0, 0.0]","[84.68, 108.24, 127.99, 125.82, 93.33, 75.48, 45.52]","['Close + Dividends', 'Close + Dividends', 'Close + Dividends', 'Close + Dividends', 'Close + Dividends', 'Close + Dividends', 'Close + Dividends']","[84.55, 106.2, 122.58, 118.08, 84.12, 72.57, 43.53]"
33,2017-09-29,"['SHY', 'IEF', 'TLT', 'GLD', 'MTUM', 'QUAL', 'SPLV']","[72.02, 89.44, 101.0, 121.58, 87.25, 68.81, 38.81]","[84.45, 106.52, 124.76, 121.58, 95.68, 77.14, 45.79]","[0.0, 0.0, 0.0, 0.0, 0.0, 0.0, 0.0]","[84.45, 106.52, 124.76, 121.58, 95.68, 77.14, 45.79]","['Close + Dividends', 'Close + Dividends', 'Close + Dividends', 'Close + Dividends', 'Close + Dividends', 'Close + Dividends', 'Close + Dividends']","[84.55, 106.32, 123.03, 119.07, 86.15, 73.47, 44.05]"
34,2017-10-31,"['SHY', 'IEF', 'TLT', 'GLD', 'MTUM', 'QUAL', 'SPLV']","[71.96, 89.27, 100.96, 120.67, 91.65, 70.82, 39.51]","[84.3, 106.16, 124.46, 120.67, 100.5, 79.39, 46.53]","[0.0, 0.0, 0.0, 0.0, 0.0, 0.0, 0.0]","[84.3, 106.16, 124.46, 120.67, 100.5, 79.39, 46.53]","['Close + Dividends', 'Close + Dividends', 'Close + Dividends', 'Close + Dividends', 'Close + Dividends', 'Close + Dividends', 'Close + Dividends']","[84.53, 106.46, 123.57, 120.17, 88.61, 74.5, 44.55]"
35,2017-11-30,"['SHY', 'IEF', 'TLT', 'GLD', 'MTUM', 'QUAL', 'SPLV']","[71.8, 89.02, 101.71, 121.1, 94.21, 73.37, 41.04]","[84.04, 105.7, 125.12, 121.1, 103.31, 82.25, 48.25]","[0.0, 0.0, 0.0, 0.0, 0.0, 0.0, 0.0]","[84.04, 105.7, 125.12, 121.1, 103.31, 82.25, 48.25]","['Close + Dividends', 'Close + Dividends', 'Close + Dividends', 'Close + Dividends', 'Close + Dividends', 'Close + Dividends', 'Close + Dividends']","[84.48, 106.52, 124.07, 120.73, 91.12, 75.73, 45.19]"
36,2017-12-29,"['SHY', 'IEF', 'TLT', 'GLD', 'MTUM', 'QUAL', 'SPLV']","[71.79, 89.19, 103.55, 123.65, 94.33, 74.29, 40.67]","[83.85, 105.57, 126.86, 123.65, 103.13, 82.9, 47.74]","[0.0, 0.0, 0.0, 0.0, 0.0, 0.0, 0.0]","[83.85, 105.57, 126.86, 123.65, 103.13, 82.9, 47.74]","['Close + Dividends', 'Close + Dividends', 'Close + Dividends', 'Close + Dividends', 'Close + Dividends', 'Close + Dividends', 'Close + Dividends']","[84.42, 106.52, 124.58, 121.17, 93.31, 76.71, 45.61]"
37,2018-01-31,"['SHY', 'IEF', 'TLT', 'GLD', 'MTUM', 'QUAL', 'SPLV']","[71.58, 87.27, 100.18, 127.65, 102.08, 77.68, 41.66]","[83.61, 103.3, 122.73, 127.65, 111.61, 86.69, 48.83]","[0.0, 0.0, 0.0, 0.0, 0.0, 0.0, 0.0]","[83.61, 103.3, 122.73, 127.65, 111.61, 86.69, 48.83]","['Close + Dividends', 'Close + Dividends', 'Close + Dividends', 'Close + Dividends', 'Close + Dividends', 'Close + Dividends', 'Close + Dividends']","[84.32, 106.29, 124.78, 122.06, 96.2, 78.09, 46.14]"
38,2018-02-28,"['SHY', 'IEF', 'TLT', 'GLD', 'MTUM', 'QUAL', 'SPLV']","[71.51, 86.46, 97.13, 125.0, 100.59, 75.42, 39.86]","[83.44, 102.17, 118.75, 125.0, 109.98, 84.17, 46.64]","[0.0, 0.0, 0.0, 0.0, 0.0, 0.0, 0.0]","[83.44, 102.17, 118.75, 125.0, 109.98, 84.17, 46.64]","['Close + Dividends', 'Close + Dividends', 'Close + Dividends', 'Close + Dividends', 'Close + Dividends', 'Close + Dividends', 'Close + Dividends']","[84.21, 105.84, 124.42, 122.49, 98.72, 79.19, 46.42]"
39,2018-03-29,"['SHY', 'IEF', 'TLT', 'GLD', 'MTUM', 'QUAL', 'SPLV']","[71.69, 87.46, 99.91, 125.79, 97.12, 74.45, 40.21]","[83.56, 103.19, 121.9, 125.79, 105.92, 82.71, 46.97]","[0.0, 0.0, 0.0, 0.0, 0.0, 0.0, 0.0]","[83.56, 103.19, 121.9, 125.79, 105.92, 82.71, 46.97]","['Close + Dividends', 'Close + Dividends', 'Close + Dividends', 'Close + Dividends', 'Close + Dividends', 'Close + Dividends', 'Close + Dividends']","[84.1, 105.43, 124.17, 123.0, 100.43, 80.02, 46.63]"
40,2018-04-30,"['SHY', 'IEF', 'TLT', 'GLD', 'MTUM', 'QUAL', 'SPLV']","[71.52, 86.34, 97.82, 124.59, 97.6, 73.47, 39.97]","[83.27, 101.7, 119.1, 124.59, 106.45, 81.63, 46.6]","[0.0, 0.0, 0.0, 0.0, 0.0, 0.0, 0.0]","[83.27, 101.7, 119.1, 124.59, 106.45, 81.63, 46.6]","['Close + Dividends', 'Close + Dividends', 'Close + Dividends', 'Close + Dividends', 'Close + Dividends', 'Close + Dividends', 'Close + Dividends']","[83.98, 104.94, 123.57, 123.66, 102.19, 80.75, 46.81]"
41,2018-05-31,"['SHY', 'IEF', 'TLT', 'GLD', 'MTUM', 'QUAL', 'SPLV']","[71.77, 87.19, 99.78, 123.1, 100.97, 75.45, 40.23]","[83.46, 102.51, 121.22, 123.1, 110.12, 83.83, 46.82]","[0.0, 0.0, 0.0, 0.0, 0.0, 0.0, 0.0]","[83.46, 102.51, 121.22, 123.1, 110.12, 83.83, 46.82]","['Close + Dividends', 'Close + Dividends', 'Close + Dividends', 'Close + Dividends', 'Close + Dividends', 'Close + Dividends', 'Close + Dividends']","[83.87, 104.51, 123.29, 123.89, 104.0, 81.62, 46.97]"
42,2018-06-29,"['SHY', 'IEF', 'TLT', 'GLD', 'MTUM', 'QUAL', 'SPLV']","[71.8, 87.36, 100.43, 118.65, 100.9, 75.45, 40.81]","[83.37, 102.51, 121.72, 118.65, 109.7, 83.45, 47.41]","[0.0, 0.0, 0.0, 0.0, 0.0, 0.0, 0.0]","[83.37, 102.51, 121.72, 118.65, 109.7, 83.45, 47.41]","['Close + Dividends', 'Close + Dividends', 'Close + Dividends', 'Close + Dividends', 'Close + Dividends', 'Close + Dividends', 'Close + Dividends']","[83.73, 103.93, 122.66, 123.18, 105.64, 82.42, 47.16]"
43,2018-07-31,"['SHY', 'IEF', 'TLT', 'GLD', 'MTUM', 'QUAL', 'SPLV']","[71.76, 86.9, 98.99, 115.99, 102.67, 78.25, 42.26]","[83.19, 101.78, 119.7, 115.99, 111.63, 86.55, 49.0]","[0.0, 0.0, 0.0, 0.0, 0.0, 0.0, 0.0]","[83.19, 101.78, 119.7, 115.99, 111.63, 86.55, 49.0]","['Close + Dividends', 'Close + Dividends', 'Close + Dividends', 'Close + Dividends', 'Close + Dividends', 'Close + Dividends', 'Close + Dividends']","[83.61, 103.46, 122.16, 122.62, 107.23, 83.36, 47.48]"
44,2018-08-31,"['SHY', 'IEF', 'TLT', 'GLD', 'MTUM', 'QUAL', 'SPLV']","[72.01, 87.78, 100.28, 113.51, 108.7, 81.18, 43.01]","[83.34, 102.61, 121.0, 113.51, 118.18, 89.78, 49.78]","[0.0, 0.0, 0.0, 0.0, 0.0, 0.0, 0.0]","[83.34, 102.61, 121.0, 113.51, 118.18, 89.78, 49.78]","['Close + Dividends', 'Close + Dividends', 'Close + Dividends', 'Close + Dividends', 'Close + Dividends', 'Close + Dividends', 'Close + Dividends']","[83.51, 103.1, 121.81, 121.9, 109.0, 84.4, 47.8]"
45,2018-09-28,"['SHY', 'IEF', 'TLT', 'GLD', 'MTUM', 'QUAL', 'SPLV']","[71.9, 86.72, 97.41, 112.76, 109.69, 82.04, 42.85]","[83.09, 101.17, 117.27, 112.76, 119.0, 90.37, 49.52]","[0.0, 0.0, 0.0, 0.0, 0.0, 0.0, 0.0]","[83.09, 101.17, 117.27, 112.76, 119.0, 90.37, 49.52]","['Close + Dividends', 'Close + Dividends', 'Close + Dividends', 'Close + Dividends', 'Close + Dividends', 'Close + Dividends', 'Close + Dividends']","[83.42, 102.65, 121.03, 121.07, 110.57, 85.21, 47.93]"
46,2018-10-31,"['SHY', 'IEF', 'TLT', 'GLD', 'MTUM', 'QUAL', 'SPLV']","[72.01, 86.46, 94.56, 115.15, 98.88, 75.83, 41.6]","[83.08, 100.66, 113.58, 115.15, 107.27, 83.53, 47.99]","[0.0, 0.0, 0.0, 0.0, 0.0, 0.0, 0.0]","[83.08, 100.66, 113.58, 115.15, 107.27, 83.53, 47.99]","['Close + Dividends', 'Close + Dividends', 'Close + Dividends', 'Close + Dividends', 'Close + Dividends', 'Close + Dividends', 'Close + Dividends']","[83.34, 102.16, 119.7, 120.22, 110.99, 85.27, 47.96]"
47,2018-11-30,"['SHY', 'IEF', 'TLT', 'GLD', 'MTUM', 'QUAL', 'SPLV']","[72.29, 87.61, 96.25, 115.54, 100.28, 76.53, 43.55]","[83.25, 101.78, 115.33, 115.54, 108.79, 84.3, 50.15]","[0.0, 0.0, 0.0, 0.0, 0.0, 0.0, 0.0]","[83.25, 101.78, 115.33, 115.54, 108.79, 84.3, 50.15]","['Close + Dividends', 'Close + Dividends', 'Close + Dividends', 'Close + Dividends', 'Close + Dividends', 'Close + Dividends', 'Close + Dividends']","[83.3, 102.01, 118.96, 119.01, 110.7, 85.03, 48.09]"
48,2018-12-31,"['SHY', 'IEF', 'TLT', 'GLD', 'MTUM', 'QUAL', 'SPLV']","[72.84, 90.07, 101.88, 121.25, 92.75, 70.05, 40.59]","[83.62, 104.2, 121.51, 121.25, 100.23, 76.76, 46.65]","[0.0, 0.0, 0.0, 0.0, 0.0, 0.0, 0.0]","[83.62, 104.2, 121.51, 121.25, 100.23, 76.76, 46.65]","['Close + Dividends', 'Close + Dividends', 'Close + Dividends', 'Close + Dividends', 'Close + Dividends', 'Close + Dividends', 'Close + Dividends']","[83.32, 102.21, 119.23, 118.63, 109.73, 84.29, 48.09]"
49,2019-01-31,"['SHY', 'IEF', 'TLT', 'GLD', 'MTUM', 'QUAL', 'SPLV']","[73.02, 90.66, 102.27, 124.75, 98.73, 75.82, 43.29]","[83.83, 104.88, 121.97, 124.75, 106.7, 83.09, 49.66]","[0.0, 0.0, 0.0, 0.0, 0.0, 0.0, 0.0]","[83.83, 104.88, 121.97, 124.75, 106.7, 83.09, 49.66]","['Close + Dividends', 'Close + Dividends', 'Close + Dividends', 'Close + Dividends', 'Close + Dividends', 'Close + Dividends', 'Close + Dividends']","[83.35, 102.38, 119.24, 118.53, 109.81, 84.33, 48.36]"
50,2019-02-28,"['SHY', 'IEF', 'TLT', 'GLD', 'MTUM', 'QUAL', 'SPLV']","[73.08, 90.18, 100.86, 123.99, 102.08, 79.13, 45.03]","[83.75, 104.11, 120.02, 123.99, 110.32, 86.71, 51.56]","[0.0, 0.0, 0.0, 0.0, 0.0, 0.0, 0.0]","[83.75, 104.11, 120.02, 123.99, 110.32, 86.71, 51.56]","['Close + Dividends', 'Close + Dividends', 'Close + Dividends', 'Close + Dividends', 'Close + Dividends', 'Close + Dividends', 'Close + Dividends']","[83.4, 102.62, 119.33, 118.47, 110.19, 84.84, 48.85]"
51,2019-03-29,"['SHY', 'IEF', 'TLT', 'GLD', 'MTUM', 'QUAL', 'SPLV']","[73.54, 92.57, 106.48, 122.01, 104.24, 81.13, 46.06]","[84.12, 106.67, 126.44, 122.01, 112.18, 88.55, 52.64]","[0.0, 0.0, 0.0, 0.0, 0.0, 0.0, 0.0]","[84.12, 106.67, 126.44, 122.01, 112.18, 88.55, 52.64]","['Close + Dividends', 'Close + Dividends', 'Close + Dividends', 'Close + Dividends', 'Close + Dividends', 'Close + Dividends', 'Close + Dividends']","[83.46, 103.04, 119.85, 118.36, 110.4, 85.31, 49.44]"
52,2019-04-30,"['SHY', 'IEF', 'TLT', 'GLD', 'MTUM', 'QUAL', 'SPLV']","[73.68, 92.09, 104.36, 121.2, 106.6, 84.21, 47.14]","[84.11, 105.9, 123.65, 121.2, 114.71, 91.91, 53.77]","[0.0, 0.0, 0.0, 0.0, 0.0, 0.0, 0.0]","[84.11, 105.9, 123.65, 121.2, 114.71, 91.91, 53.77]","['Close + Dividends', 'Close + Dividends', 'Close + Dividends', 'Close + Dividends', 'Close + Dividends', 'Close + Dividends', 'Close + Dividends']","[83.54, 103.38, 120.05, 118.62, 110.9, 86.16, 50.07]"
53,2019-05-31,"['SHY', 'IEF', 'TLT', 'GLD', 'MTUM', 'QUAL', 'SPLV']","[74.21, 94.9, 111.5, 123.33, 104.25, 78.67, 46.68]","[84.56, 108.91, 131.83, 123.33, 112.19, 85.86, 53.15]","[0.0, 0.0, 0.0, 0.0, 0.0, 0.0, 0.0]","[84.56, 108.91, 131.83, 123.33, 112.19, 85.86, 53.15]","['Close + Dividends', 'Close + Dividends', 'Close + Dividends', 'Close + Dividends', 'Close + Dividends', 'Close + Dividends', 'Close + Dividends']","[83.67, 104.09, 121.26, 119.35, 110.96, 86.09, 50.49]"
54,2019-06-28,"['SHY', 'IEF', 'TLT', 'GLD', 'MTUM', 'QUAL', 'SPLV']","[74.55, 96.06, 112.56, 133.2, 110.64, 84.23, 48.41]","[84.78, 110.02, 132.81, 133.2, 118.6, 91.47, 55.02]","[0.0, 0.0, 0.0, 0.0, 0.0, 0.0, 0.0]","[84.78, 110.02, 132.81, 133.2, 118.6, 91.47, 55.02]","['Close + Dividends', 'Close + Dividends', 'Close + Dividends', 'Close + Dividends', 'Close + Dividends', 'Close + Dividends', 'Close + Dividends']","[83.82, 104.83, 122.44, 121.32, 111.0, 86.26, 51.01]"
55,2019-07-31,"['SHY', 'IEF', 'TLT', 'GLD', 'MTUM', 'QUAL', 'SPLV']","[74.5, 96.09, 112.84, 133.21, 112.62, 85.39, 48.96]","[84.57, 109.87, 132.89, 133.21, 120.73, 92.73, 55.54]","[0.0, 0.0, 0.0, 0.0, 0.0, 0.0, 0.0]","[84.57, 109.87, 132.89, 133.21, 120.73, 92.73, 55.54]","['Close + Dividends', 'Close + Dividends', 'Close + Dividends', 'Close + Dividends', 'Close + Dividends', 'Close + Dividends', 'Close + Dividends']","[83.97, 105.7, 124.0, 123.36, 111.17, 86.49, 51.61]"
56,2019-08-30,"['SHY', 'IEF', 'TLT', 'GLD', 'MTUM', 'QUAL', 'SPLV']","[75.09, 99.89, 125.31, 143.75, 112.92, 83.87, 50.11]","[85.08, 114.01, 147.28, 143.75, 121.05, 91.08, 56.74]","[0.0, 0.0, 0.0, 0.0, 0.0, 0.0, 0.0]","[85.08, 114.01, 147.28, 143.75, 121.05, 91.08, 56.74]","['Close + Dividends', 'Close + Dividends', 'Close + Dividends', 'Close + Dividends', 'Close + Dividends', 'Close + Dividends', 'Close + Dividends']","[84.17, 107.03, 127.37, 126.22, 112.55, 87.25, 52.49]"
57,2019-09-30,"['SHY', 'IEF', 'TLT', 'GLD', 'MTUM', 'QUAL', 'SPLV']","[74.98, 98.71, 121.95, 138.87, 111.64, 85.43, 51.23]","[84.82, 112.47, 143.08, 138.87, 119.25, 92.4, 57.9]","[0.0, 0.0, 0.0, 0.0, 0.0, 0.0, 0.0]","[84.82, 112.47, 143.08, 138.87, 119.25, 92.4, 57.9]","['Close + Dividends', 'Close + Dividends', 'Close + Dividends', 'Close + Dividends', 'Close + Dividends', 'Close + Dividends', 'Close + Dividends']","[84.32, 108.1, 130.15, 128.56, 113.6, 88.06, 53.26]"
58,2019-10-31,"['SHY', 'IEF', 'TLT', 'GLD', 'MTUM', 'QUAL', 'SPLV']","[75.22, 98.89, 120.6, 142.43, 112.36, 87.31, 51.03]","[84.95, 112.51, 141.24, 142.43, 120.02, 94.44, 57.57]","[0.0, 0.0, 0.0, 0.0, 0.0, 0.0, 0.0]","[84.95, 112.51, 141.24, 142.43, 120.02, 94.44, 57.57]","['Close + Dividends', 'Close + Dividends', 'Close + Dividends', 'Close + Dividends', 'Close + Dividends', 'Close + Dividends', 'Close + Dividends']","[84.46, 108.94, 132.12, 130.67, 115.58, 89.82, 54.36]"
59,2019-11-29,"['SHY', 'IEF', 'TLT', 'GLD', 'MTUM', 'QUAL', 'SPLV']","[75.18, 98.21, 120.11, 137.86, 116.05, 91.2, 51.02]","[84.77, 111.57, 140.42, 137.86, 123.97, 98.65, 57.46]","[0.0, 0.0, 0.0, 0.0, 0.0, 0.0, 0.0]","[84.77, 111.57, 140.42, 137.86, 123.97, 98.65, 57.46]","['Close + Dividends', 'Close + Dividends', 'Close + Dividends', 'Close + Dividends', 'Close + Dividends', 'Close + Dividends', 'Close + Dividends']","[84.55, 109.6, 133.97, 131.98, 117.3, 91.38, 55.14]"
60,2019-12-31,"['SHY', 'IEF', 'TLT', 'GLD', 'MTUM', 'QUAL', 'SPLV']","[75.3, 97.3, 116.27, 142.9, 118.02, 93.79, 51.9]","[84.63, 110.22, 135.48, 142.9, 125.56, 101.0, 58.34]","[0.0, 0.0, 0.0, 0.0, 0.0, 0.0, 0.0]","[84.63, 110.22, 135.48, 142.9, 125.56, 101.0, 58.34]","['Close + Dividends', 'Close + Dividends', 'Close + Dividends', 'Close + Dividends', 'Close + Dividends', 'Close + Dividends', 'Close + Dividends']","[84.64, 110.22, 135.51, 133.88, 118.83, 92.81, 55.81]"
61,2020-01-31,"['SHY', 'IEF', 'TLT', 'GLD', 'MTUM', 'QUAL', 'SPLV']","[75.74, 100.67, 125.21, 149.33, 122.44, 93.15, 53.46]","[85.12, 114.04, 145.9, 149.33, 130.26, 100.31, 59.97]","[0.0, 0.0, 0.0, 0.0, 0.0, 0.0, 0.0]","[85.12, 114.04, 145.9, 149.33, 130.26, 100.31, 59.97]","['Close + Dividends', 'Close + Dividends', 'Close + Dividends', 'Close + Dividends', 'Close + Dividends', 'Close + Dividends', 'Close + Dividends']","[84.74, 110.95, 137.46, 136.61, 120.63, 93.99, 56.55]"
62,2020-02-28,"['SHY', 'IEF', 'TLT', 'GLD', 'MTUM', 'QUAL', 'SPLV']","[76.4, 103.65, 133.5, 148.38, 113.64, 85.39, 48.37]","[85.73, 117.26, 155.31, 148.38, 120.9, 91.95, 54.16]","[0.0, 0.0, 0.0, 0.0, 0.0, 0.0, 0.0]","[85.73, 117.26, 155.31, 148.38, 120.9, 91.95, 54.16]","['Close + Dividends', 'Close + Dividends', 'Close + Dividends', 'Close + Dividends', 'Close + Dividends', 'Close + Dividends', 'Close + Dividends']","[84.9, 112.09, 140.62, 139.33, 121.25, 93.99, 56.59]"
63,2020-03-31,"['SHY', 'IEF', 'TLT', 'GLD', 'MTUM', 'QUAL', 'SPLV']","[77.35, 107.51, 142.02, 148.05, 100.54, 75.66, 42.02]","[86.67, 121.48, 164.97, 148.05, 106.48, 81.04, 46.92]","[0.0, 0.0, 0.0, 0.0, 0.0, 0.0, 0.0]","[86.67, 121.48, 164.97, 148.05, 106.48, 81.04, 46.92]","['Close + Dividends', 'Close + Dividends', 'Close + Dividends', 'Close + Dividends', 'Close + Dividends', 'Close + Dividends', 'Close + Dividends']","[85.11, 113.35, 143.94, 141.8, 120.68, 93.51, 55.96]"
64,2020-04-30,"['SHY', 'IEF', 'TLT', 'GLD', 'MTUM', 'QUAL', 'SPLV']","[77.56, 107.81, 143.75, 158.8, 112.3, 84.95, 44.83]","[86.8, 121.67, 166.74, 158.8, 118.94, 90.99, 49.94]","[0.0, 0.0, 0.0, 0.0, 0.0, 0.0, 0.0]","[86.8, 121.67, 166.74, 158.8, 118.94, 90.99, 49.94]","['Close + Dividends', 'Close + Dividends', 'Close + Dividends', 'Close + Dividends', 'Close + Dividends', 'Close + Dividends', 'Close + Dividends']","[85.31, 114.51, 147.33, 144.36, 120.72, 93.46, 55.45]"
65,2020-05-29,"['SHY', 'IEF', 'TLT', 'GLD', 'MTUM', 'QUAL', 'SPLV']","[77.5, 108.16, 141.22, 162.91, 118.89, 89.72, 44.98]","[86.66, 121.94, 163.59, 162.91, 125.92, 96.1, 49.98]","[0.0, 0.0, 0.0, 0.0, 0.0, 0.0, 0.0]","[86.66, 121.94, 163.59, 162.91, 125.92, 96.1, 49.98]","['Close + Dividends', 'Close + Dividends', 'Close + Dividends', 'Close + Dividends', 'Close + Dividends', 'Close + Dividends', 'Close + Dividends']","[85.52, 115.72, 150.4, 147.33, 121.23, 93.8, 54.9]"
66,2020-06-30,"['SHY', 'IEF', 'TLT', 'GLD', 'MTUM', 'QUAL', 'SPLV']","[77.52, 108.21, 141.69, 167.37, 124.03, 89.89, 44.8]","[86.61, 121.87, 163.93, 167.37, 131.0, 95.92, 49.68]","[0.0, 0.0, 0.0, 0.0, 0.0, 0.0, 0.0]","[86.61, 121.87, 163.93, 167.37, 131.0, 95.92, 49.68]","['Close + Dividends', 'Close + Dividends', 'Close + Dividends', 'Close + Dividends', 'Close + Dividends', 'Close + Dividends', 'Close + Dividends']","[85.68, 116.5, 152.07, 149.69, 122.23, 94.28, 54.19]"
67,2020-07-31,"['SHY', 'IEF', 'TLT', 'GLD', 'MTUM', 'QUAL', 'SPLV']","[77.59, 109.13, 147.98, 185.43, 132.73, 94.34, 48.14]","[86.63, 122.8, 171.0, 185.43, 140.19, 100.67, 53.27]","[0.0, 0.0, 0.0, 0.0, 0.0, 0.0, 0.0]","[86.63, 122.8, 171.0, 185.43, 140.19, 100.67, 53.27]","['Close + Dividends', 'Close + Dividends', 'Close + Dividends', 'Close + Dividends', 'Close + Dividends', 'Close + Dividends', 'Close + Dividends']","[85.86, 117.54, 154.86, 154.35, 124.32, 95.11, 53.73]"
68,2020-08-31,"['SHY', 'IEF', 'TLT', 'GLD', 'MTUM', 'QUAL', 'SPLV']","[77.57, 108.07, 140.51, 184.83, 145.32, 100.82, 49.51]","[86.56, 121.51, 162.19, 184.83, 153.48, 107.58, 54.68]","[0.0, 0.0, 0.0, 0.0, 0.0, 0.0, 0.0]","[86.56, 121.51, 162.19, 184.83, 153.48, 107.58, 54.68]","['Close + Dividends', 'Close + Dividends', 'Close + Dividends', 'Close + Dividends', 'Close + Dividends', 'Close + Dividends', 'Close + Dividends']","[86.02, 118.44, 156.95, 158.59, 127.67, 96.42, 53.44]"
69,2020-09-30,"['SHY', 'IEF', 'TLT', 'GLD', 'MTUM', 'QUAL', 'SPLV']","[77.57, 108.43, 141.59, 177.12, 139.79, 97.64, 48.63]","[86.51, 121.82, 163.26, 177.12, 147.4, 103.74, 53.64]","[0.0, 0.0, 0.0, 0.0, 0.0, 0.0, 0.0]","[86.51, 121.82, 163.26, 177.12, 147.4, 103.74, 53.64]","['Close + Dividends', 'Close + Dividends', 'Close + Dividends', 'Close + Dividends', 'Close + Dividends', 'Close + Dividends', 'Close + Dividends']","[86.19, 119.46, 159.24, 162.51, 130.01, 96.93, 53.06]"
70,2020-10-30,"['SHY', 'IEF', 'TLT', 'GLD', 'MTUM', 'QUAL', 'SPLV']","[77.54, 106.93, 136.8, 176.2, 133.94, 95.11, 47.23]","[86.43, 120.06, 157.57, 176.2, 141.23, 101.05, 52.03]","[0.0, 0.0, 0.0, 0.0, 0.0, 0.0, 0.0]","[86.43, 120.06, 157.57, 176.2, 141.23, 101.05, 52.03]","['Close + Dividends', 'Close + Dividends', 'Close + Dividends', 'Close + Dividends', 'Close + Dividends', 'Close + Dividends', 'Close + Dividends']","[86.37, 120.45, 161.45, 165.84, 131.58, 96.93, 52.43]"
71,2020-11-30,"['SHY', 'IEF', 'TLT', 'GLD', 'MTUM', 'QUAL', 'SPLV']","[77.55, 107.29, 139.08, 166.67, 148.17, 105.85, 50.16]","[86.41, 120.39, 160.02, 166.67, 156.24, 112.46, 55.18]","[0.0, 0.0, 0.0, 0.0, 0.0, 0.0, 0.0]","[86.41, 120.39, 160.02, 166.67, 156.24, 112.46, 55.18]","['Close + Dividends', 'Close + Dividends', 'Close + Dividends', 'Close + Dividends', 'Close + Dividends', 'Close + Dividends', 'Close + Dividends']","[86.5, 121.08, 162.86, 167.58, 134.18, 98.15, 51.95]"
72,2020-12-31,"['SHY', 'IEF', 'TLT', 'GLD', 'MTUM', 'QUAL', 'SPLV']","[77.59, 107.04, 137.37, 178.36, 153.27, 109.77, 51.18]","[86.38, 119.95, 157.73, 178.36, 161.29, 116.21, 56.23]","[0.0, 0.0, 0.0, 0.0, 0.0, 0.0, 0.0]","[86.38, 119.95, 157.73, 178.36, 161.29, 116.21, 56.23]","['Close + Dividends', 'Close + Dividends', 'Close + Dividends', 'Close + Dividends', 'Close + Dividends', 'Close + Dividends', 'Close + Dividends']","[86.57, 121.35, 163.1, 170.57, 138.22, 100.58, 52.15]"
73,2021-01-29,"['SHY', 'IEF', 'TLT', 'GLD', 'MTUM', 'QUAL', 'SPLV']","[77.6, 105.87, 132.38, 172.61, 155.71, 106.66, 50.25]","[86.4, 118.64, 152.0, 172.61, 163.86, 112.92, 55.13]","[0.0, 0.0, 0.0, 0.0, 0.0, 0.0, 0.0]","[86.4, 118.64, 152.0, 172.61, 163.86, 112.92, 55.13]","['Close + Dividends', 'Close + Dividends', 'Close + Dividends', 'Close + Dividends', 'Close + Dividends', 'Close + Dividends', 'Close + Dividends']","[86.54, 121.07, 161.8, 173.03, 143.95, 103.76, 52.98]"
74,2021-02-26,"['SHY', 'IEF', 'TLT', 'GLD', 'MTUM', 'QUAL', 'SPLV']","[77.56, 103.37, 124.79, 161.81, 154.8, 110.07, 49.67]","[86.32, 115.76, 143.12, 161.81, 162.9, 116.53, 54.41]","[0.0, 0.0, 0.0, 0.0, 0.0, 0.0, 0.0]","[86.32, 115.76, 143.12, 161.81, 162.9, 116.53, 54.41]","['Close + Dividends', 'Close + Dividends', 'Close + Dividends', 'Close + Dividends', 'Close + Dividends', 'Close + Dividends', 'Close + Dividends']","[86.49, 120.47, 159.44, 173.33, 148.35, 106.32, 53.42]"
75,2021-03-31,"['SHY', 'IEF', 'TLT', 'GLD', 'MTUM', 'QUAL', 'SPLV']","[77.52, 100.9, 118.25, 159.96, 152.95, 115.55, 53.16]","[86.25, 112.93, 135.45, 159.96, 160.86, 121.78, 58.15]","[0.0, 0.0, 0.0, 0.0, 0.0, 0.0, 0.0]","[86.25, 112.93, 135.45, 159.96, 160.86, 121.78, 58.15]","['Close + Dividends', 'Close + Dividends', 'Close + Dividends', 'Close + Dividends', 'Close + Dividends', 'Close + Dividends', 'Close + Dividends']","[86.45, 119.57, 156.63, 173.04, 151.84, 108.89, 54.24]"
76,2021-04-30,"['SHY', 'IEF', 'TLT', 'GLD', 'MTUM', 'QUAL', 'SPLV']","[77.56, 101.91, 121.2, 165.66, 163.74, 121.1, 55.33]","[86.28, 113.99, 138.64, 165.66, 172.21, 127.63, 60.44]","[0.0, 0.0, 0.0, 0.0, 0.0, 0.0, 0.0]","[86.28, 113.99, 138.64, 165.66, 172.21, 127.63, 60.44]","['Close + Dividends', 'Close + Dividends', 'Close + Dividends', 'Close + Dividends', 'Close + Dividends', 'Close + Dividends', 'Close + Dividends']","[86.42, 118.78, 154.1, 172.86, 155.97, 112.06, 55.32]"
77,2021-05-28,"['SHY', 'IEF', 'TLT', 'GLD', 'MTUM', 'QUAL', 'SPLV']","[77.61, 102.34, 121.2, 178.38, 162.01, 122.33, 55.95]","[86.32, 114.4, 138.44, 178.38, 170.39, 128.92, 61.04]","[0.0, 0.0, 0.0, 0.0, 0.0, 0.0, 0.0]","[86.32, 114.4, 138.44, 178.38, 170.39, 128.92, 61.04]","['Close + Dividends', 'Close + Dividends', 'Close + Dividends', 'Close + Dividends', 'Close + Dividends', 'Close + Dividends', 'Close + Dividends']","[86.39, 117.94, 150.84, 172.16, 158.99, 114.88, 56.09]"
78,2021-06-30,"['SHY', 'IEF', 'TLT', 'GLD', 'MTUM', 'QUAL', 'SPLV']","[77.47, 103.39, 126.55, 165.63, 165.02, 126.44, 55.91]","[86.16, 115.49, 144.35, 165.63, 173.43, 132.87, 60.91]","[0.0, 0.0, 0.0, 0.0, 0.0, 0.0, 0.0]","[86.16, 115.49, 144.35, 165.63, 173.43, 132.87, 60.91]","['Close + Dividends', 'Close + Dividends', 'Close + Dividends', 'Close + Dividends', 'Close + Dividends', 'Close + Dividends', 'Close + Dividends']","[86.35, 117.34, 149.06, 170.24, 160.98, 117.41, 56.72]"
79,2021-07-30,"['SHY', 'IEF', 'TLT', 'GLD', 'MTUM', 'QUAL', 'SPLV']","[77.6, 105.45, 131.26, 169.82, 166.54, 130.72, 57.96]","[86.29, 117.71, 149.52, 169.82, 175.03, 137.36, 63.06]","[0.0, 0.0, 0.0, 0.0, 0.0, 0.0, 0.0]","[86.29, 117.71, 149.52, 169.82, 175.03, 137.36, 63.06]","['Close + Dividends', 'Close + Dividends', 'Close + Dividends', 'Close + Dividends', 'Close + Dividends', 'Close + Dividends', 'Close + Dividends']","[86.32, 116.93, 147.68, 169.51, 163.74, 120.77, 57.66]"
80,2021-08-31,"['SHY', 'IEF', 'TLT', 'GLD', 'MTUM', 'QUAL', 'SPLV']","[77.58, 105.03, 130.81, 169.69, 173.4, 134.42, 58.99]","[86.25, 117.17, 148.83, 169.69, 182.24, 141.25, 64.1]","[0.0, 0.0, 0.0, 0.0, 0.0, 0.0, 0.0]","[86.25, 117.17, 148.83, 169.69, 182.24, 141.25, 64.1]","['Close + Dividends', 'Close + Dividends', 'Close + Dividends', 'Close + Dividends', 'Close + Dividends', 'Close + Dividends', 'Close + Dividends']","[86.31, 116.64, 146.81, 168.86, 167.84, 124.79, 58.87]"
81,2021-09-30,"['SHY', 'IEF', 'TLT', 'GLD', 'MTUM', 'QUAL', 'SPLV']","[77.5, 103.35, 127.01, 164.22, 167.39, 125.74, 55.99]","[86.15, 115.22, 144.32, 164.22, 175.6, 131.73, 60.84]","[0.0, 0.0, 0.0, 0.0, 0.0, 0.0, 0.0]","[86.15, 115.22, 144.32, 164.22, 175.6, 131.73, 60.84]","['Close + Dividends', 'Close + Dividends', 'Close + Dividends', 'Close + Dividends', 'Close + Dividends', 'Close + Dividends', 'Close + Dividends']","[86.28, 116.13, 145.24, 168.61, 169.78, 126.72, 59.43]"
82,2021-10-29,"['SHY', 'IEF', 'TLT', 'GLD', 'MTUM', 'QUAL', 'SPLV']","[77.24, 102.9, 130.14, 166.65, 181.77, 135.44, 58.62]","[85.85, 114.63, 147.69, 166.65, 190.68, 141.89, 63.6]","[0.0, 0.0, 0.0, 0.0, 0.0, 0.0, 0.0]","[85.85, 114.63, 147.69, 166.65, 190.68, 141.89, 63.6]","['Close + Dividends', 'Close + Dividends', 'Close + Dividends', 'Close + Dividends', 'Close + Dividends', 'Close + Dividends', 'Close + Dividends']","[86.23, 115.59, 144.24, 167.44, 172.72, 129.29, 60.17]"
83,2021-11-30,"['SHY', 'IEF', 'TLT', 'GLD', 'MTUM', 'QUAL', 'SPLV']","[77.19, 104.02, 133.75, 165.5, 174.59, 134.62, 57.83]","[85.79, 115.8, 151.59, 165.5, 183.15, 141.03, 62.65]","[0.0, 0.0, 0.0, 0.0, 0.0, 0.0, 0.0]","[85.79, 115.8, 151.59, 165.5, 183.15, 141.03, 62.65]","['Close + Dividends', 'Close + Dividends', 'Close + Dividends', 'Close + Dividends', 'Close + Dividends', 'Close + Dividends', 'Close + Dividends']","[86.17, 115.31, 144.2, 166.73, 174.65, 132.1, 60.92]"
84,2021-12-31,"['SHY', 'IEF', 'TLT', 'GLD', 'MTUM', 'QUAL', 'SPLV']","[77.03, 103.48, 131.05, 170.96, 173.74, 139.34, 63.44]","[85.54, 115.0, 148.19, 170.96, 181.82, 145.56, 68.63]","[0.0, 0.0, 0.0, 0.0, 0.0, 0.0, 0.0]","[85.54, 115.0, 148.19, 170.96, 181.82, 145.56, 68.63]","['Close + Dividends', 'Close + Dividends', 'Close + Dividends', 'Close + Dividends', 'Close + Dividends', 'Close + Dividends', 'Close + Dividends']","[86.09, 115.23, 144.7, 167.65, 176.54, 135.0, 62.34]"
85,2022-01-31,"['SHY', 'IEF', 'TLT', 'GLD', 'MTUM', 'QUAL', 'SPLV']","[76.5, 101.29, 125.92, 168.09, 158.05, 129.65, 60.51]","[84.95, 112.57, 142.39, 168.09, 165.4, 135.44, 65.35]","[0.0, 0.0, 0.0, 0.0, 0.0, 0.0, 0.0]","[84.95, 112.57, 142.39, 168.09, 165.4, 135.44, 65.35]","['Close + Dividends', 'Close + Dividends', 'Close + Dividends', 'Close + Dividends', 'Close + Dividends', 'Close + Dividends', 'Close + Dividends']","[85.96, 115.2, 145.4, 168.46, 176.99, 136.37, 63.06]"
86,2022-02-28,"['SHY', 'IEF', 'TLT', 'GLD', 'MTUM', 'QUAL', 'SPLV']","[76.17, 100.98, 123.87, 178.38, 153.82, 124.33, 59.12]","[84.56, 112.12, 139.87, 178.38, 160.97, 129.88, 63.74]","[0.0, 0.0, 0.0, 0.0, 0.0, 0.0, 0.0]","[84.56, 112.12, 139.87, 178.38, 160.97, 129.88, 63.74]","['Close + Dividends', 'Close + Dividends', 'Close + Dividends', 'Close + Dividends', 'Close + Dividends', 'Close + Dividends', 'Close + Dividends']","[85.79, 115.01, 145.52, 169.73, 175.87, 136.59, 63.39]"
87,2022-03-31,"['SHY', 'IEF', 'TLT', 'GLD', 'MTUM', 'QUAL', 'SPLV']","[75.1, 96.88, 117.12, 180.65, 161.16, 129.25, 62.33]","[83.35, 107.47, 132.08, 180.65, 168.27, 134.63, 67.09]","[0.0, 0.0, 0.0, 0.0, 0.0, 0.0, 0.0]","[83.35, 107.47, 132.08, 180.65, 168.27, 134.63, 67.09]","['Close + Dividends', 'Close + Dividends', 'Close + Dividends', 'Close + Dividends', 'Close + Dividends', 'Close + Dividends', 'Close + Dividends']","[85.49, 114.32, 144.88, 169.96, 175.66, 137.16, 64.0]"
88,2022-04-29,"['SHY', 'IEF', 'TLT', 'GLD', 'MTUM', 'QUAL', 'SPLV']","[74.73, 92.78, 106.09, 176.91, 140.72, 118.54, 60.82]","[82.9, 102.81, 119.45, 176.91, 146.93, 123.48, 65.35]","[0.0, 0.0, 0.0, 0.0, 0.0, 0.0, 0.0]","[82.9, 102.81, 119.45, 176.91, 146.93, 123.48, 65.35]","['Close + Dividends', 'Close + Dividends', 'Close + Dividends', 'Close + Dividends', 'Close + Dividends', 'Close + Dividends', 'Close + Dividends']","[85.16, 113.05, 142.39, 171.09, 173.01, 136.23, 64.44]"
89,2022-05-31,"['SHY', 'IEF', 'TLT', 'GLD', 'MTUM', 'QUAL', 'SPLV']","[75.17, 93.36, 103.7, 171.14, 139.88, 118.34, 60.5]","[83.35, 103.32, 116.56, 171.14, 146.05, 123.27, 64.89]","[0.0, 0.0, 0.0, 0.0, 0.0, 0.0, 0.0]","[83.35, 103.32, 116.56, 171.14, 146.05, 123.27, 64.89]","['Close + Dividends', 'Close + Dividends', 'Close + Dividends', 'Close + Dividends', 'Close + Dividends', 'Close + Dividends', 'Close + Dividends']","[84.87, 111.61, 139.1, 171.22, 170.11, 134.82, 64.62]"
90,2022-06-30,"['SHY', 'IEF', 'TLT', 'GLD', 'MTUM', 'QUAL', 'SPLV']","[74.73, 92.55, 102.37, 168.46, 130.94, 107.63, 57.91]","[82.79, 102.3, 114.87, 168.46, 136.37, 111.73, 62.0]","[0.0, 0.0, 0.0, 0.0, 0.0, 0.0, 0.0]","[82.79, 102.3, 114.87, 168.46, 136.37, 111.73, 62.0]","['Close + Dividends', 'Close + Dividends', 'Close + Dividends', 'Close + Dividends', 'Close + Dividends', 'Close + Dividends', 'Close + Dividends']","[84.52, 110.12, 135.7, 171.1, 165.52, 131.86, 64.41]"
91,2022-07-29,"['SHY', 'IEF', 'TLT', 'GLD', 'MTUM', 'QUAL', 'SPLV']","[75.03, 95.29, 104.86, 164.1, 137.71, 117.55, 60.37]","[83.05, 105.17, 117.43, 164.1, 143.42, 122.02, 64.51]","[0.0, 0.0, 0.0, 0.0, 0.0, 0.0, 0.0]","[83.05, 105.17, 117.43, 164.1, 143.42, 122.02, 64.51]","['Close + Dividends', 'Close + Dividends', 'Close + Dividends', 'Close + Dividends', 'Close + Dividends', 'Close + Dividends', 'Close + Dividends']","[84.21, 109.12, 133.01, 171.08, 162.31, 130.89, 64.78]"
92,2022-08-31,"['SHY', 'IEF', 'TLT', 'GLD', 'MTUM', 'QUAL', 'SPLV']","[74.42, 91.62, 100.09, 159.27, 134.97, 111.51, 59.24]","[82.29, 100.94, 111.88, 159.27, 140.56, 115.75, 63.2]","[0.0, 0.0, 0.0, 0.0, 0.0, 0.0, 0.0]","[82.29, 100.94, 111.88, 159.27, 140.56, 115.75, 63.2]","['Close + Dividends', 'Close + Dividends', 'Close + Dividends', 'Close + Dividends', 'Close + Dividends', 'Close + Dividends', 'Close + Dividends']","[83.86, 107.75, 129.43, 170.35, 157.29, 128.28, 64.74]"
93,2022-09-30,"['SHY', 'IEF', 'TLT', 'GLD', 'MTUM', 'QUAL', 'SPLV']","[73.54, 87.28, 91.85, 154.67, 126.93, 100.63, 54.31]","[81.21, 95.99, 102.45, 154.67, 131.18, 103.94, 57.83]","[0.0, 0.0, 0.0, 0.0, 0.0, 0.0, 0.0]","[81.21, 95.99, 102.45, 154.67, 131.18, 103.94, 57.83]","['Close + Dividends', 'Close + Dividends', 'Close + Dividends', 'Close + Dividends', 'Close + Dividends', 'Close + Dividends', 'Close + Dividends']","[83.4, 105.77, 124.52, 169.26, 152.1, 124.57, 64.26]"
94,2022-10-31,"['SHY', 'IEF', 'TLT', 'GLD', 'MTUM', 'QUAL', 'SPLV']","[73.44, 86.01, 86.37, 151.91, 142.86, 108.97, 58.09]","[81.0, 94.41, 96.11, 151.91, 147.64, 112.56, 61.74]","[0.0, 0.0, 0.0, 0.0, 0.0, 0.0, 0.0]","[81.0, 94.41, 96.11, 151.91, 147.64, 112.56, 61.74]","['Close + Dividends', 'Close + Dividends', 'Close + Dividends', 'Close + Dividends', 'Close + Dividends', 'Close + Dividends', 'Close + Dividends']","[82.94, 103.71, 119.31, 167.36, 148.68, 121.27, 63.57]"
95,2022-11-30,"['SHY', 'IEF', 'TLT', 'GLD', 'MTUM', 'QUAL', 'SPLV']","[73.95, 89.12, 92.54, 164.81, 147.81, 117.37, 61.4]","[81.42, 97.61, 102.73, 164.81, 152.76, 121.24, 65.13]","[0.0, 0.0, 0.0, 0.0, 0.0, 0.0, 0.0]","[81.42, 97.61, 102.73, 164.81, 152.76, 121.24, 65.13]","['Close + Dividends', 'Close + Dividends', 'Close + Dividends', 'Close + Dividends', 'Close + Dividends', 'Close + Dividends', 'Close + Dividends']","[82.59, 102.21, 115.34, 167.03, 147.41, 119.85, 63.55]"
96,2022-12-30,"['SHY', 'IEF', 'TLT', 'GLD', 'MTUM', 'QUAL', 'SPLV']","[74.04, 87.79, 90.12, 169.64, 142.01, 110.77, 60.35]","[81.17, 95.78, 99.56, 169.64, 145.93, 113.96, 63.9]","[0.0, 0.0, 0.0, 0.0, 0.0, 0.0, 0.0]","[81.17, 95.78, 99.56, 169.64, 145.93, 113.96, 63.9]","['Close + Dividends', 'Close + Dividends', 'Close + Dividends', 'Close + Dividends', 'Close + Dividends', 'Close + Dividends', 'Close + Dividends']","[82.25, 100.58, 111.31, 166.16, 145.91, 118.26, 63.56]"
97,2023-01-31,"['SHY', 'IEF', 'TLT', 'GLD', 'MTUM', 'QUAL', 'SPLV']","[74.62, 90.94, 97.01, 179.41, 141.23, 118.7, 60.39]","[81.8, 99.21, 107.17, 179.41, 145.13, 122.11, 63.82]","[0.0, 0.0, 0.0, 0.0, 0.0, 0.0, 0.0]","[81.8, 99.21, 107.17, 179.41, 145.13, 122.11, 63.82]","['Close + Dividends', 'Close + Dividends', 'Close + Dividends', 'Close + Dividends', 'Close + Dividends', 'Close + Dividends', 'Close + Dividends']","[82.1, 99.75, 108.82, 166.03, 143.6, 117.01, 63.24]"
98,2023-02-28,"['SHY', 'IEF', 'TLT', 'GLD', 'MTUM', 'QUAL', 'SPLV']","[74.01, 87.96, 92.3, 169.78, 135.52, 115.43, 58.37]","[80.99, 95.76, 101.71, 169.78, 139.27, 118.75, 61.57]","[0.0, 0.0, 0.0, 0.0, 0.0, 0.0, 0.0]","[80.99, 95.76, 101.71, 169.78, 139.27, 118.75, 61.57]","['Close + Dividends', 'Close + Dividends', 'Close + Dividends', 'Close + Dividends', 'Close + Dividends', 'Close + Dividends', 'Close + Dividends']","[81.91, 99.05, 107.05, 165.32, 142.83, 116.53, 62.86]"
99,2023-03-31,"['SHY', 'IEF', 'TLT', 'GLD', 'MTUM', 'QUAL', 'SPLV']","[75.23, 91.24, 96.77, 183.22, 136.11, 120.97, 59.27]","[82.16, 99.12, 106.37, 183.22, 139.04, 124.07, 62.4]","[0.0, 0.0, 0.0, 0.0, 0.0, 0.0, 0.0]","[82.16, 99.12, 106.37, 183.22, 139.04, 124.07, 62.4]","['Close + Dividends', 'Close + Dividends', 'Close + Dividends', 'Close + Dividends', 'Close + Dividends', 'Close + Dividends', 'Close + Dividends']","[81.79, 98.63, 106.03, 166.53, 142.13, 116.61, 62.61]"
100,2023-04-28,"['SHY', 'IEF', 'TLT', 'GLD', 'MTUM', 'QUAL', 'SPLV']","[75.42, 91.98, 97.1, 184.8, 139.37, 123.04, 60.85]","[82.18, 99.73, 106.46, 184.8, 142.37, 126.19, 63.94]","[0.0, 0.0, 0.0, 0.0, 0.0, 0.0, 0.0]","[82.18, 99.73, 106.46, 184.8, 142.37, 126.19, 63.94]","['Close + Dividends', 'Close + Dividends', 'Close + Dividends', 'Close + Dividends', 'Close + Dividends', 'Close + Dividends', 'Close + Dividends']","[81.73, 98.37, 105.19, 168.16, 142.73, 118.06, 62.8]"
101,2023-05-31,"['SHY', 'IEF', 'TLT', 'GLD', 'MTUM', 'QUAL', 'SPLV']","[75.13, 90.66, 94.17, 182.32, 132.65, 123.93, 57.67]","[81.68, 98.06, 102.99, 182.32, 135.5, 127.1, 60.48]","[0.0, 0.0, 0.0, 0.0, 0.0, 0.0, 0.0]","[81.68, 98.06, 102.99, 182.32, 135.5, 127.1, 60.48]","['Close + Dividends', 'Close + Dividends', 'Close + Dividends', 'Close + Dividends', 'Close + Dividends', 'Close + Dividends', 'Close + Dividends']","[81.59, 97.66, 103.74, 169.98, 141.94, 118.57, 62.4]"
102,2023-06-30,"['SHY', 'IEF', 'TLT', 'GLD', 'MTUM', 'QUAL', 'SPLV']","[74.76, 89.52, 94.37, 178.27, 141.77, 131.89, 60.0]","[81.08, 96.6, 102.94, 178.27, 144.25, 134.87, 62.81]","[0.0, 0.0, 0.0, 0.0, 0.0, 0.0, 0.0]","[81.08, 96.6, 102.94, 178.27, 144.25, 134.87, 62.81]","['Close + Dividends', 'Close + Dividends', 'Close + Dividends', 'Close + Dividends', 'Close + Dividends', 'Close + Dividends', 'Close + Dividends']","[81.47, 97.23, 102.85, 171.88, 142.31, 120.48, 62.36]"
103,2023-07-31,"['SHY', 'IEF', 'TLT', 'GLD', 'MTUM', 'QUAL', 'SPLV']","[74.99, 88.94, 91.97, 182.35, 144.22, 136.88, 60.56]","[81.12, 95.74, 100.05, 182.35, 146.75, 139.97, 63.27]","[0.0, 0.0, 0.0, 0.0, 0.0, 0.0, 0.0]","[81.12, 95.74, 100.05, 182.35, 146.75, 139.97, 63.27]","['Close + Dividends', 'Close + Dividends', 'Close + Dividends', 'Close + Dividends', 'Close + Dividends', 'Close + Dividends', 'Close + Dividends']","[81.46, 97.2, 102.61, 174.65, 143.86, 124.08, 62.91]"
104,2023-08-31,"['SHY', 'IEF', 'TLT', 'GLD', 'MTUM', 'QUAL', 'SPLV']","[75.3, 88.29, 89.08, 180.02, 144.67, 136.28, 58.75]","[81.24, 94.8, 96.64, 180.02, 147.2, 139.36, 61.24]","[0.0, 0.0, 0.0, 0.0, 0.0, 0.0, 0.0]","[81.24, 94.8, 96.64, 180.02, 147.2, 139.36, 61.24]","['Close + Dividends', 'Close + Dividends', 'Close + Dividends', 'Close + Dividends', 'Close + Dividends', 'Close + Dividends', 'Close + Dividends']","[81.48, 97.24, 102.66, 177.46, 143.82, 126.76, 62.86]"
105,2023-09-29,"['SHY', 'IEF', 'TLT', 'GLD', 'MTUM', 'QUAL', 'SPLV']","[75.24, 85.51, 82.0, 171.45, 137.69, 129.38, 56.52]","[80.97, 91.59, 88.69, 171.45, 139.7, 131.79, 58.79]","[0.0, 0.0, 0.0, 0.0, 0.0, 0.0, 0.0]","[80.97, 91.59, 88.69, 171.45, 139.7, 131.79, 58.79]","['Close + Dividends', 'Close + Dividends', 'Close + Dividends', 'Close + Dividends', 'Close + Dividends', 'Close + Dividends', 'Close + Dividends']","[81.44, 96.64, 101.26, 178.13, 142.51, 127.82, 62.22]"
106,2023-10-31,"['SHY', 'IEF', 'TLT', 'GLD', 'MTUM', 'QUAL', 'SPLV']","[75.49, 83.87, 77.52, 184.09, 135.46, 127.46, 56.27]","[81.03, 89.59, 83.58, 184.09, 137.43, 129.84, 58.38]","[0.0, 0.0, 0.0, 0.0, 0.0, 0.0, 0.0]","[81.03, 89.59, 83.58, 184.09, 137.43, 129.84, 58.38]","['Close + Dividends', 'Close + Dividends', 'Close + Dividends', 'Close + Dividends', 'Close + Dividends', 'Close + Dividends', 'Close + Dividends']","[81.43, 96.02, 99.66, 179.57, 141.66, 129.4, 61.67]"
107,2023-11-30,"['SHY', 'IEF', 'TLT', 'GLD', 'MTUM', 'QUAL', 'SPLV']","[76.28, 87.69, 85.21, 188.75, 147.96, 138.49, 59.28]","[81.65, 93.41, 91.56, 188.75, 150.11, 141.07, 61.37]","[0.0, 0.0, 0.0, 0.0, 0.0, 0.0, 0.0]","[81.65, 93.41, 91.56, 188.75, 150.11, 141.07, 61.37]","['Close + Dividends', 'Close + Dividends', 'Close + Dividends', 'Close + Dividends', 'Close + Dividends', 'Close + Dividends', 'Close + Dividends']","[81.41, 95.44, 98.1, 180.51, 142.16, 131.3, 61.43]"
108,2023-12-29,"['SHY', 'IEF', 'TLT', 'GLD', 'MTUM', 'QUAL', 'SPLV']","[77.12, 90.99, 92.61, 191.17, 154.99, 144.98, 60.67]","[82.04, 96.39, 98.88, 191.17, 156.89, 147.14, 62.66]","[0.0, 0.0, 0.0, 0.0, 0.0, 0.0, 0.0]","[82.04, 96.39, 98.88, 191.17, 156.89, 147.14, 62.66]","['Close + Dividends', 'Close + Dividends', 'Close + Dividends', 'Close + Dividends', 'Close + Dividends', 'Close + Dividends', 'Close + Dividends']","[81.52, 95.5, 97.82, 182.64, 143.92, 134.14, 61.53]"
109,2024-01-31,"['SHY', 'IEF', 'TLT', 'GLD', 'MTUM', 'QUAL', 'SPLV']","[77.37, 91.06, 90.53, 188.45, 163.65, 148.29, 61.24]","[82.3, 96.46, 96.66, 188.45, 165.65, 150.5, 63.12]","[0.0, 0.0, 0.0, 0.0, 0.0, 0.0, 0.0]","[82.3, 96.46, 96.66, 188.45, 165.65, 150.5, 63.12]","['Close + Dividends', 'Close + Dividends', 'Close + Dividends', 'Close + Dividends', 'Close + Dividends', 'Close + Dividends', 'Close + Dividends']","[81.53, 95.24, 96.85, 183.17, 146.58, 136.78, 61.61]"
110,2024-02-29,"['SHY', 'IEF', 'TLT', 'GLD', 'MTUM', 'QUAL', 'SPLV']","[77.07, 89.16, 88.5, 189.31, 180.01, 157.93, 62.22]","[81.74, 94.22, 94.18, 189.31, 182.21, 160.28, 64.01]","[0.0, 0.0, 0.0, 0.0, 0.0, 0.0, 0.0]","[81.74, 94.22, 94.18, 189.31, 182.21, 160.28, 64.01]","['Close + Dividends', 'Close + Dividends', 'Close + Dividends', 'Close + Dividends', 'Close + Dividends', 'Close + Dividends', 'Close + Dividends']","[81.49, 94.69, 95.62, 183.62, 150.57, 140.19, 61.61]"
111,2024-03-28,"['SHY', 'IEF', 'TLT', 'GLD', 'MTUM', 'QUAL', 'SPLV']","[77.33, 89.82, 89.19, 205.72, 185.24, 162.31, 64.14]","[81.78, 94.66, 94.62, 205.72, 187.35, 164.35, 65.87]","[0.0, 0.0, 0.0, 0.0, 0.0, 0.0, 0.0]","[81.78, 94.66, 94.62, 205.72, 187.35, 164.35, 65.87]","['Close + Dividends', 'Close + Dividends', 'Close + Dividends', 'Close + Dividends', 'Close + Dividends', 'Close + Dividends', 'Close + Dividends']","[81.5, 94.35, 94.78, 185.96, 155.75, 143.92, 62.15]"
112,2024-04-30,"['SHY', 'IEF', 'TLT', 'GLD', 'MTUM', 'QUAL', 'SPLV']","[76.99, 87.01, 83.43, 211.87, 175.12, 155.01, 62.14]","[81.15, 91.43, 88.22, 211.87, 177.11, 156.96, 63.7]","[0.0, 0.0, 0.0, 0.0, 0.0, 0.0, 0.0]","[81.15, 91.43, 88.22, 211.87, 177.11, 156.96, 63.7]","['Close + Dividends', 'Close + Dividends', 'Close + Dividends', 'Close + Dividends', 'Close + Dividends', 'Close + Dividends', 'Close + Dividends']","[81.5, 93.83, 93.31, 189.32, 159.04, 146.13, 62.24]"
113,2024-05-31,"['SHY', 'IEF', 'TLT', 'GLD', 'MTUM', 'QUAL', 'SPLV']","[77.55, 88.57, 85.84, 215.3, 184.5, 163.68, 63.74]","[81.47, 92.8, 90.45, 215.3, 186.6, 165.74, 65.24]","[0.0, 0.0, 0.0, 0.0, 0.0, 0.0, 0.0]","[81.47, 92.8, 90.45, 215.3, 186.6, 165.74, 65.24]","['Close + Dividends', 'Close + Dividends', 'Close + Dividends', 'Close + Dividends', 'Close + Dividends', 'Close + Dividends', 'Close + Dividends']","[81.54, 93.54, 92.35, 192.61, 163.03, 148.7, 62.44]"
114,2024-06-28,"['SHY', 'IEF', 'TLT', 'GLD', 'MTUM', 'QUAL', 'SPLV']","[77.97, 89.65, 87.4, 215.01, 192.88, 168.98, 63.57]","[81.65, 93.65, 91.78, 215.01, 194.87, 170.76, 64.95]","[0.0, 0.0, 0.0, 0.0, 0.0, 0.0, 0.0]","[81.65, 93.65, 91.78, 215.01, 194.87, 170.76, 64.95]","['Close + Dividends', 'Close + Dividends', 'Close + Dividends', 'Close + Dividends', 'Close + Dividends', 'Close + Dividends', 'Close + Dividends']","[81.58, 93.42, 91.86, 196.11, 167.79, 151.84, 62.81]"
115,2024-07-31,"['SHY', 'IEF', 'TLT', 'GLD', 'MTUM', 'QUAL', 'SPLV']","[78.89, 92.25, 90.57, 226.55, 189.02, 169.99, 66.33]","[82.34, 96.07, 94.81, 226.55, 190.97, 171.78, 67.67]","[0.0, 0.0, 0.0, 0.0, 0.0, 0.0, 0.0]","[82.34, 96.07, 94.81, 226.55, 190.97, 171.78, 67.67]","['Close + Dividends', 'Close + Dividends', 'Close + Dividends', 'Close + Dividends', 'Close + Dividends', 'Close + Dividends', 'Close + Dividends']","[81.72, 93.87, 92.47, 201.62, 172.92, 155.84, 63.7]"
116,2024-08-30,"['SHY', 'IEF', 'TLT', 'GLD', 'MTUM', 'QUAL', 'SPLV']","[79.59, 93.49, 92.48, 231.29, 195.35, 175.93, 69.8]","[82.8, 97.07, 96.49, 231.29, 197.37, 177.78, 71.1]","[0.0, 0.0, 0.0, 0.0, 0.0, 0.0, 0.0]","[82.8, 97.07, 96.49, 231.29, 197.37, 177.78, 71.1]","['Close + Dividends', 'Close + Dividends', 'Close + Dividends', 'Close + Dividends', 'Close + Dividends', 'Close + Dividends', 'Close + Dividends']","[81.89, 94.62, 93.76, 206.34, 178.91, 160.64, 64.97]"
117,2024-09-30,"['SHY', 'IEF', 'TLT', 'GLD', 'MTUM', 'QUAL', 'SPLV']","[80.21, 94.78, 94.33, 243.06, 201.12, 177.97, 70.52]","[83.15, 98.12, 98.1, 243.06, 202.76, 179.3, 71.73]","[0.0, 0.0, 0.0, 0.0, 0.0, 0.0, 0.0]","[83.15, 98.12, 98.1, 243.06, 202.76, 179.3, 71.73]","['Close + Dividends', 'Close + Dividends', 'Close + Dividends', 'Close + Dividends', 'Close + Dividends', 'Close + Dividends', 'Close + Dividends']","[82.04, 95.09, 94.42, 211.77, 184.18, 164.46, 66.0]"
118,2024-10-31,"['SHY', 'IEF', 'TLT', 'GLD', 'MTUM', 'QUAL', 'SPLV']","[79.71, 91.57, 89.19, 253.51, 200.78, 175.12, 69.88]","[82.36, 94.52, 92.45, 253.51, 202.41, 176.42, 70.98]","[0.0, 0.0, 0.0, 0.0, 0.0, 0.0, 0.0]","[82.36, 94.52, 92.45, 253.51, 202.41, 176.42, 70.98]","['Close + Dividends', 'Close + Dividends', 'Close + Dividends', 'Close + Dividends', 'Close + Dividends', 'Close + Dividends', 'Close + Dividends']","[82.07, 94.9, 93.78, 218.01, 188.73, 167.39, 66.84]"
119,2024-11-29,"['SHY', 'IEF', 'TLT', 'GLD', 'MTUM', 'QUAL', 'SPLV']","[79.94, 92.51, 90.96, 245.59, 214.77, 183.92, 73.8]","[82.32, 95.19, 93.97, 245.59, 216.52, 185.29, 74.85]","[0.0, 0.0, 0.0, 0.0, 0.0, 0.0, 0.0]","[82.32, 95.19, 93.97, 245.59, 216.52, 185.29, 74.85]","['Close + Dividends', 'Close + Dividends', 'Close + Dividends', 'Close + Dividends', 'Close + Dividends', 'Close + Dividends', 'Close + Dividends']","[82.08, 94.77, 93.51, 223.72, 193.82, 170.87, 68.01]"
120,2024-12-31,"['SHY', 'IEF', 'TLT', 'GLD', 'MTUM', 'QUAL', 'SPLV']","[80.14, 90.42, 85.16, 242.13, 205.96, 177.29, 69.11]","[81.98, 92.45, 87.33, 242.13, 206.92, 178.08, 70.0]","[0.0, 0.0, 0.0, 0.0, 0.0, 0.0, 0.0]","[81.98, 92.45, 87.33, 242.13, 206.92, 178.08, 70.0]","['Close + Dividends', 'Close + Dividends', 'Close + Dividends', 'Close + Dividends', 'Close + Dividends', 'Close + Dividends', 'Close + Dividends']","[82.1, 94.6, 92.82, 229.0, 196.29, 172.65, 68.61]"
121,2025-01-31,"['SHY', 'IEF', 'TLT', 'GLD', 'MTUM', 'QUAL', 'SPLV']","[80.45, 90.97, 85.57, 258.56, 218.12, 182.55, 70.54]","[82.29, 93.02, 87.76, 258.56, 219.13, 183.36, 71.34]","[0.0, 0.0, 0.0, 0.0, 0.0, 0.0, 0.0]","[82.29, 93.02, 87.76, 258.56, 219.13, 183.36, 71.34]","['Close + Dividends', 'Close + Dividends', 'Close + Dividends', 'Close + Dividends', 'Close + Dividends', 'Close + Dividends', 'Close + Dividends']","[82.15, 94.43, 92.14, 234.29, 199.47, 174.55, 69.16]"
122,2025-02-28,"['SHY', 'IEF', 'TLT', 'GLD', 'MTUM', 'QUAL', 'SPLV']","[81.04, 93.52, 90.45, 263.27, 217.42, 180.77, 73.79]","[82.62, 95.32, 92.43, 263.27, 218.43, 181.57, 74.52]","[0.0, 0.0, 0.0, 0.0, 0.0, 0.0, 0.0]","[82.62, 95.32, 92.43, 263.27, 218.43, 181.57, 74.52]","['Close + Dividends', 'Close + Dividends', 'Close + Dividends', 'Close + Dividends', 'Close + Dividends', 'Close + Dividends', 'Close + Dividends']","[82.3, 94.82, 92.56, 239.43, 203.6, 177.01, 70.24]"
123,2025-03-31,"['SHY', 'IEF', 'TLT', 'GLD', 'MTUM', 'QUAL', 'SPLV']","[81.39, 93.84, 89.36, 288.14, 201.72, 170.52, 74.09]","[82.73, 95.37, 91.03, 288.14, 202.13, 170.89, 74.72]","[0.0, 0.0, 0.0, 0.0, 0.0, 0.0, 0.0]","[82.73, 95.37, 91.03, 288.14, 202.13, 170.89, 74.72]","['Close + Dividends', 'Close + Dividends', 'Close + Dividends', 'Close + Dividends', 'Close + Dividends', 'Close + Dividends', 'Close + Dividends']","[82.42, 95.08, 92.61, 246.71, 205.15, 177.52, 71.19]"
124,2025-04-30,"['SHY', 'IEF', 'TLT', 'GLD', 'MTUM', 'QUAL', 'SPLV']","[82.06, 94.83, 88.14, 303.77, 209.2, 169.0, 72.33]","[83.12, 96.07, 89.47, 303.77, 209.63, 169.37, 72.83]","[0.0, 0.0, 0.0, 0.0, 0.0, 0.0, 0.0]","[83.12, 96.07, 89.47, 303.77, 209.63, 169.37, 72.83]","['Close + Dividends', 'Close + Dividends', 'Close + Dividends', 'Close + Dividends', 'Close + Dividends', 'Close + Dividends', 'Close + Dividends']","[82.57, 95.32, 92.38, 255.59, 206.63, 177.38, 71.97]"
125,2025-05-30,"['SHY', 'IEF', 'TLT', 'GLD', 'MTUM', 'QUAL', 'SPLV']","[81.85, 93.66, 85.31, 303.6, 231.07, 176.67, 73.08]","[82.65, 94.57, 86.28, 303.6, 231.54, 177.06, 73.47]","[0.0, 0.0, 0.0, 0.0, 0.0, 0.0, 0.0]","[82.65, 94.57, 86.28, 303.6, 231.54, 177.06, 73.47]","['Close + Dividends', 'Close + Dividends', 'Close + Dividends', 'Close + Dividends', 'Close + Dividends', 'Close + Dividends', 'Close + Dividends']","[82.6, 95.17, 91.53, 263.29, 210.68, 177.91, 72.55]"
126,2025-06-30,"['SHY', 'IEF', 'TLT', 'GLD', 'MTUM', 'QUAL', 'SPLV']","[82.33, 95.16, 87.59, 304.83, 240.32, 182.82, 72.56]","[82.86, 95.77, 88.25, 304.83, 240.32, 182.82, 72.82]","[0.0, 0.0, 0.0, 0.0, 0.0, 0.0, 0.0]","[82.86, 95.77, 88.25, 304.83, 240.32, 182.82, 72.82]","['Close + Dividends', 'Close + Dividends', 'Close + Dividends', 'Close + Dividends', 'Close + Dividends', 'Close + Dividends', 'Close + Dividends']","[82.61, 95.04, 90.71, 270.65, 214.98, 178.42, 72.73]"
127,2025-07-31,"['SHY', 'IEF', 'TLT', 'GLD', 'MTUM', 'QUAL', 'SPLV']","[82.25, 94.59, 86.59, 302.96, 241.29, 184.12, 72.37]","[82.52, 94.9, 86.92, 302.96, 241.29, 184.12, 72.5]","[0.0, 0.0, 0.0, 0.0, 0.0, 0.0, 0.0]","[82.52, 94.9, 86.92, 302.96, 241.29, 184.12, 72.5]","['Close + Dividends', 'Close + Dividends', 'Close + Dividends', 'Close + Dividends', 'Close + Dividends', 'Close + Dividends', 'Close + Dividends']","[82.55, 94.72, 89.59, 276.64, 218.83, 178.9, 72.8]"
128,2025-08-29,"['SHY', 'IEF', 'TLT', 'GLD', 'MTUM', 'QUAL', 'SPLV']","[82.98, 96.15, 86.6, 318.07, 243.73, 188.95, 73.5]","[82.98, 96.15, 86.6, 318.07, 243.73, 188.95, 73.5]","[0.0, 0.0, 0.0, 0.0, 0.0, 0.0, 0.0]","[82.98, 96.15, 86.6, 318.07, 243.73, 188.95, 73.5]","['Close + Dividends', 'Close + Dividends', 'Close + Dividends', 'Close + Dividends', 'Close + Dividends', 'Close + Dividends', 'Close + Dividends']","[82.61, 94.88, 89.0, 283.09, 222.96, 180.15, 73.05]"
