,2023-Q4,2024-Q1,2024-Q2,2024-Q3,2024-Q4,2025-Q1,2025-Q2
0,SKLZ,BCRX,MKTW,MKTW,NRDY,NVAX,THTX
1,TRIB,APPN,TREE,JILL,NATH,THTX,ANF
2,RILY,VRME,CARG,TRVG,OWLT,CARG,LE
3,CMBM,CELU,VRSN,TELA,INDV,MKTW,BBY
4,CEPU,TXG,TELA,SFIX,FC,DLTH,ADBE
5,SLI,KT,NRDY,THRY,INSG,TRUE,CTRN
6,SPHR,HVT,PRTS,FLUX,VERO,NRDY,LOVE
7,BVN,MAT,FGEN,TRUE,WFCF,TZOO,DDS
8,,GSM,FOSL,DCTH,ATRA,BARK,FC
9,,FCFS,BYON,RCEL,HHS,MTEX,LULU
10,,RILY,AEYE,IPDN,FNKO,RCEL,OOMA
11,,WLKP,NUS,PINS,CLOV,APPF,GCO
12,,CPAC,NUWE,XGN,ERII,DLPN,CAL
13,,ARAY,TZOO,BYON,FOSL,ZYXI,DOMO
14,,KORE,TBI,PRKS,VFC,VNCE,WDFC
15,,OPRA,QMCO,EXPE,MNKD,INSP,UNFI
16,,SKLZ,REAL,FGEN,ASAN,XFOR,VLGEA
17,,AFYA,APPN,IDN,IBEX,XGN,SIG
18,,HHS,HSON,RMNI,NUS,FOSL,GAP
19,,BRFS,RCEL,SLE,CPRI,SRPT,BSET
20,,EVLV,TDOC,DBX,CHWY,RNG,SOTK
21,,ITRN,NATR,UI,RGP,FARM,BURL
22,,GPRK,INUV,KFY,CTRN,FLNT,VNCE
23,,SKM,DCTH,IRIX,GPRO,DBX,SCS
24,,ICCC,TDC,DPZ,BYON,SFIX,PSTG
25,,DGLY,TRUE,QMCO,FLUX,NSP,PVH
26,,AVD,MYPS,DDS,EL,EOLS,PLCE
27,,IDXX,PTON,UA,LVO,BDSX,WMT
28,,LUMN,JYNT,UAA,PLBY,SONO,ASAN
29,,TRMB,ESPR,LEE,EGHT,VRA,M
30,,VIR,AQST,PRTS,VRRM,APLS,VIRC
31,,BRBR,ZYXI,NRDY,AAPL,MTCH,ROST
32,,ALSN,LTRX,JYNT,DOMO,FC,ZUMZ
33,,TSQ,NBIX,BDSX,TRIP,TELA,VRA
34,,NVT,VERO,VRME,JMIA,MAX,ULTA
35,,DWSN,BGSF,DOMO,BDSX,PBYI,CHWY
36,,CCU,JMIA,KPLT,VRSN,MANH,GIII
37,,GENC,HHS,BKTI,SAM,REAL,MSM
38,,MSFT,PETS,CCLD,ALKS,RMNI,ERIC
39,,PLAG,NHTC,TPL,TBCH,HSON,CBRL
40,,UGP,VRTX,GRPN,WSM,BYON,DAKT
41,,SMC,CETX,YEXT,CL,YCBD,ZDGE
42,,IZEA,MED,CHWY,RHI,RRGB,SKIL
43,,TCX,IDCC,EGAN,ZYXI,KSS,URBN
44,,EAF,ORGO,SAM,IPAR,COLM,DBI
45,,HYLN,YELP,GDRX,OMI,MCHX,DXLG
46,,SIMO,SLE,INDV,CHE,RHI,SFIX
47,,SSTI,MTEX,CYH,BARK,GIII,BBWI
48,,SGRP,PRO,VRSN,CHGG,INSG,BKE
49,,CENN,CCLD,COKE,III,OFIX,FL
50,,FPAY,FORR,PRPL,PBYI,PRTS,SPWH
51,,METC,STIM,MCHX,NHTC,M,HELE
52,,SPHR,SNBR,OOMA,MYGN,CPIX,LOW
53,,CMCL,MNKD,TVTX,ANIK,NUS,TLYS
54,,CLRO,IDN,TPB,FORD,PHAR,DKS
55,,MGIC,PRPL,ANGO,IRIX,ACAD,JILL
56,,AQB,DAIO,CLX,TREE,TCMD,WBA
57,,LPL,GOLF,SNBR,MIND,RGP,ARTW
58,,SIM,TNL,PHAR,ARLO,GDRX,TJX
59,,MOGO,JOB,ASAN,BGSF,TVTX,DG
60,,ECVT,CCRN,POOL,MED,INLX,RMCF
61,,CMBM,APYX,NHTC,QUAD,FORR,FAST
62,,SMID,XGN,INFU,GWW,EXEL,BJ
63,,CIG,DBX,LESL,HAS,VERO,PD
64,,ARCO,SMG,TZOO,TACT,KPLT,TITN
65,,HE,KTB,RYAAY,PTCT,SSKN,HD
66,,HPP,BKTI,NSP,TBI,GOCO,OXM
67,,BVN,LNSR,EYE,DPZ,SNBR,PLAY
68,,KEP,FLNT,TREE,WWW,SPOK,EDUC
69,,SUZ,TVTX,PHR,VRSK,CSTL,IDT
70,,TRIB,MYO,ESPR,LEE,ORGO,GWRE
71,,USAC,IT,PAYC,PLCE,XTNT,CCEL
72,,TGS,PGNY,BBWI,MAS,AXGN,CPB
73,,CBOE,IHRT,GIC,LCUT,FNKO,CSCO
74,,MTDR,BLDR,APYX,CAL,JMIA,REVG
75,,NAT,RNG,VVOS,SBH,MMLP,GMS
76,,GGB,EL,CATO,SHOO,NSSC,KSS
77,,ESEA,RRGB,DFIN,NTWK,UPLD,SNOW
78,,CENX,POOL,HHS,QIPT,NXPL,AMAT
79,,BIO,HLF,NTAP,RNG,YETI,DCI
80,,MVST,RAIL,FLNT,VRA,MASI,WSM
81,,SQNS,DHX,M,VIRC,DLX,DOOO
82,,SID,BBSI,PEN,MTD,UTI,MIND
83,,CTRM,MO,NBY,EKSO,BBWI,APOG
84,,LOMA,ETSY,INMD,PGNY,TBCH,PHR
85,,PAGS,OFIX,TBI,RRGB,PRPL,AGX
86,,CSIQ,SFM,NATH,WHWK,ZDGE,AZZ
87,,CEPU,MRC,IDXX,MASI,NHTC,BBW
88,,SLI,SGU,UG,OESX,MYO,AZO
89,,TKC,ESTA,EOLS,PRCH,AUPH,TTC
90,,ELLO,ORLA,BGFV,EXPE,GPRO,CATO
91,,EDRY,CVEO,EGHT,MNST,EGAN,BRID
92,,LDWY,ODFL,UPBD,PD,WBA,DOCU
93,,AGAE,DTST,ATEC,BLIN,WK,WINA
94,,AREC,MANH,PETS,PM,LUNG,DLTH
95,,,LOPE,SGRP,TLYS,UAVS,STZ
96,,,TACT,CWH,HFFG,TNDM,HQY
97,,,EXTR,TRIP,GIC,LOGI,SMTC
98,,,MYGN,SONO,EGAN,MOV,VMAR
99,,,NRC,ALKS,KLAC,JYNT,CHPT
100,,,GILD,ESTC,CATO,LEVI,ADSK
101,,,GRPN,SIG,FEIM,HLF,FERG
102,,,INGN,ACU,LPSN,AAPL,MTN
103,,,PDS,LULU,ALLE,DHX,NVDA
104,,,GPRK,OCC,ITW,MYPS,VRNT
105,,,SSTK,SANG,RAIL,INUV,AEO
106,,,KFRC,SPT,NTAP,DMRC,PSMT
107,,,EXEL,XERS,RCEL,GWW,BBCP
108,,,SLQT,FORR,FARM,GH,PEP
109,,,DT,SKM,MCHX,CRI,HPQ
110,,,BLD,MED,PSIX,WEYS,LEVI
111,,,UONEK,CLOV,MYPS,RMR,COST
112,,,LEE,CTSO,AMN,ARKR,YEXT
113,,,UONE,OFIX,FLNT,UNFI,OKTA
114,,,QUAD,DHX,OOMA,MEDP,MOV
115,,,CPIX,CHGG,EBF,LTRX,HPE
116,,,HLIT,OMI,SKIL,MED,UNF
117,,,TTSH,VRSK,GPC,AIRG,INTU
118,,,CARS,BGSF,LNTH,LINC,ASO
119,,,PAYC,SCOR,EVC,GMS,AVGO
120,,,CERS,ARKR,ZUMZ,PTON,SCVL
121,,,CVLT,APPN,PTON,TJX,NVS
122,,,ANGO,RNG,IHRT,RARE,REX
123,,,CROX,BRAG,NSSC,INMD,GES
124,,,BMY,BCC,RCKY,CARS,MRVL
125,,,SGC,W,SYY,QVCGA,PENG
126,,,INSE,BSET,INGN,LMB,CIEN
127,,,MPX,RRGB,COTY,GCI,FCEL
128,,,GPRO,DBI,ETSY,APYX,SMPL
129,,,GYRE,LOW,INFU,KLXE,WDAY
130,,,RGP,HNI,SKX,CSGS,RH
131,,,TREX,GAIA,LINK,TOI,LMNR
132,,,HBIO,DXCM,LXRX,LEE,MDB
133,,,PEN,III,HBIO,HHS,DAL
134,,,MTD,STN,FET,XERS,A
135,,,KORE,REAL,INMD,CALX,PLAB
136,,,TGLS,PTON,HNI,W,RFIL
137,,,EBAY,TTC,OTRK,HAS,FDS
138,,,VERI,MYPS,SANG,CBRL,EBF
139,,,LAUR,WLYB,G,NYT,UAL
140,,,WWW,WLY,XRAY,ASML,ODC
141,,,VRME,ZD,LECO,ADCT,LEDS
142,,,SBH,PCRX,BAH,STX,MAYS
143,,,ELA,MAS,HALO,PBI,EPAC
144,,,COLL,AMC,SRDX,ACCS,ZS
145,,,TOI,INTZ,RVLV,ZUMZ,ACN
146,,,AUDC,SOTK,CTSO,ANGO,KBH
147,,,KRMD,SUNE,AMWL,WTI,KMX
148,,,VVV,SSTI,EXPD,SANG,HOV
149,,,BOXL,PGNY,BLDR,CETX,OLLI
150,,,ACI,ACIW,SMTI,BJ,PPIH
151,,,DLX,BLD,VMI,QUAD,CRWD
152,,,NAOV,USFD,PXLW,CYH,DY
153,,,RYI,CTAS,THC,MYGN,LNN
154,,,GCI,IIIV,SNBR,HROW,CNXC
155,,,ARKR,CNVS,TISI,UG,PANW
156,,,AAPL,WWW,TTC,DIT,NDSN
157,,,CLX,TTSH,KMB,ARQT,NTIC
158,,,GWW,ADBE,AIRT,SIBN,MKC
159,,,GDDY,EBS,KLXE,CNXN,NCNO
160,,,NSP,ETSY,ADTN,NTWK,AVO
161,,,SUNE,WHWK,ASYS,GDDY,MMC
162,,,XERS,AQST,EXAS,ERIC,DSGX
163,,,CL,GDEN,FAST,KORE,GBX
164,,,TTEC,LOGI,LFMD,EDAP,GEF
165,,,FVRR,UNFI,ODP,AOUT,PCYO
166,,,NVR,PDS,UPLD,TENB,CRM
167,,,EDAP,NUS,LNW,ONC,DE
168,,,GOCO,KORE,HSIC,INTU,KEYS
169,,,RDVT,ELMD,CVEO,THRY,TOL
170,,,NTCT,LFVN,SSTK,TDOC,KRUS
171,,,AIRG,SPWH,TBRG,ROKU,JCTC
172,,,GFF,SKIL,SSD,SMSI,LAKE
173,,,SSKN,TOMZ,LUNG,AMAT,OMC
174,,,ONEW,EL,ANGI,ABEV,CPRT
175,,,CRTO,LYV,NGVC,LCUT,IIIN
176,,,HSTM,CAPL,FLO,SPT,THO
177,,,MSGS,TBRG,ALGN,DAIO,UEC
178,,,SAP,INGN,MRC,BRID,CCL
179,,,DMRC,DCBO,BRKR,BSET,CMC
180,,,ZTS,SNOW,PEP,TTD,DELL
181,,,REKR,ILMN,ATRC,FERG,TRX
182,,,MTCH,CREX,TNC,HY,CUK
183,,,ACCS,SMSI,IMXI,LSTR,SNPS
184,,,RSI,MUSA,JOB,LSCC,MU
185,,,CTVA,ETD,DMRC,KRMD,SNX
186,,,CMPO,NKE,SNCR,PVH,VIST
187,,,UPBD,MSM,CSL,URGN,GME
188,,,PZZA,OESX,CTLP,PDS,NTRP
189,,,CELU,ERIC,PRPL,IHRT,
190,,,AMN,UONE,ABBV,GGG,
191,,,NAGE,VST,AMCX,ADBE,
192,,,NVST,AUDC,ATGE,GILD,
193,,,GNE,UONEK,WDFC,KFRC,
194,,,XWEL,PBI,SMCI,SAM,
195,,,MAT,CPIX,MLAB,NFLX,
196,,,ODP,OTRK,AQST,HLIT,
197,,,WGS,COLM,ENOV,DCGO,
198,,,ATEC,ZDGE,WLYB,DCI,
199,,,SBGI,AEO,WLY,WMK,
200,,,THRY,FLO,HCA,ARLO,
201,,,SPNS,DLX,FICO,SCHL,
202,,,PBR,SLQT,PLPC,ARTW,
203,,,FLWS,HNRG,OSS,ANGI,
204,,,INMD,OPRX,YELP,MSCI,
205,,,TPR,PXLW,GFF,EXTR,
206,,,BAND,OTEX,LTRX,NVS,
207,,,SCKT,LUNG,ACU,ILMN,
208,,,RUSHB,MYGN,GSM,AUDC,
209,,,RUSHA,WMT,ESCA,TNET,
210,,,CWH,LE,URGN,HSII,
211,,,LPSN,KRMD,MAN,USNA,
212,,,ULBI,RARE,STXS,NBIX,
213,,,MCHX,PRO,AGCO,CLX,
214,,,SKIN,DMRC,KTB,ALGN,
215,,,EPAM,MYO,EB,SHOP,
216,,,MITK,CTLP,MDGL,ANIK,
217,,,INLX,AOS,MOD,EXAS,
218,,,ITRN,Z,GYRE,CCRN,
219,,,VATE,ZG,PG,TBRG,
220,,,EB,IRTC,EBAY,NVR,
221,,,KOPN,RAMP,IMKTA,EYPT,
222,,,ABBV,EBAY,IZEA,MCO,
223,,,BSY,GSM,NVR,ZD,
224,,,UHS,STZ,TTSH,RL,
225,,,CYH,IMKTA,TOI,FIX,
226,,,PCTY,AMN,EEFT,UEIC,
227,,,MASI,KEQU,LOW,RVYL,
228,,,MA,CSL,LKQ,MTN,
229,,,UEIC,CRM,ANGO,EBAY,
230,,,FLO,ANGI,REVG,YELP,
231,,,SNCR,BDC,MYE,COMM,
232,,,DLB,GH,CIGI,AMWL,
233,,,ATKR,MSCI,OMCL,MLKN,
234,,,TNET,CROX,SSTI,MMI,
235,,,MOGO,CARS,TT,ESTA,
236,,,LINK,NKTR,STRA,BDL,
237,,,IONS,NGVC,SPB,PINS,
238,,,ROKU,TSCO,RARE,III,
239,,,GH,WYY,ZDGE,TISI,
240,,,USNA,EML,DBI,WFCF,
241,,,NGVC,WNS,ALV,MHH,
242,,,DNOW,EB,ALTG,OPFI,
243,,,BORR,KSS,ASTE,SNDA,
244,,,SLAB,BMRN,CPIX,RELL,
245,,,KIDS,SGI,MITK,ODP,
246,,,JOUT,TNL,GCI,AVNS,
247,,,HURN,BLKB,AHCO,YUM,
248,,,EGHT,ORGO,PLOW,MRK,
249,,,TPH,MYE,Z,IIIV,
250,,,WCC,GB,ZG,MSM,
251,,,DCBO,AEIS,PTC,HNI,
252,,,MODV,CCRN,VERX,KIDS,
253,,,NMTC,HOUS,GH,AAP,
254,,,TGT,GOLF,CARS,SBH,
255,,,LEU,MO,WBA,LINK,
256,,,GRWG,MRC,ETD,SGC,
257,,,LNW,GRNQ,KAI,CSL,
258,,,OTRK,LOVE,SHW,SIMO,
259,,,NGVT,XRAY,UHS,KMB,
260,,,FICO,CIX,CAR,FLXS,
261,,,AMPH,XRX,APEI,MOGO,
262,,,WAT,JJSF,ACI,MTD,
263,,,HRB,SMP,BAND,RMAX,
264,,,GORV,THC,LEGN,STAA,
265,,,HZO,ALTG,TARS,EVLV,
266,,,XRAY,MNST,KO,HCA,
267,,,EQNR,PD,TWIN,OPCH,
268,,,TSQ,HWKN,SYK,PLBY,
269,,,STE,TARS,RYI,IT,
270,,,ZEUS,TDOC,DXLG,PHG,
271,,,MD,FLXS,EZPW,UONE,
272,,,TWST,NTWK,FSTR,UONEK,
273,,,SMSI,CBRL,CRAI,CPHC,
274,,,TBRG,UAVS,MASS,SUPN,
275,,,ARDX,CAR,IOSP,ZTS,
276,,,ALLT,TLF,QGEN,CDLX,
277,,,CALX,MMM,PRKS,AMRX,
278,,,HVT,KT,EYE,FOXF,
279,,,EYE,POCI,CGNX,ADPT,
280,,,ESCA,GFF,YETI,CAPL,
281,,,CNDT,LOPE,CCRN,OBE,
282,,,PXLW,SPOK,NHC,DAKT,
283,,,FET,RYI,ATR,LEGN,
284,,,STNG,JNJ,SPXC,MAN,
285,,,TNDM,MCRI,AZN,CRWS,
286,,,PLPC,ACCS,KELYA,CLOV,
287,,,DCGO,BMY,ROL,IRTC,
288,,,MOH,XWEL,KELYB,GDEN,
289,,,GLOB,KMB,EQNR,NKE,
290,,,QIPT,FERG,FLUT,VERB,
291,,,EVTC,WFCF,LYTS,PXLW,
292,,,SIBN,KLXE,HUBG,VRNS,
293,,,KLXE,WBA,NRC,HCKT,
294,,,ITW,ASO,EFX,VMD,
295,,,HCA,TISI,TDOC,DY,
296,,,CAPL,NVEC,GNRC,BLD,
297,,,MCRI,PRSU,RMD,QRHC,
298,,,QCOM,IAC,ZTS,G,
299,,,ACLS,PAHC,CRNC,TXN,
300,,,KLIC,MOGO,VNCE,EYE,
301,,,WHWK,FTDR,TLS,TRMB,
302,,,GSK,DTST,DVAX,MUSA,
303,,,NDLS,BW,NWL,PUBM,
304,,,CLOV,YELP,DOCU,VNDA,
305,,,SGI,OXM,WNS,OFLX,
306,,,HY,WSM,AEYE,PRGS,
307,,,SRDX,MTEX,V,ANF,
308,,,FBIN,RICK,W,VCEL,
309,,,MLAB,WDFC,BCC,INFU,
310,,,MLKN,INLX,TRMB,CGNX,
311,,,JRSH,SAH,CHRW,SSTI,
312,,,WST,SAP,ARRY,NTGR,
313,,,CRWS,WMK,FORR,FET,
314,,,WNC,JBI,NKE,CORT,
315,,,OFLX,CAPS,MSM,NTAP,
316,,,MSCI,OPAD,HCKT,KELYA,
317,,,TLS,EDAP,USFD,VERX,
318,,,ZG,AWI,CYH,KELYB,
319,,,ASGN,CRI,AMC,GME,
320,,,Z,GORV,NVS,MLI,
321,,,TWLO,GRWG,ARKR,DGII,
322,,,PNR,ESTA,HOLX,CNDT,
323,,,BDL,INUV,MHH,JAZZ,
324,,,CDLX,MCS,PBR,STN,
325,,,GTE,RHI,STAA,EVC,
326,,,ANIK,PENG,JELD,WLYB,
327,,,RL,ITRN,LAUR,DG,
328,,,VNT,TRI,TFX,WLY,
329,,,BCRX,FARM,EOLS,TNC,
330,,,APEI,LEVI,MTW,TACT,
331,,,LESL,AWX,THRM,QIPT,
332,,,IOSP,AMRX,ACIW,CMG,
333,,,CRAI,QVCGA,CCRD,TWST,
334,,,TRVG,TWST,INSP,CDNA,
335,,,AXSM,ASTE,IAC,OPRX,
336,,,ETD,FBIN,MLR,TREE,
337,,,GKOS,BC,WSO,APPS,
338,,,RVYL,GCI,OC,BAND,
339,,,ALV,CVEO,TTEC,DELL,
340,,,SPT,AXGN,DGII,TPR,
341,,,IBM,CVGW,GDEN,MAPS,
342,,,ALGN,HLF,UONE,CMP,
343,,,FSI,EXTR,AXSM,OTIS,
344,,,WRAP,PAYS,PETS,FOLD,
345,,,V,ORLY,UONEK,GAP,
346,,,SRI,TWLO,HD,AMC,
347,,,MAS,IZEA,CCS,NICE,
348,,,MGIC,CNXN,TSCO,FTEK,
349,,,RVLV,WTI,TIGO,LPSN,
350,,,ADTN,DOOO,HOUS,HPQ,
351,,,MAPS,CHD,GPI,MSI,
352,,,XRX,YUM,TRVG,SNCR,
353,,,EVLV,BRFS,ORN,EML,
354,,,TLF,ACI,BLKB,IBEX,
355,,,AIN,KFRC,TNDM,NOTE,
356,,,MMS,CMBM,DKNG,APT,
357,,,TRMD,XYZ,HUBB,COST,
358,,,SMID,BNED,SFM,J,
359,,,ASUR,IHRT,CCLD,ALNY,
360,,,VRRM,ASGN,NGVT,LFMD,
361,,,CCU,PEP,TNL,RDVT,
362,,,JBI,PCTY,CAPL,IZEA,
363,,,OSS,LPSN,SPOK,PI,
364,,,MXL,UHS,BLDE,PRCH,
365,,,HBI,MXL,SCKT,PZZA,
366,,,ZD,GSK,BBWI,TNL,
367,,,ICFI,MTCH,SCSC,ATKR,
368,,,PRLB,SNOA,CMPR,RMTI,
369,,,EPC,SHW,ROKU,COTY,
370,,,OPRX,CL,SIMO,WSO,
371,,,ALGM,APA,AIN,CIEN,
372,,,BWMX,PHI,SYNA,RBBN,
373,,,SYK,LMNR,DG,WES,
374,,,IZEA,MLKN,EDUC,MYRG,
375,,,LKQ,FTHM,ALLT,MD,
376,,,UPWK,RVLV,MCFT,SBAC,
377,,,ANGI,TACT,CRUS,DGLY,
378,,,RIGL,BOOM,JAZZ,Z,
379,,,NPKI,ACEL,NOVT,ZG,
380,,,PMTS,HFFG,DFIN,SPB,
381,,,SINT,EAT,VVV,EL,
382,,,SYY,ROL,NXST,CCO,
383,,,CNMD,ADCT,LESL,VLGEA,
384,,,RICK,HCKT,CDLX,LII,
385,,,EZPW,PBPB,LVS,BDC,
386,,,AMWL,LILAK,PVH,IMKTA,
387,,,TIGO,LILA,CALX,GMGI,
388,,,HI,ADPT,TEVA,SHOO,
389,,,MGNX,LINK,GAIA,SJM,
390,,,UPLD,QRHC,MTCH,GWRE,
391,,,MAN,TIGO,ADBE,AKAM,
392,,,ATEN,SIBN,NVST,WFG,
393,,,AXGN,OUST,CVCO,NKTR,
394,,,GOGO,ADSK,EVLV,PSMT,
395,,,AOS,TXG,HAIN,GKOS,
396,,,ASTE,RMBS,ADCT,SAH,
397,,,ONC,ARRY,BWA,CSCO,
398,,,XPEL,ALG,TECH,DVAX,
399,,,CMI,NGVT,MORN,OCC,
400,,,NCSM,ULTA,SIBN,THC,
401,,,IPAR,KLIC,PINC,PRKS,
402,,,MATW,LYTS,LCII,CHWY,
403,,,NKTR,ZEUS,STN,RPD,
404,,,LDWY,FRD,DHX,PFGC,
405,,,UAVS,DGII,COKE,TOON,
406,,,VFC,WTS,CCK,KTB,
407,,,JAMF,ABG,MDLZ,PBPB,
408,,,DVA,PRCH,FL,OTRK,
409,,,CC,OSW,SKIN,UGP,
410,,,THRM,WOW,EBS,JELD,
411,,,CHE,BJ,ONC,SKIN,
412,,,COLM,EVC,PAG,LOPE,
413,,,SDGR,GES,DXC,TTSH,
414,,,SMLR,GAME,DAKT,APA,
415,,,HBB,SGC,SENEB,WPRT,
416,,,DXC,RFIL,SENEA,POWI,
417,,,ATRC,WPRT,SLAB,TECH,
418,,,PATK,APPS,CTSH,AMN,
419,,,SPOK,LPTH,AORT,ENPH,
420,,,DXPE,MOV,MRK,KOPN,
421,,,VMI,CBOE,OEC,ATEC,
422,,,BH,DXLG,WTI,SNDL,
423,,,FORD,RGP,FUN,JBI,
424,,,HRMY,ONEW,WTS,ZBRA,
425,,,RHI,FI,SEE,ADP,
426,,,BSM,APEI,BBW,RSI,
427,,,MSI,JELD,RYN,PCTY,
428,,,WMK,NINE,MATW,RFIL,
429,,,IAC,MASS,CMCSA,LH,
430,,,CCRD,TGT,PRGO,LRCX,
431,,,LIVN,HURN,AMS,PMTS,
432,,,UTI,ADTN,UI,EAT,
433,,,APT,MNRO,HLF,OSW,
434,,,JELD,SMTC,AXTA,FFIV,
435,,,CNK,PLAY,QDEL,CQP,
436,,,WSO,CRSR,STX,PINC,
437,,,ORLY,AIRG,GT,OSS,
438,,,XTNT,SKLZ,PATK,ACU,
439,,,HOFT,NOW,HLLY,SNPS,
440,,,EVH,MTD,LEVI,APEI,
441,,,TRIP,LSTR,MOV,MLR,
442,,,UIS,NCLH,CDXS,ESCA,
443,,,SIRI,PKG,BXC,INSM,
444,,,ADP,AZN,TITN,HI,
445,,,CGNX,ACB,ELF,EOG,
446,,,THC,VREX,NOTE,ETD,
447,,,DHR,SSKN,MIRM,HRTX,
448,,,III,SCKT,KN,HAIN,
449,,,PEGA,JKHY,MCO,TTEC,
450,,,PERI,MAN,USIO,DENN,
451,,,NOTE,FLWS,BGS,HBI,
452,,,PLBY,BURL,MXL,ZWS,
453,,,KPLT,CVLT,MMS,CDXS,
454,,,CNR,AVGO,UTI,AMGN,
455,,,BHC,PRLB,KVHI,MA,
456,,,DFIN,CELH,ADV,OPAD,
457,,,AMGN,NWL,WMK,BMY,
458,,,NOVT,NXST,BMY,EFOI,
459,,,LGND,ANF,RFIL,MATV,
460,,,NTGR,AMWL,PHAT,FLL,
461,,,UTMD,MATW,CNXC,STIM,
462,,,BC,VNDA,EA,BGSF,
463,,,FELE,EMR,LIND,AOS,
464,,,IDXX,TRMD,ZS,DOX,
465,,,TWI,UIS,MKSI,EPAC,
466,,,CMCSA,TSQ,EPAC,WWW,
467,,,CPS,CIEN,FUBO,IRDM,
468,,,OPFI,HAE,RELL,EW,
469,,,MORN,MDGL,HOFT,MGNX,
470,,,UGI,BCE,EXLS,SLQT,
471,,,BWAY,TDC,WCC,BRY,
472,,,OUT,WU,CBT,VNT,
473,,,LIND,LAUR,PBPB,KLAC,
474,,,WOR,NTCT,CCI,PRLB,
475,,,ALG,MODV,NTIC,LFCR,
476,,,CDXS,AXSM,GES,GFF,
477,,,TENB,KTB,VLGEA,HOUS,
478,,,SSTI,BLDR,QCOM,ANDE,
479,,,PTC,ACNT,ENR,QGEN,
480,,,CRMT,RL,BSET,LNW,
481,,,DINO,ZTS,IESC,TIGO,
482,,,PSFE,PII,XGN,BSY,
483,,,TXG,CYRX,MX,GNRC,
484,,,BRY,HSTM,LIVN,NCSM,
485,,,TECH,BATL,CNTY,TSQ,
486,,,RELL,CMT,MVST,COSM,
487,,,MCO,NOTE,GTES,ALKS,
488,,,PSNL,ADP,KFY,ABG,
489,,,OTIS,CCEL,EFXT,SBGI,
490,,,TEVA,DECK,CLX,SKM,
491,,,WLKP,ONC,AVTR,NDSN,
492,,,BLFS,WLKP,DAIO,OVV,
493,,,TS,NVCR,MSCI,COLL,
494,,,GPK,SKIN,ADSK,NATR,
495,,,ADPT,RBBN,PSTG,NRC,
496,,,FFIV,SNCR,KEYS,UHS,
497,,,DGII,CVE,FERG,CTSH,
498,,,NXPI,OPRA,CNR,BLBD,
499,,,WEYS,AN,CRI,REZI,
500,,,VALE,JBHT,ALGM,WLDN,
501,,,BFLY,AMCX,NDLS,PRO,
502,,,CWK,CAH,HBB,TT,
503,,,AMCX,SBH,UPBD,WDFC,
504,,,CLAR,LNSR,VPG,IPAR,
505,,,QVCGA,MIRM,CMT,VRSN,
506,,,MTW,CASY,WAT,ADT,
507,,,SCOR,ELF,ADPT,CNMD,
508,,,ENR,LNW,DIT,VATE,
509,,,SHW,CERS,EXTR,META,
510,,,LVO,ZYXI,CRM,SCKT,
511,,,INGR,PARR,BC,CIX,
512,,,SUPN,RRR,AUPH,AVY,
513,,,MHH,MGIC,SNOA,CNXC,
514,,,HNI,JOUT,BFLY,EVI,
515,,,WBD,ASC,LAB,UPS,
516,,,IPDN,PNR,TG,DORM,
517,,,CAKE,MAPS,JHX,DGX,
518,,,VPG,CELU,AA,PFE,
519,,,LXFR,TREX,EMR,EPAM,
520,,,FNKO,FORM,CBRL,ANIP,
521,,,NICE,LTRX,NVEC,ADUS,
522,,,MHK,MGY,KRNT,K,
523,,,BXC,ODP,CNMD,ACN,
524,,,PINS,NVR,IRDM,OUST,
525,,,ICL,GNTX,JOUT,VRRM,
526,,,MDLZ,CARG,OSK,SSTK,
527,,,QLYS,HVT,PHG,ICFI,
528,,,KRO,GIL,QMCO,CSTE,
529,,,TAC,HOFT,STE,TAIT,
530,,,SPXC,FAST,GRC,SRI,
531,,,SBAC,URBN,ACHC,KLIC,
532,,,CAT,SRI,UTMD,BRAG,
533,,,JACK,HRL,REAL,ODFL,
534,,,TCMD,DRIO,SFIX,LGND,
535,,,GDRX,JBSS,MCD,BRO,
536,,,IRTC,DCI,AAP,NVCR,
537,,,TNC,YETI,ALG,GIC,
538,,,LECO,FELE,AGYS,UIS,
539,,,EFX,LCTX,JKHY,DAVA,
540,,,ARLO,BAH,LOPE,CHRW,
541,,,AI,TNDM,LOGI,BJRI,
542,,,COHU,ITW,CXT,APDN,
543,,,CNTY,CQP,PODD,FRPT,
544,,,RMD,DCGO,RUSHB,MAS,
545,,,GEN,FL,NTGR,NGVC,
546,,,OM,GTIM,TCMD,USFD,
547,,,RMAX,UPS,EXP,CCLD,
548,,,CTEV,PERI,RUSHA,SKX,
549,,,FRD,GRFS,DHR,BOOT,
550,,,SIMO,CAKE,MHK,GPI,
551,,,VYX,CHT,LAZR,GLDD,
552,,,IRMD,TCMD,CVGI,TLS,
553,,,CYRX,HCA,LPTH,CAT,
554,,,NXST,PRMB,ANIP,BLMN,
555,,,CBT,SLAB,ZBH,BH,
556,,,KAR,METC,ORLY,CREX,
557,,,FLXS,PINC,PII,NOVT,
558,,,AZTA,FSV,MERC,FSV,
559,,,GETY,TG,BOOM,MXL,
560,,,FUBO,VMD,BGFV,HST,
561,,,HLT,ROST,SSP,COKE,
562,,,LSTR,QUAD,STRR,KVHI,
563,,,IVF,KLAC,PRLB,HUBS,
564,,,METC,SRDX,PFE,ODC,
565,,,TSCO,KVHI,DHI,NPKI,
566,,,CNH,RMAX,BW,TEVA,
567,,,NOK,CHE,ZWS,MORN,
568,,,KMB,BFLY,OFIX,NTIC,
569,,,LFMD,ATNI,DOX,CRSR,
570,,,DENN,AZTA,JJSF,DCBO,
571,,,K,NDLS,NKTR,PG,
572,,,SMTI,UAL,CHTR,FTK,
573,,,FLUT,SHAK,WST,CLAR,
574,,,PHM,DENN,K,BLDE,
575,,,CRSR,NSIT,POWL,MCS,
576,,,CXW,FET,RGNX,REGN,
577,,,MDXG,ABL,GCO,TXRH,
578,,,GENI,DRH,GOLF,APG,
579,,,WOW,PUMP,NVAX,SRDX,
580,,,PM,ICFI,MMM,AMCX,
581,,,HOUS,GRC,FMC,ASTH,
582,,,GNRC,NATR,SGC,AORT,
583,,,EMR,IMO,APG,EMR,
584,,,NFLX,GTM,APTV,MGNI,
585,,,EOLS,MRNA,PHR,GIS,
586,,,FTEK,GYRE,CSCO,LPX,
587,,,VNDA,SYTA,GLP,CYBR,
588,,,KT,DKS,MPX,OWLT,
589,,,BR,EBF,CARR,GLPI,
590,,,VAC,GILD,RL,QLYS,
591,,,ELAN,DOX,GVA,HLT,
592,,,LVS,SUPN,RSI,CWK,
593,,,LWAY,VRNT,OM,GOGO,
594,,,AGYS,RGS,EVTC,IDCC,
595,,,CODX,AIT,AYTU,ACLS,
596,,,MMI,TAP,MAPS,VRTX,
597,,,MEC,PEGA,ELAN,XRX,
598,,,SXT,RDWR,EAT,CAKE,
599,,,VTLE,VRA,FWRD,BRN,
600,,,HSIC,PAYX,WHR,RGS,
601,,,WPRT,EDUC,MPAA,WST,
602,,,SPSC,LII,CMI,ELA,
603,,,FUN,BIOX,MLKN,IDT,
604,,,APPS,NCNO,FBIN,JAMF,
605,,,TEX,FOSL,OPAD,PLAY,
606,,,RCKY,COST,POOL,CTAS,
607,,,PFE,CALX,MA,FAST,
608,,,ASND,OM,AZO,ORLY,
609,,,CTAS,CPHC,CPS,ATNI,
610,,,BLBD,GO,EVI,CL,
611,,,BLDE,BCRX,VRTX,PSFE,
612,,,GNLN,RACE,UEIC,ECL,
613,,,NTR,BRBR,IMAX,TCX,
614,,,NEU,TDW,VMD,NEO,
615,,,PRKS,SSP,OPFI,RGCO,
616,,,JAZZ,ADV,ACCS,LEN,
617,,,BEEM,FDS,TDC,JKHY,
618,,,NCMI,BYD,OCUL,ZEUS,
619,,,PNRG,CDNA,THO,TDC,
620,,,TIMB,MITK,TWLO,PRDO,
621,,,SONO,ELAN,TWST,LILA,
622,,,ANIP,AAON,SCVL,EXPD,
623,,,FTHM,NEU,GILT,HOV,
624,,,POWI,RIG,STM,LILAK,
625,,,LILAK,EYPT,SONO,CMCSA,
626,,,HST,WAT,JAMF,GYRE,
627,,,EEX,XTNT,ASGN,KN,
628,,,EOG,GKOS,RMAX,CSPI,
629,,,LILA,BSM,TMO,KAI,
630,,,PBI,ATEN,GIII,UPWK,
631,,,LINC,BR,LOVE,XPEL,
632,,,SSNC,NAGE,GDRX,SLAB,
633,,,SAM,GMAB,AVNT,KFY,
634,,,BATRA,MEC,IOVA,EVGN,
635,,,BCO,GSAT,KODK,AWI,
636,,,BATRK,CTEV,ATKR,COHU,
637,,,LSCC,ATRC,MOH,LAB,
638,,,NTRA,CHH,GETY,PFSI,
639,,,VET,OFLX,SHC,SU,
640,,,DOX,EHC,SNDA,TBI,
641,,,LIQT,HZO,APDN,VALE,
642,,,LOGI,VPG,AN,WAT,
643,,,TPB,FLL,GO,CIGI,
644,,,CODI,HCSG,AAL,WOW,
645,,,IFF,INSW,KRP,PAGS,
646,,,FSLY,CABO,UIS,DVA,
647,,,DKL,CCL,AIT,VTRS,
648,,,FTDR,NWPX,ICUI,ABT,
649,,,IMKTA,CRTO,NEU,SNX,
650,,,BALL,ZUMZ,VTOL,DRH,
651,,,HUBB,BARK,WMT,FKWL,
652,,,DAY,BHC,NEOG,HQY,
653,,,ADV,GNRC,CNXN,HOLX,
654,,,BLNK,LCII,PDS,AIT,
655,,,CLVT,VMI,VNT,SBUX,
656,,,BNGO,GOGO,BDX,RES,
657,,,YUM,ODFL,ULTA,JBHT,
658,,,USFD,TJX,UA,ASTE,
659,,,MOD,HIMX,UAA,QTRX,
660,,,DRIO,SCVL,HI,CLBT,
661,,,NYT,TEX,MGPI,IRMD,
662,,,MUSA,HSY,BALL,AZN,
663,,,PRDO,MMLP,TRUP,MIRM,
664,,,SABR,TDS,CRTO,BW,
665,,,TTE,CCRD,VECO,AXSM,
666,,,LPX,SU,CHH,VZ,
667,,,CTSH,SNDL,MBUU,BURL,
668,,,OWLT,PM,STRT,HBB,
669,,,BYD,FTFT,OPCH,GNL,
670,,,WTS,CENTA,SKY,LPL,
671,,,VNOM,CENT,GPN,OCUL,
672,,,VTRS,RCKY,LULU,ENR,
673,,,CHEF,STM,BSY,ONTO,
674,,,ENPH,EVI,QRHC,STNE,
675,,,ACHC,WSO,AVY,LWAY,
676,,,ATR,TTI,CARG,DIN,
677,,,MYE,DLTH,HESM,KEYS,
678,,,AVY,RCL,PMTS,CLVT,
679,,,GNK,FMS,BRBR,NDLS,
680,,,INFU,HI,WDAY,A,
681,,,UA,BTG,NYT,EHC,
682,,,UAA,TU,KOP,TWLO,
683,,,WES,MANH,MATV,CPB,
684,,,TX,XPEL,GAP,LOVE,
685,,,GIC,CMG,BDC,NHC,
686,,,ROL,MMSI,TRI,INDV,
687,,,MCFT,HBIO,J,CTEV,
688,,,LRN,REPX,CROX,NXST,
689,,,LCII,ADMA,VITL,CHCI,
690,,,OVV,EQNR,UNF,CARR,
691,,,CDNA,LSAK,BIIB,CERS,
692,,,MVST,FCFS,GB,EGY,
693,,,ERO,EKSO,LE,BCE,
694,,,BRBR,WKC,DVA,NL,
695,,,AVPT,PPIH,ATEC,EBF,
696,,,XYL,QBTS,OPEN,VTOL,
697,,,WFG,WDAY,SCHL,GTIM,
698,,,BTG,DAY,GTLS,OXM,
699,,,MMLP,CVX,HCSG,WRAP,
700,,,DGX,CVCO,JILL,AMZN,
701,,,IIIV,STNG,IP,VITL,
702,,,CCO,LAB,IRTC,DXPE,
703,,,BG,SFM,FELE,U,
704,,,META,WCC,PAYX,KNSA,
705,,,U,STNE,YUM,MNKD,
706,,,KE,MCFT,FDS,VMI,
707,,,AUPH,DINO,VTRS,ALLE,
708,,,BCC,WAB,ELMD,GDYN,
709,,,FDP,MDT,AMCR,RGNX,
710,,,FOLD,APT,ALSN,DLB,
711,,,HAIN,SIMO,BLBD,LULU,
712,,,AMC,JHX,TS,WBD,
713,,,ATNI,ACHC,ATNI,GRMN,
714,,,OMI,NDSN,UFPI,MO,
715,,,BCPC,BBW,TZOO,PTC,
716,,,ECL,MDXG,NWPX,TLRY,
717,,,W,VET,HURN,BHC,
718,,,RGNX,DKNG,LRCX,NOW,
719,,,ALKS,KN,NVCR,TFII,
720,,,IRDM,MMI,OXM,BIIB,
721,,,AORT,COTY,CE,COO,
722,,,NGD,NVVE,MWA,FLUX,
723,,,ASH,QLYS,LEDS,RIG,
724,,,TOON,SYY,CTAS,UFPI,
725,,,NOTV,PZZA,ANF,CRMT,
726,,,TXRH,CSCI,DELL,NCMI,
727,,,WU,LKQ,EOG,CVLG,
728,,,KRP,RVTY,BKE,CULP,
729,,,FLS,BKE,CVLT,INCY,
730,,,IEP,MRVI,UNH,TRU,
731,,,NWL,DT,ADNT,JOUT,
732,,,RMNI,CNC,OTEX,FBIN,
733,,,LAB,CNR,SCS,MKC,
734,,,PHAT,FSLY,FSV,SRTS,
735,,,HCKT,FEIM,MUSA,PNRG,
736,,,SSD,CULP,PSFE,VHI,
737,,,INOD,CLIR,SMTC,AVGO,
738,,,UNH,DNOW,SUPN,SGU,
739,,,STAA,T,JRSH,LMAT,
740,,,SRTS,NTRA,CORT,ITW,
741,,,OCUL,OVV,CSTL,ACHC,
742,,,HIMS,CNK,DLB,CLLS,
743,,,DLHC,STRA,HSY,PHM,
744,,,INSP,CMPR,FIZZ,CHE,
745,,,ABT,MPC,INGR,BCO,
746,,,CGAU,AMT,BMI,CABO,
747,,,BRN,RSG,XPEL,PEN,
748,,,GSM,OCUL,FI,FDX,
749,,,MATV,CHEF,GIL,UCTT,
750,,,AZN,RDVT,PEN,GPC,
751,,,AGRO,RGNX,AXGN,BIPC,
752,,,DPZ,LRN,IRMD,RPAY,
753,,,ENOV,USNA,NBIX,CVGW,
754,,,PRGO,LAD,PYPL,SYY,
755,,,VFF,TXN,LLY,FOUR,
756,,,HYFM,CSGS,ALGT,ALSN,
757,,,DRI,HUBB,WEN,BRBR,
758,,,NRG,AMGN,HLIT,RVLV,
759,,,TFX,FOLD,VYX,EVER,
760,,,HSY,DAIO,ACLS,LW,
761,,,PLNT,NGD,FLWS,GETY,
762,,,VMD,AVNS,EEX,WHLR,
763,,,TISI,WBD,CALM,BOOM,
764,,,IESC,MHH,DAR,PEP,
765,,,JCI,SPXC,PPIH,DPZ,
766,,,SND,EXAS,DNB,ROL,
767,,,KTCC,CVNA,WD,RCKY,
768,,,RMR,EPM,HLIO,RRR,
769,,,CRI,IBRX,FTEK,PARR,
770,,,ATER,IBM,INUV,PERI,
771,,,OPRA,DLTR,KEQU,PII,
772,,,MIRM,GETY,EW,VERI,
773,,,JBHT,HLLY,APPS,XYZ,
774,,,FAT,SBGI,IDT,EFXT,
775,,,CVX,RSI,LFVN,MDT,
776,,,MPAA,PRDO,RMNI,CHD,
777,,,VHI,SPTN,WKC,CLIR,
778,,,TAIT,ZWS,REGN,BIOX,
779,,,CAH,ESCA,GOOS,AGEN,
780,,,GPC,IRMD,MEDP,DE,
781,,,CSL,PSTG,AUDC,BWA,
782,,,AVNS,UNF,CAKE,BYD,
783,,,UFPI,CXT,FORM,BORR,
784,,,OSW,LNN,ROST,FIZZ,
785,,,LXU,FND,DCBO,ADV,
786,,,HUBS,A,MDB,THO,
787,,,TU,SYNA,HAE,DIOD,
788,,,BOC,TWI,TGLS,CCRD,
789,,,WMG,VATE,AXL,LFVN,
790,,,DIN,AP,OI,PRSU,
791,,,AAL,SNAP,EHC,PHI,
792,,,CREX,AJG,KNSA,SHAK,
793,,,DAR,BLDE,KTCC,CNTY,
794,,,ELF,CLLS,MNRO,SMTI,
795,,,FPAY,CLRO,IFF,MDXG,
796,,,AIT,ELA,SHAK,NSPR,
797,,,FIS,AQN,HSTM,UI,
798,,,ADM,UEIC,GEF,BRFS,
799,,,FCFS,CNMD,FDX,GAIA,
800,,,TSE,PRGS,CDNA,NVVE,
801,,,CARR,GCO,BJ,GRC,
802,,,XOS,ARDX,AVGO,UNF,
803,,,IQV,DSGX,FOXF,MMM,
804,,,LMAT,OPTT,JNJ,OSUR,
805,,,PFGC,FUBO,ARAY,JJSF,
806,,,MAR,ABBV,STZ,CCEL,
807,,,ALNY,SHOO,LAKE,NEM,
808,,,WLDN,DXPE,IART,LDWY,
809,,,APPF,RIGL,VTLE,ABBV,
810,,,MCD,MDB,BCPC,AZO,
811,,,SHOO,VNT,INCY,HRMY,
812,,,OBIO,FE,SXT,CVE,
813,,,ZBH,BBCP,OPRX,GVA,
814,,,VECO,OC,COLM,SAP,
815,,,SSP,VYX,WEYS,SSP,
816,,,FRSX,MDLZ,TWI,CENN,
817,,,VITL,REVG,COHU,ATGE,
818,,,CQP,TLS,TSE,GNTX,
819,,,MPWR,SCSC,ICL,ORN,
820,,,MBUU,ADT,NVDA,CSBR,
821,,,UAN,PDFS,EVER,DNOW,
822,,,EVGN,FDX,MCS,AEYE,
823,,,ADT,VIV,BRN,NTRA,
824,,,MX,EVTC,LEA,GO,
825,,,HCSG,CPRI,CRWS,LNTH,
826,,,RRR,TRU,TPB,INGR,
827,,,LNG,CNXC,RDWR,SMPL,
828,,,LQDA,AON,DXCM,BR,
829,,,LUMN,INCY,HIMS,CF,
830,,,LUV,VFF,PZZA,ERII,
831,,,MTZ,UMC,GP,MKSI,
832,,,AMZN,PED,MANH,BKD,
833,,,VC,REYN,MYRG,WKC,
834,,,MVIS,CUK,SPNS,NINE,
835,,,CRMD,AAL,GOCO,HSIC,
836,,,SON,GMS,BATL,ON,
837,,,HCAT,NOVT,FLXS,INGN,
838,,,MKSI,BMI,PWR,PAG,
839,,,ZWS,NYT,USNA,SLN,
840,,,SKX,PESI,SPSC,LIVN,
841,,,CF,BTE,PDFS,VTLE,
842,,,FTNT,CENN,AI,ICUI,
843,,,VTOL,BXC,BHC,REPX,
844,,,NVRI,FRO,COHR,RMBS,
845,,,CVGI,ATUS,RIGL,INOD,
846,,,GP,HGV,NVRI,UVV,
847,,,EVER,SXC,AP,ICCC,
848,,,ICCC,ARLO,HUBS,ESTC,
849,,,BKR,KOP,DECK,APTV,
850,,,HROW,AGCO,STLD,VFF,
851,,,VZ,LEU,CHEF,IEP,
852,,,CRUS,CHPT,FSLY,UGI,
853,,,ACNT,APPF,MRNA,HRB,
854,,,FTK,HUBS,SPT,GLP,
855,,,TRU,EXEL,XFOR,NVDA,
856,,,CNNE,EOG,MKC,AN,
857,,,TTI,UTZ,ASH,WM,
858,,,IP,IP,TUSK,ADMA,
859,,,NHC,DG,LINC,VRNT,
860,,,PHI,NCMI,PEGA,MGIC,
861,,,APLS,EFXT,PACB,CLRO,
862,,,BKD,WRAP,AEO,CRAI,
863,,,EML,GIFI,SPG,CVGI,
864,,,AMCR,CSCO,ODFL,NUVB,
865,,,TOMZ,CMCL,SPTN,RICK,
866,,,IART,DAL,CRMT,VYX,
867,,,YETI,MSFT,LUV,PCRX,
868,,,LOCO,BAK,ESTC,RUSHB,
869,,,ROIV,LVO,SIG,RUSHA,
870,,,GO,ARCO,ENPH,KOP,
871,,,MGM,CNQ,BNED,TDW,
872,,,POWL,LIND,WEX,EFX,
873,,,DECK,NBIX,CWK,OMC,
874,,,BSX,ARTW,GRMN,HIMS,
875,,,SHOP,OBE,THRY,HSTM,
876,,,CENTA,OUT,IGC,CCL,
877,,,GNL,BRY,KE,GLPG,
878,,,FSTR,CRUS,SBGI,OLLI,
879,,,OUST,NVDA,LII,FSLY,
880,,,CENT,SPGI,NAGE,JBL,
881,,,CECO,UPWK,LAD,DKNG,
882,,,CVNA,IART,RICK,CVX,
883,,,OSUR,APOG,GMS,SPHR,
884,,,LRCX,ABT,CF,PRPO,
885,,,WK,WFG,MCK,BTU,
886,,,ARKO,LFMD,CABO,ALTG,
887,,,EVO,SPNS,LPX,BKTI,
888,,,CELH,BATRA,STKL,GRBK,
889,,,TCX,BATRK,BYD,KRYS,
890,,,BIIB,BEEM,ITGR,TLF,
891,,,SCWO,TOON,ADT,DCTH,
892,,,AGIO,EVER,HQY,BSX,
893,,,WVVI,INSP,ORGO,NAGE,
894,,,SENS,ASML,CMRE,ARRY,
895,,,BRAG,DIS,NMTC,DIS,
896,,,NOW,PTCT,QTRX,EU,
897,,,CSTL,COMM,JBHT,LQDA,
898,,,EXPE,AIN,UVV,PTCT,
899,,,JJSF,SCWO,MAX,STRA,
900,,,TXN,FNKO,TGT,VGZ,
901,,,GMAB,SPOT,CIEN,BSM,
902,,,QTRX,TIMB,MRTN,R,
903,,,FLEX,CNTY,TRP,CVAC,
904,,,GPN,OPFI,AOS,TR,
905,,,RPD,HPQ,ARDX,IPG,
906,,,WEN,AAP,TRU,BE,
907,,,FTFT,DIN,PCRX,CRMD,
908,,,PACB,ALGN,AMZN,BLIN,
909,,,DASH,BWIN,CNK,WTS,
910,,,NVT,LOCO,PLUR,MCRI,
911,,,GGG,SKY,WLDN,AUTL,
912,,,CLNN,CVS,UCTT,ESOA,
913,,,CHH,SPHR,ATEN,SMTC,
914,,,LAZR,KULR,AMAT,AGAE,
915,,,CVAC,CSGP,CERS,OMI,
916,,,LITE,PYPL,TJX,CALM,
917,,,MESA,BBIO,HOG,BMRN,
918,,,KLAC,RBA,OKTA,KO,
919,,,EPSN,WINA,TOL,RH,
920,,,TSSI,NAT,OPK,MATW,
921,,,MDWD,COHU,TR,IAG,
922,,,ALTG,STAA,IPWR,SEER,
923,,,IFRX,BDN,SAH,XXII,
924,,,INDV,KE,BV,CWST,
925,,,EW,WING,RBBN,MNST,
926,,,ADMA,TFX,GNL,BLFS,
927,,,GRMN,IPAR,HRMY,TMDX,
928,,,NEXA,CZR,FGEN,VPG,
929,,,AP,AORT,APYX,TSCO,
930,,,GENC,GP,PNR,SPGI,
931,,,SMP,LSCC,LH,DRI,
932,,,LVWR,EEX,VFF,FIS,
933,,,RACE,GAP,MDU,HAL,
934,,,POST,XFOR,NICE,ALRM,
935,,,CSGP,GWW,SLQT,PYPL,
936,,,EBS,GDOT,HRTX,RMCF,
937,,,CSTE,KRP,LVWR,MRNA,
938,,,MWA,ANIK,MCRI,SCOR,
939,,,GRC,TECH,AOUT,INSW,
940,,,GNTX,GASS,IIIV,INDI,
941,,,WING,EPC,AEHR,IFF,
942,,,TPL,HBI,INOD,SMG,
943,,,CMBM,IFRX,IQV,FLUT,
944,,,LYFT,CCU,CNVS,HZO,
945,,,AEVA,MHK,AMD,TRIP,
946,,,JBTM,BBY,AEVA,GTM,
947,,,WFCF,LUV,META,IDN,
948,,,CLGN,CSTL,APPF,SEE,
949,,,ESS,AMZN,CTVA,TPH,
950,,,AVTR,PSX,VRME,SHW,
951,,,CME,QTRX,TPL,DDOG,
952,,,FND,TENB,RUN,TTI,
953,,,ARW,MSEX,TAP,LYB,
954,,,NOV,FFIV,POWI,MGPI,
955,,,WTI,VITL,WCN,IPWR,
956,,,LII,OLLI,MO,PLAB,
957,,,UG,DASH,BBU,ATOM,
958,,,RDWR,KELYB,UNFI,LVWR,
959,,,GTES,TNET,CRMD,CNQ,
960,,,LNTH,KELYA,APT,EBS,
961,,,ONDS,KMDA,CNH,LSAK,
962,,,BJRI,PODD,KPLT,CCI,
963,,,BATL,COO,FAT,TTC,
964,,,VREX,HIMS,RVTY,USEG,
965,,,CRNT,VCEL,FND,AEI,
966,,,INVZ,VRRM,REPX,TGTX,
967,,,LCUT,WHR,AZTA,DASH,
968,,,GHC,NSPR,CENT,FROG,
969,,,STRA,NXPI,CVX,ACRS,
970,,,GAIA,KAI,SCL,HYMC,
971,,,LIN,MPX,SJM,KODK,
972,,,NVAX,CODX,CLFD,GOLF,
973,,,RGLD,NCSM,CENTA,ABAT,
974,,,TBCH,HHH,PSMT,HCSG,
975,,,AREC,QURE,AON,LIND,
976,,,EXLS,PSFE,HST,SSD,
977,,,GORO,WKSP,MSFT,CVNA,
978,,,BV,FC,ICFI,TTEK,
979,,,SHEL,CVGI,MODV,FTNT,
980,,,CPRX,ZBH,NCSM,MDB,
981,,,MELI,UTI,WBD,WU,
982,,,NET,ARLP,PLAY,BFAM,
983,,,FE,TMUS,QLYS,CNH,
984,,,FMS,UTMD,AVNW,OUT,
985,,,RBBN,CRMT,JCI,CROX,
986,,,LCTX,MGNX,BMRN,JBGS,
987,,,PBPB,INTU,INVZ,UBER,
988,,,ACEL,HY,EPC,LAZR,
989,,,HLLY,IESC,PUMP,EPM,
990,,,CMP,WEYS,RDY,MDWD,
991,,,THS,BLDP,CVLG,TPL,
992,,,GTM,SDGR,ACNT,MATX,
993,,,LXP,GPN,JBI,WGS,
994,,,HFFG,GNL,MEC,TYL,
995,,,RVP,PVH,ECL,MTZ,
996,,,API,TLYS,PSX,RSSS,
997,,,MRNA,GNLN,VATE,CTSO,
998,,,CLDT,HLIT,KW,BGFV,
999,,,MAXN,LPX,MPLX,FIVN,
1000,,,T,HRMY,RLGT,PENN,
1001,,,BWEN,TPR,ASND,NOV,
1002,,,OPEN,DDOG,AMRX,VRNA,
1003,,,QRHC,SMG,DLTR,ALIT,
1004,,,SHC,LLY,GEN,HYLN,
1005,,,BLMN,JCI,COMM,UAN,
1006,,,TDS,KBH,BBSI,ATUS,
1007,,,COO,INVZ,ZEUS,SOWG,
1008,,,JOBY,HR,IDCC,PAHC,
1009,,,BTE,RPD,VRT,CAG,
1010,,,REYN,GEN,ILMN,DNN,
1011,,,CIG,SPRU,HHH,BNED,
1012,,,FLL,AEVA,PI,LKQ,
1013,,,HNRG,NEO,BG,ANET,
1014,,,GERN,CARR,INVH,MIR,
1015,,,VIR,IT,NSPR,CASY,
1016,,,HTLD,CVAC,WNC,EQT,
1017,,,EGAN,GLDG,ROCK,ORGN,
1018,,,TG,PTEN,LSPD,NOTV,
1019,,,DRH,TNC,CCL,BRFH,
1020,,,QSI,GPRE,MGM,QDEL,
1021,,,UFI,NICE,BSM,ATR,
1022,,,SPG,VIR,LRN,APD,
1023,,,HR,CBZ,ASC,CLNE,
1024,,,AXL,MOD,SNAP,IRIX,
1025,,,TTEK,JOBY,BLD,AOSL,
1026,,,FSS,WEX,IIIN,TUSK,
1027,,,BBIO,LSPD,SABR,VUZI,
1028,,,UP,IBEX,DORM,NEXA,
1029,,,GIL,OMCL,CQP,GEF,
1030,,,BWA,AVY,VC,OGS,
1031,,,ITRG,WMS,CPRX,GPRE,
1032,,,VTAK,CLGN,TMDX,AIV,
1033,,,UTHR,MNKD,DAL,LIN,
1034,,,PG,ASH,SLB,BLDP,
1035,,,PDFS,CAL,RRR,KMDA,
1036,,,SHAK,LYFT,MYO,SPNS,
1037,,,HGV,NVAX,BKTI,SPOT,
1038,,,VVOS,CTRA,PRO,URG,
1039,,,BYND,EME,DDS,PCAR,
1040,,,VRNS,ABEO,BURL,BDX,
1041,,,EHC,VZ,TPIC,NWPX,
1042,,,AMRX,BILL,DASH,QURE,
1043,,,FFAI,DRI,YEXT,OPK,
1044,,,LMB,ABAT,AMT,BNTX,
1045,,,ADSK,AGEN,KLIC,PLL,
1046,,,PI,MSN,TXN,MHO,
1047,,,CHRW,SMTI,MNDO,CCK,
1048,,,MAX,LIVN,IT,VCYT,
1049,,,MIR,LINC,HR,BKR,
1050,,,PBH,AVO,RAMP,CYTK,
1051,,,TPC,SEE,CETX,CDW,
1052,,,BMI,BKH,INVE,UTMD,
1053,,,SU,WVVI,AIV,AVNT,
1054,,,KO,AOSL,LGND,FORD,
1055,,,INSG,WGS,FTNT,PLTR,
1056,,,SBUX,USEG,SGU,STKS,
1057,,,CLMT,TXRH,PPC,MYE,
1058,,,ICUI,NTR,WK,AKBA,
1059,,,BGFV,FSS,XOM,HPE,
1060,,,DDOG,VERB,COOT,NOMD,
1061,,,AMT,AVPT,CAN,VTAK,
1062,,,LCID,AEYE,IR,PD,
1063,,,DORM,INOD,MDT,XOM,
1064,,,PPSI,LVWR,PINS,ROIV,
1065,,,ACU,AKAM,CHPT,FORM,
1066,,,ERNA,BKYI,GDDY,CMC,
1067,,,CPHC,ACN,TTEK,SPSC,
1068,,,STLD,TOL,DAN,CVS,
1069,,,OIS,QSI,STRL,RRC,
1070,,,KVHI,HYFM,BE,AI,
1071,,,CHD,INTC,DCI,HYFM,
1072,,,LYV,KGC,ROIV,MMC,
1073,,,MNRO,SGML,CLBT,PDM,
1074,,,TH,AQMS,KOSS,POST,
1075,,,WKHS,OWLT,BBY,PANW,
1076,,,STN,DXC,ARLP,FFAI,
1077,,,CSGS,CPB,DLHC,ARLP,
1078,,,LEA,VTRS,HROW,HESM,
1079,,,XXII,PMTS,AKBA,HLLY,
1080,,,QURE,ALLT,SRPT,INTC,
1081,,,MERC,AUPH,COST,ISRG,
1082,,,PSX,E,CZR,IART,
1083,,,AOSL,ROKU,RH,MMSI,
1084,,,IMAX,HTLD,VCEL,RMD,
1085,,,LPRO,UNP,ICLR,LOCO,
1086,,,HLIO,HESM,VNDA,PLPC,
1087,,,AAON,FSTR,APA,EPD,
1088,,,TMUS,HELE,URBN,QNST,
1089,,,ABG,SKE,PRIM,MRVI,
1090,,,BEPC,VIRC,RBA,INSE,
1091,,,CDZI,LVS,PAGP,TARS,
1092,,,INTZ,STX,DNOW,CGAU,
1093,,,TKO,NRC,DBX,PM,
1094,,,HYLN,OTIS,REZI,WERN,
1095,,,J,SKX,CRVL,FF,
1096,,,UBER,SRTS,MMI,EPC,
1097,,,QTWO,VLO,DCTH,PK,
1098,,,CVCO,HLIO,PXS,RDWR,
1099,,,ASIX,EPAC,CSPI,AEIS,
1100,,,KOSS,ORGN,MSI,AWX,
1101,,,ELLO,NRG,CRSR,TFX,
1102,,,TT,SCS,BFAM,DXCM,
1103,,,MGY,TS,FTHM,CENTA,
1104,,,CAR,EOSE,LMB,MITK,
1105,,,EDRY,GGG,SMPL,CENT,
1106,,,LEN,MLR,DLTH,MGY,
1107,,,FROG,MRK,AES,BGS,
1108,,,VIV,CCCS,PANW,PAYX,
1109,,,BMRN,CTRN,FFIV,CNNE,
1110,,,KHC,PBH,FF,ONEW,
1111,,,NOMD,JAMF,UFI,HUBG,
1112,,,AGCO,MAT,MGY,SND,
1113,,,SOWG,ORLA,XRX,HBM,
1114,,,MRK,WK,SEDG,ZS,
1115,,,CSX,LNTH,QTWO,NSA,
1116,,,ROP,PZG,OLED,AYTU,
1117,,,PSIX,AZZ,SCCO,IOSP,
1118,,,CABO,TT,ABG,SAND,
1119,,,SNAP,AMH,BOOT,MPWR,
1120,,,CDW,JBL,PENN,JCI,
1121,,,SXC,BV,WERN,CHH,
1122,,,WEX,ATKR,CDW,CELH,
1123,,,SEDG,HSIC,LGIH,UP,
1124,,,DHI,TSN,AIRG,RVP,
1125,,,R,NBR,DKS,COOP,
1126,,,LLY,MSI,CELH,NNOX,
1127,,,EAF,EFX,TDS,MDIA,
1128,,,JBSS,RLGT,INSM,GEN,
1129,,,FDX,STRT,GNTX,AMTX,
1130,,,RDY,PSA,ECPG,HALO,
1131,,,VRSK,BTU,AMGN,LAD,
1132,,,CNC,PAGP,NFLX,SABR,
1133,,,ADNT,CPRX,SOL,RYI,
1134,,,INVE,FRPT,ORGN,THS,
1135,,,CBZ,LMAT,CAG,PAM,
1136,,,DGLY,AQB,ATUS,DXC,
1137,,,CSIQ,ACTG,CMC,SCSC,
1138,,,CZR,VFC,AWI,DHT,
1139,,,IMCC,UFPI,AXTI,MODV,
1140,,,OMCL,SPB,AVPT,GM,
1141,,,QDEL,XOS,MMSI,MMS,
1142,,,NFG,LWAY,UTHR,WLFC,
1143,,,ALSN,NET,HLT,TSN,
1144,,,OI,SEER,ECVT,PLNT,
1145,,,PTEN,RELL,SBUX,DNB,
1146,,,KAI,CLFD,ERIC,LUV,
1147,,,SCL,ZBRA,INSE,TMUS,
1148,,,HDSN,PHM,SU,AQST,
1149,,,CCL,LRCX,VUZI,LYFT,
1150,,,AIV,HAS,TX,FVRR,
1151,,,ATUS,QTWO,HELE,SEDG,
1152,,,EYPT,SUN,M,LLY,
1153,,,SEE,DAKT,CLB,MWA,
1154,,,QGEN,OPCH,BJRI,CC,
1155,,,GPRE,GDDY,BDL,VAC,
1156,,,GRBK,ICUI,HZO,WHD,
1157,,,ERII,MUR,CHD,PODD,
1158,,,HUBG,NUVB,FLEX,SMHI,
1159,,,IPG,SABR,CMG,T,
1160,,,BOOT,QCOM,TENB,NJR,
1161,,,SKY,FTNT,IBM,FND,
1162,,,EQT,MAX,LNSR,FTLF,
1163,,,RMBS,U,KSS,BDN,
1164,,,PENN,POWI,DRH,FTHM,
1165,,,NNOX,SMID,XPO,BMI,
1166,,,IVDA,PG,FIVN,EPSN,
1167,,,ICLR,UVV,REYN,BRKR,
1168,,,QUBT,OLED,DK,ULBI,
1169,,,CYBR,ARAY,PHM,BYND,
1170,,,MSPR,GIS,ODC,BV,
1171,,,PODD,CMCSA,BDN,CAR,
1172,,,DNB,BALL,SOWG,TS,
1173,,,CWEN,CDZI,SPWH,MDU,
1174,,,SEER,GEF,LSTR,KGC,
1175,,,EFXT,UP,TV,AVPT,
1176,,,SMHI,GILT,GPK,RCL,
1177,,,FIVN,STKL,QSR,FAT,
1178,,,AMD,SMLR,DOW,OIS,
1179,,,DK,CHRW,AMKR,CHTR,
1180,,,GPI,OSS,GTN,DTST,
1181,,,DIOD,MTZ,KRO,RYN,
1182,,,WMS,WLDN,EME,SIRI,
1183,,,ORGN,XOM,JBSS,GORO,
1184,,,MMSI,OSUR,DGX,LAND,
1185,,,COKE,BYND,HYFM,CUK,
1186,,,CLMB,G,UPWK,MX,
1187,,,GMRE,PFGC,ROP,ROP,
1188,,,TGNA,PNRG,NUWE,SLP,
1189,,,VCEL,CLAR,CMPO,HFFG,
1190,,,DAN,BBU,NOV,GLOB,
1191,,,TMDX,LBRT,NEO,TRGP,
1192,,,GOGL,MX,ITRI,WCC,
1193,,,DXCM,MYRG,GRBK,BLDR,
1194,,,FSP,CWEN,LNN,TAP,
1195,,,DIT,SPRY,U,VSTA,
1196,,,EME,IRDM,CSGS,IMAX,
1197,,,GDYN,BSX,POST,MEOH,
1198,,,NEO,KAR,NET,MSFT,
1199,,,AMTX,SHIP,NAT,BCC,
1200,,,KNOP,MXC,MLI,PSIX,
1201,,,MPC,GNE,ADMA,CRON,
1202,,,PLTR,SOWG,NOW,HRL,
1203,,,CVE,ALTO,UGI,POWL,
1204,,,PII,BP,PRDO,MELI,
1205,,,AEI,PBF,NTCT,MRC,
1206,,,ALIT,MGPI,CLH,CXT,
1207,,,ZBRA,DHT,CASY,GBX,
1208,,,LH,TGLS,KOS,EKSO,
1209,,,CENN,NVST,XHR,PSX,
1210,,,XIFR,MPWR,COLD,STRL,
1211,,,CIVI,BOC,ASO,EVO,
1212,,,ICHR,SONY,DXPE,UNH,
1213,,,CMG,LPG,CVS,ARQ,
1214,,,PLOW,MIND,OLLI,SPRU,
1215,,,GT,DORM,DIOD,MVIS,
1216,,,ON,SPG,WMG,NVMI,
1217,,,BDSX,FWRD,HOV,NVST,
1218,,,PAG,GENI,TVTX,TECK,
1219,,,TDW,DOCU,CSGP,BWIN,
1220,,,FRPT,RUSHB,FLL,NEU,
1221,,,COSM,RUSHA,HLX,LNSR,
1222,,,CRVL,SRPT,KR,JACK,
1223,,,AEIS,CRNT,CIX,JBSS,
1224,,,KW,HD,OUT,VRME,
1225,,,KDP,TH,CULP,SUN,
1226,,,ODV,NNOX,ICCC,RNGR,
1227,,,VSTA,SBS,WOW,AM,
1228,,,MTX,CPT,FIS,RBA,
1229,,,CTRM,ESOA,EDAP,WOR,
1230,,,AWX,VNCE,PLNT,TPB,
1231,,,SCCO,TEVA,NPKI,LCID,
1232,,,LUNG,STE,CUK,NGVT,
1233,,,TPIC,REZI,LW,FELE,
1234,,,SPOT,GNK,RPD,BWAY,
1235,,,CNXN,NHI,SOTK,BKYI,
1236,,,AAOI,CLBT,PSA,PAMT,
1237,,,HALO,FLS,UPS,MCD,
1238,,,FSV,BJRI,TELA,KRO,
1239,,,RMTI,ROIV,MRVL,ZVRA,
1240,,,HL,FAT,BRY,NOK,
1241,,,KULR,BNTX,WMS,FTI,
1242,,,INDI,ABEV,KBH,EDRY,
1243,,,DVN,GIII,SPOT,TGNA,
1244,,,PUMP,MRTN,NGL,OMCL,
1245,,,CENX,ENR,IPA,CWH,
1246,,,RBA,TK,ACN,TRN,
1247,,,OPCH,PLCE,ALCO,VRT,
1248,,,TARS,NSSC,RCL,PRIM,
1249,,,BIP,XIFR,GILD,ACEL,
1250,,,CVI,YHGJ,TROX,HIMX,
1251,,,ALC,ALNY,ALTO,OC,
1252,,,ESOA,ECL,MELI,FCEL,
1253,,,CLH,LMB,ZBRA,CRNC,
1254,,,SRPT,PAG,JBGS,LVS,
1255,,,BOOM,USAC,ARKO,TU,
1256,,,FORM,OKTA,PBH,SHC,
1257,,,HLX,MRVL,AVO,NRG,
1258,,,PCRX,NTIC,POCI,ED,
1259,,,BIPC,VTOL,MAR,MOH,
1260,,,DKNG,HALO,SAP,VREX,
1261,,,TRUP,SSD,ALIT,WVVI,
1262,,,NBR,CLVT,MTH,XPRO,
1263,,,TNK,PENN,NAII,OXY,
1264,,,CVS,FPAY,DOOO,LXP,
1265,,,GTIM,VIVK,RMBS,NET,
1266,,,SLSN,FTEK,ACM,FEIM,
1267,,,WHR,FSP,NBR,EQX,
1268,,,MTSI,MORN,PLTR,INVE,
1269,,,FOXF,SNPS,FVRR,KBH,
1270,,,AKAM,MSPR,BSX,WMS,
1271,,,ECVT,PKX,ZD,RACE,
1272,,,NSA,ADUS,TTE,TPIC,
1273,,,COMM,INSE,SPGI,ELS,
1274,,,HAS,CGNX,PKG,DAR,
1275,,,ANDE,IGC,ALRM,GNE,
1276,,,HOLX,PFE,ASLE,FTDR,
1277,,,SEI,META,GGG,SYNA,
1278,,,MLI,GRMN,MHO,QTWO,
1279,,,MHO,RMD,MAYS,SKYW,
1280,,,AFYA,RGEN,DSGX,AXTA,
1281,,,CIX,GPRO,HYLN,BILL,
1282,,,REGN,GGB,CRWD,EXPE,
1283,,,MSFT,APLE,CNC,PAR,
1284,,,IRM,EXLS,BIOX,PGNY,
1285,,,CNQ,TTEC,DE,PKG,
1286,,,WAB,LAND,HDSN,SCCO,
1287,,,AN,CMI,ON,CCS,
1288,,,MIDD,REGN,BBCP,XRAY,
1289,,,CE,CRWD,VZ,CMI,
1290,,,VRT,MLAB,DLX,SPG,
1291,,,PANL,BBSI,IPDN,ENOV,
1292,,,JNJ,SEB,FIX,PANL,
1293,,,NVCR,CXW,NGS,VRSK,
1294,,,BP,AAPL,FDP,SMID,
1295,,,GEVO,IEP,DIS,DHI,
1296,,,TRN,DNB,ISRG,MTX,
1297,,,SAH,VGZ,QNST,SIM,
1298,,,CTSO,RES,T,KOSS,
1299,,,CHDN,EVGN,HTLD,CMCL,
1300,,,SNDL,PUBM,WES,SFL,
1301,,,WDC,ELP,EQIX,HR,
1302,,,FOUR,UGI,TPC,CLB,
1303,,,RCI,KEX,VAC,FSTR,
1304,,,SOL,ORCL,FRPT,ITRI,
1305,,,MAGN,RYAM,HWKN,LPRO,
1306,,,D,SCCO,BORR,CYRX,
1307,,,AVNT,JACK,XIFR,NEOG,
1308,,,OEC,PLL,NEM,ARCB,
1309,,,WHD,GPC,SMSI,RVTY,
1310,,,CCCS,ALLE,AZZ,BP,
1311,,,PAMT,JBGS,ACB,LNN,
1312,,,GTN,SND,MIDD,KDP,
1313,,,BLDP,WM,THS,JCTC,
1314,,,MDRR,MNDO,INTU,LNG,
1315,,,CWST,RMTI,LPG,AIN,
1316,,,NEOG,CRMD,NCMI,IVT,
1317,,,DNN,CCI,PFGC,MBUU,
1318,,,SBS,BCPC,COLL,NVRI,
1319,,,WMB,APTV,NVMI,IQV,
1320,,,COP,KTCC,VRNT,SYK,
1321,,,PPC,V,TTD,EZPW,
1322,,,EAT,IPWR,UAL,AP,
1323,,,MOS,OLN,AKAM,ALG,
1324,,,ISRG,CLH,VCYT,LCII,
1325,,,CCJ,NFG,ONTO,PCH,
1326,,,ANET,FIS,PBF,AZTA,
1327,,,ARRY,ARCB,BLMN,WMG,
1328,,,NHI,GORO,CPT,FRO,
1329,,,BIOX,K,RMR,SLB,
1330,,,BEP,VVV,UNP,REVG,
1331,,,CLF,UCTT,SXC,AFYA,
1332,,,FTI,ADM,WAB,VECO,
1333,,,SNDR,ATGE,VIV,CRNT,
1334,,,UTZ,CIVI,AOSL,SNES,
1335,,,IDR,SJM,MTX,MIDD,
1336,,,WNS,BAND,UBER,HUBB,
1337,,,ONTO,FOXF,FLGT,SXT,
1338,,,POR,GPRK,BYND,PZG,
1339,,,TR,PLPC,BATRA,RLGT,
1340,,,WCN,DHI,BATRK,FDS,
1341,,,RPAY,HYMC,KNOP,POOL,
1342,,,ASTH,ACLS,OTIS,MTSI,
1343,,,ASC,AMAT,TKO,MEC,
1344,,,EXAS,SLSN,WING,NXPI,
1345,,,ITGR,HYLN,PARR,IRT,
1346,,,HESM,CMCT,STKS,VLO,
1347,,,TTD,DNN,FROG,KEQU,
1348,,,GTLS,CLB,PAA,DTE,
1349,,,LYTS,KEYS,AVB,CVEO,
1350,,,VERX,DIOD,TGNA,TGLS,
1351,,,VCYT,CODI,INTZ,AA,
1352,,,CTRA,SUZ,AM,LYTS,
1353,,,GLPI,ERII,TDW,WOLF,
1354,,,JBGS,DLB,PRAA,UMC,
1355,,,SKYW,HAL,NXPI,OR,
1356,,,SSRM,GTN,SHEL,MAR,
1357,,,LW,ASLE,CWH,FMS,
1358,,,HPK,TMDX,SNPS,USLM,
1359,,,WKC,FVRR,CSIQ,AR,
1360,,,ALGT,SXT,COO,RSG,
1361,,,PYPL,MHO,BRFS,SBLK,
1362,,,BGS,MA,KEX,COP,
1363,,,PSA,HUBG,SHOP,INVH,
1364,,,RRC,CHRD,ONEW,MNDO,
1365,,,FIX,TUSK,SBLK,ACTG,
1366,,,CHTR,ARKO,ASML,VTR,
1367,,,JKHY,AXL,DDOG,GTN,
1368,,,ASX,R,LOCO,PTEN,
1369,,,EQR,JRSH,ORCL,UDR,
1370,,,MCS,RH,CNNE,PATK,
1371,,,USLM,WKHS,AEIS,EVTC,
1372,,,AXTA,MLI,TEO,SEI,
1373,,,WWR,DAR,FCX,PRGO,
1374,,,IPWR,ALGT,AROC,PR,
1375,,,ALLE,EXP,CSX,UNP,
1376,,,SEM,WOR,GKOS,CBT,
1377,,,PKG,PLUR,TSQ,LITE,
1378,,,NVMI,VSTA,JOE,LMNR,
1379,,,RSG,NEOG,WOR,PAAS,
1380,,,WYY,FSI,SIRI,PDFS,
1381,,,MATX,FIX,DT,BCPC,
1382,,,CRON,MGTX,PTEN,ES,
1383,,,CCI,WEN,NEWP,ACM,
1384,,,RVTY,ON,CIVI,KNX,
1385,,,REI,BLBD,TPH,AWR,
1386,,,SPRU,WDC,MPC,ASH,
1387,,,CSPI,TGNA,STIM,GTY,
1388,,,CPT,PI,NSIT,ELAN,
1389,,,ROCK,TSM,CYRX,AMH,
1390,,,BCE,TRN,WLK,FRD,
1391,,,FCX,FUN,ANET,TRMD,
1392,,,KEN,CNH,BNTX,STM,
1393,,,AWI,KDP,GIFI,WAB,
1394,,,GSAT,GOOS,CCCS,AEHR,
1395,,,VIVK,TKO,HPQ,AVTR,
1396,,,KMI,MMS,ABEV,JNJ,
1397,,,DVAX,CCO,EPAM,API,
1398,,,SPGI,MCK,GOGL,NOG,
1399,,,MEDP,MDRR,CMCL,CHRD,
1400,,,CCK,CRVL,NOTV,ZBH,
1401,,,CMT,NVS,PUBM,EEX,
1402,,,ELS,MPAA,XPRO,GNK,
1403,,,EXP,PTC,TLRY,APLE,
1404,,,PRCH,OSK,NL,AMKR,
1405,,,UNP,ITRI,RSG,FWRD,
1406,,,PCT,UTHR,KRYS,MSGS,
1407,,,WILC,VAC,CYTK,TIMB,
1408,,,HSII,EPAM,APLE,TMO,
1409,,,KOS,GTES,IRM,ATEN,
1410,,,MLP,CMPO,AMPH,BWEN,
1411,,,DOW,ULBI,NSA,ASGN,
1412,,,IVT,PCH,ESEA,CMCT,
1413,,,VTR,STR,RYAM,SGA,
1414,,,ARMK,CVI,NDAQ,AXTI,
1415,,,AA,AM,MDWD,KRNT,
1416,,,ADUS,QDEL,RMCF,CTLP,
1417,,,DEI,CWCO,PZG,WCN,
1418,,,KMDA,GOGL,NUE,LXU,
1419,,,CIGI,ICE,OSW,BKH,
1420,,,AVA,COR,MOS,CBZ,
1421,,,NDAQ,BWAY,RPAY,SWX,
1422,,,CMRE,OIS,WDC,ARKO,
1423,,,NCLH,PSIX,KNX,DHR,
1424,,,TWIN,RYN,FRD,HLIO,
1425,,,LEGH,BSY,NFG,CNI,
1426,,,AMPY,IMAX,MPWR,OTTR,
1427,,,OSK,HBB,GRNT,EEFT,
1428,,,MGPI,SKYW,NTR,CPRT,
1429,,,LAND,ELS,OXY,VVV,
1430,,,SAND,CHTR,CVNA,UTZ,
1431,,,KELYA,MOH,UDR,TREX,
1432,,,KELYB,VRTX,IMO,ASM,
1433,,,BFAM,SPSC,EGY,FLEX,
1434,,,ACIW,ATR,ELS,TSM,
1435,,,KNX,LCUT,VHI,TSSI,
1436,,,RES,LECO,AR,KE,
1437,,,G,TRUP,DAVA,ALV,
1438,,,TRMB,MP,PCAR,TG,
1439,,,ENVA,CPAC,BNL,RGEN,
1440,,,UPS,MCO,EQT,DVN,
1441,,,FEIM,VOXR,PAMT,KTCC,
1442,,,NOG,AVTR,CXW,AMPH,
1443,,,TMO,DEI,FNV,ET,
1444,,,LND,SLGN,MSGS,F,
1445,,,SATS,ALSN,NCLH,AON,
1446,,,MYRG,MELI,USLM,NAII,
1447,,,COLD,EEFT,PDEX,ADNT,
1448,,,USPH,GEVO,DY,WHR,
1449,,,VOXR,CCJ,FRO,IMXI,
1450,,,PCH,WILC,AEM,MCFT,
1451,,,DIS,PDEX,HAL,OI,
1452,,,PAGP,SLB,VRNS,AVA,
1453,,,CMCL,AXTA,A,USIO,
1454,,,KGC,SBUX,DVN,BC,
1455,,,NUE,TTD,MXC,PNR,
1456,,,STX,MTW,SLP,PPC,
1457,,,WM,DY,BWAY,AEM,
1458,,,KGEI,COP,TXRH,EAF,
1459,,,RYN,NFLX,FTK,IIIN,
1460,,,USAC,TAC,ESTA,IMO,
1461,,,AM,PAA,ENSG,MRVL,
1462,,,ASYS,RCI,KHC,IR,
1463,,,ALTO,EDRY,EVGN,CLFD,
1464,,,MLM,HAIN,ARMK,STR,
1465,,,UTL,CRAI,ACMR,AVNW,
1466,,,OLED,DVA,MSN,IDR,
1467,,,NINE,BOOT,TSM,RYAM,
1468,,,PLUG,VMC,NINE,HDSN,
1469,,,HP,CDW,DENN,AMD,
1470,,,ALRM,TSSI,R,ACA,
1471,,,WLK,MKC,SGA,HPK,
1472,,,PAAS,MATV,EQR,WY,
1473,,,FI,TBCH,CHCI,AGCO,
1474,,,DHT,AEP,WHD,PWR,
1475,,,MTA,STRL,WY,CTVA,
1476,,,REPX,FF,KDP,HSY,
1477,,,AWR,UGP,KAR,AGI,
1478,,,IRT,CECO,BR,NWE,
1479,,,RNGR,EGY,WOLF,CNC,
1480,,,AR,CMC,TH,HWKN,
1481,,,TRGP,SMHI,ASUR,AXR,
1482,,,XHR,NVRI,MD,MAYS,
1483,,,LBRT,MPLX,SGI,AMPY,
1484,,,PWR,RGLD,PDM,ADM,
1485,,,IPI,ENOV,ARCB,TSE,
1486,,,TRIB,GFL,GTM,NFG,
1487,,,OLN,WHD,DINO,MU,
1488,,,RGEN,HROW,SIM,PUMP,
1489,,,GLP,UNH,VALU,BBSI,
1490,,,LAD,CALM,KNTK,ICL,
1491,,,NWN,SHEL,HPK,COHR,
1492,,,BILL,NOV,LITE,KOS,
1493,,,CLFD,JOE,BZH,ADTN,
1494,,,LYB,NOMD,CPAY,OKTA,
1495,,,OPK,DELL,ABT,TWIN,
1496,,,ABEV,RVP,MUR,AHCO,
1497,,,UUUU,APG,PNW,THRM,
1498,,,AVNW,PRPH,MTSI,UAL,
1499,,,KRNT,TTEK,KMX,XYL,
1500,,,KRYS,KHC,GLOB,WILC,
1501,,,UDR,BRKR,MTZ,CDP,
1502,,,CNI,D,NSP,NDAQ,
1503,,,MRVI,CVLG,ET,GIL,
1504,,,EEFT,XYL,AGI,QSR,
1505,,,NEM,PLTR,LNG,JOE,
1506,,,YPF,CNDT,CHRD,CCJ,
1507,,,CHCT,RDY,BRO,CMS,
1508,,,PLX,PBA,DEI,BBCP,
1509,,,RARE,BCO,ETON,MPX,
1510,,,CDP,LYB,CNX,PAGP,
1511,,,CPAY,ENVA,TSN,AAON,
1512,,,UCTT,SWX,FTI,PBA,
1513,,,MLR,ASM,ENVA,DUK,
1514,,,NWPX,MTSI,IONS,ACIW,
1515,,,WHLR,BLMN,KMI,PXS,
1516,,,TK,ONTO,GRAB,KGEI,
1517,,,WERN,MTN,STNG,ATO,
1518,,,USAS,CWK,HP,ICHR,
1519,,,WY,CCK,MTN,GIFI,
1520,,,CNX,AI,SLSN,INTZ,
1521,,,HAL,MLM,ASM,ELUT,
1522,,,BNL,GRBK,SND,MAA,
1523,,,AROC,MAR,PAHC,FSM,
1524,,,KOP,ASTH,AXR,KMI,
1525,,,JOE,POWL,SNOW,IRM,
1526,,,AXTI,INDI,GHC,FUN,
1527,,,CLB,CAT,FKWL,ORCL,
1528,,,MTH,SSTK,MATX,PRTH,
1529,,,BW,ROCK,API,TEO,
1530,,,CHT,AR,PERI,EB,
1531,,,NGS,MKSI,CLNE,BNL,
1532,,,PCAR,KMI,GIS,GTLS,
1533,,,PRIM,MASI,PK,SEM,
1534,,,SQNS,VECO,SAIA,COR,
1535,,,MEOH,MTH,RNGR,AAL,
1536,,,FLGT,CF,AMSC,MRTN,
1537,,,WKSP,ZS,CPRT,NSC,
1538,,,APLE,HOLX,CECO,MVST,
1539,,,FSLR,AMPH,TRN,CHDN,
1540,,,PARR,HPK,CACC,STKL,
1541,,,EXPD,CHCT,APOG,USPH,
1542,,,ESEA,UFI,ARQ,GPN,
1543,,,KODK,SONM,LSAK,SM,
1544,,,XYZ,PDM,VLO,ULH,
1545,,,APG,MATX,FRT,IBM,
1546,,,WTTR,TRMB,MU,PSNL,
1547,,,STNE,TTE,PENG,TOL,
1548,,,INVH,CHDN,GEL,NEWP,
1549,,,REXR,KMX,CVE,CXW,
1550,,,FMC,WTTR,AGX,GTE,
1551,,,OBE,SHOP,RYAAY,STRT,
1552,,,SONM,FFAI,ESP,PSTL,
1553,,,PEG,LEGH,AMPY,COLD,
1554,,,UGP,THRM,REX,SNDR,
1555,,,AWK,WY,ADUS,CLF,
1556,,,KEX,WOLF,DHT,FMC,
1557,,,BRFS,EAF,TSSI,SON,
1558,,,PUBM,SSRM,PR,DAL,
1559,,,IMXI,PATK,WTTR,CPAY,
1560,,,ARCB,VCYT,BKR,WMB,
1561,,,VMC,KNTK,CME,CP,
1562,,,GWRS,TR,FCEL,ALK,
1563,,,CACC,CLMT,REI,CSX,
1564,,,ORA,EU,BWIN,EP,
1565,,,HAE,EIX,TRGP,SGRY,
1566,,,TLRY,CP,RGEN,NC,
1567,,,EVGO,LW,ALK,CWCO,
1568,,,TRP,ALRM,TSLA,TROX,
1569,,,IQST,ACM,OIS,AMRC,
1570,,,POAI,ANET,CYBR,NCNO,
1571,,,CXT,DAN,VRNA,VALU,
1572,,,BLRX,CTSH,NDSN,WYY,
1573,,,TEO,ES,PLAB,AGX,
1574,,,XPO,USLM,PCH,CIG,
1575,,,SAIA,UBER,ETR,IPI,
1576,,,SLGN,ASUR,SFL,AVB,
1577,,,SR,FMC,AAON,NGS,
1578,,,ARLP,ALGM,SUN,DOW,
1579,,,AVD,GMGI,MEOH,CMT,
1580,,,PR,JMIA,CPB,FRT,
1581,,,ALCO,MIR,HRL,BZH,
1582,,,ALK,MTX,UTZ,ECPG,
1583,,,BDN,FTK,GENI,SPXC,
1584,,,SKLZ,PLNT,HL,EVRG,
1585,,,CCS,MCD,SWX,VC,
1586,,,B,AIRT,PRGS,CPS,
1587,,,HOG,WLK,LBRT,OEC,
1588,,,BDC,MWA,ARTNA,LAUR,
1589,,,VST,AGYS,LMAT,VST,
1590,,,NSC,NGL,RRC,NSIT,
1591,,,ACMR,BFAM,INTC,GSAT,
1592,,,MTDR,KW,CWST,FN,
1593,,,ONIT,FROG,IVT,B,
1594,,,STRT,GHC,TYL,BALL,
1595,,,TSN,CPS,PRTH,MTW,
1596,,,BDX,ISRG,BTU,GLNG,
1597,,,INSW,BLFS,NCNO,AL,
1598,,,PRTH,VERX,EVH,CECO,
1599,,,RGCO,QSR,PAYC,AROC,
1600,,,WPM,WST,OLN,GRNT,
1601,,,MRTN,GWRE,CHCT,OSK,
1602,,,AEHR,DE,AWR,GMRE,
1603,,,RCL,LXP,CDP,CWT,
1604,,,CVGW,FIVN,CLMB,ALGT,
1605,,,FNV,KRYS,GTIM,CPT,
1606,,,JBL,ANDE,LFCR,CVI,
1607,,,PPL,KRNT,MAA,FDP,
1608,,,AER,IPG,SHIP,GPK,
1609,,,BBU,VRT,RCI,WEC,
1610,,,GEL,CNX,VICI,ACMR,
1611,,,PAA,USPH,JBLU,MOS,
1612,,,SD,MIDD,APD,RAIL,
1613,,,HIMX,AG,GNK,BEP,
1614,,,BTU,RRC,GMRE,EXC,
1615,,,BRKR,FLGT,JBL,VIST,
1616,,,SID,FCX,ES,SLGN,
1617,,,CMCT,GMRE,GWRE,OLN,
1618,,,NSIT,SAND,SO,PLOW,
1619,,,JBLU,ORN,OTTR,HCAT,
1620,,,ITRI,BNL,CHDN,PCT,
1621,,,BNTX,UUUU,AIOT,KEX,
1622,,,AEM,STKS,COR,FUBO,
1623,,,SM,ITGR,SSNC,CPK,
1624,,,ROAD,MEDP,MGNI,MHK,
1625,,,CWT,ED,GDYN,AU,
1626,,,TYL,CE,DIN,PENG,
1627,,,ELP,PLUG,LXU,QXO,
1628,,,PK,TMO,AL,WRN,
1629,,,STRL,IR,NWE,LBRT,
1630,,,SVM,TWIN,STNE,LND,
1631,,,RIG,EVRG,PAYS,WTRG,
1632,,,STM,ENPH,HCC,PAYS,
1633,,,ULH,PAGS,XEL,ESEA,
1634,,,CVLG,PK,GASS,CSGP,
1635,,,NWE,CGAU,PAVM,HTLD,
1636,,,VICI,INGR,TNET,KAR,
1637,,,OTTR,CNI,HSII,YORW,
1638,,,PRSU,CBT,INSW,UAMY,
1639,,,OGS,NVMI,ICHR,XHR,
1640,,,TROX,AMD,GBX,PBR,
1641,,,TSLA,LFCR,FSLR,RCI,
1642,,,BZH,CLNE,TREX,MUR,
1643,,,TECK,KO,TNK,ALTO,
1644,,,CWCO,PBR,PEG,WPM,
1645,,,CDE,JBTM,KGEI,HTO,
1646,,,SO,EVH,EXC,HHH,
1647,,,GVA,NEM,DUK,FCX,
1648,,,TAP,ARMK,FN,LYV,
1649,,,TRNO,MGEE,SKYW,KEP,
1650,,,PAYO,GPI,HGV,BTE,
1651,,,FTS,HDSN,GOGO,AVO,
1652,,,ECPG,XHR,KMDA,CE,
1653,,,SMCI,TRIB,VREX,SEB,
1654,,,GAU,JAZZ,BWEN,CIVI,
1655,,,CLNE,DVAX,PPL,HUMA,
1656,,,AL,GTY,ADM,SO,
1657,,,FLR,IFF,QXO,MLP,
1658,,,SLB,HPP,LEN,EQIX,
1659,,,EU,GOCO,ARW,CAH,
1660,,,ENSG,OI,SHEN,MAGN,
1661,,,AEP,LNG,ATS,EVH,
1662,,,GAME,MGM,OUST,FI,
1663,,,OPAD,AHCO,SNX,HOG,
1664,,,CRK,TRGP,UAN,PAA,
1665,,,SWX,EVO,RGS,ARTNA,
1666,,,QNST,NEE,DRI,CAAP,
1667,,,F,SNDR,RES,GT,
1668,,,OXY,UDR,YORW,RGLD,
1669,,,OC,CLF,WU,CCCS,
1670,,,TGS,REI,OMC,FNV,
1671,,,YORW,IOSP,GSL,CACC,
1672,,,MAA,HPE,SMP,CHT,
1673,,,ALE,IQV,LOMA,TAC,
1674,,,APA,EVLV,FRHC,ELP,
1675,,,MDU,PANW,ESOA,ASUR,
1676,,,ARTNA,ESS,HCAT,NTR,
1677,,,AHCO,ICLR,HTO,NFE,
1678,,,REZI,KIDS,KEP,ALE,
1679,,,GFL,NUE,ORA,KRUS,
1680,,,CAAP,ICL,LEU,KHC,
1681,,,EQIX,SYK,CRK,TSLA,
1682,,,MUX,SHC,SM,LESL,
1683,,,AGI,AVA,ED,VET,
1684,,,SGA,BWEN,EPM,JBLU,
1685,,,FSM,AVNT,JBTM,ACNT,
1686,,,IMO,SGRY,NJR,HLX,
1687,,,CHCI,FRT,PNTG,SCL,
1688,,,BVN,WWR,ANDE,MPLX,
1689,,,BTCT,LEA,TTI,MSEX,
1690,,,EIX,ALV,JYNT,BOC,
1691,,,ABL,PLAB,EVGO,DEI,
1692,,,BLKB,OPEN,GPRE,AAOI,
1693,,,PRAA,ECVT,TRX,D,
1694,,,SRE,IRT,WM,GDOT,
1695,,,FRT,NEWP,FANG,CNX,
1696,,,HCC,EXPD,SBAC,NEE,
1697,,,GRNT,COHR,ASTH,SINT,
1698,,,CMS,IRM,VIST,TGS,
1699,,,AMKR,BORR,IRT,TKO,
1700,,,VLO,MMC,AAOI,GSM,
1701,,,CPK,NHC,OSUR,LEGH,
1702,,,HTO,AWR,GDOT,TNK,
1703,,,NOA,EW,EPD,SD,
1704,,,ACA,LIN,REXR,SGI,
1705,,,ETR,AMRC,SMC,DAC,
1706,,,ED,AA,MSEX,HCC,
1707,,,FN,CDE,GRFS,NCLH,
1708,,,UMC,GT,RGCO,GILT,
1709,,,EVRG,TPH,CPK,TRP,
1710,,,CNP,GLOB,CAH,AEP,
1711,,,PNTG,BIIB,CNI,DRIO,
1712,,,MUR,MD,MP,AEE,
1713,,,MP,WERN,BKH,SID,
1714,,,PAYS,LXU,CLMT,MTH,
1715,,,LGIH,FLUT,LND,TWI,
1716,,,GRAB,HL,CWT,UTL,
1717,,,MCK,CIGI,ULBI,SDGR,
1718,,,WTRG,AU,CMS,BATL,
1719,,,UVV,BKR,SRE,PRAA,
1720,,,APTV,USAS,ELP,SMCI,
1721,,,FWONK,CYBR,MGEE,NUE,
1722,,,CTOS,NN,WTRG,GSL,
1723,,,ASM,COLD,NEE,INVZ,
1724,,,FWONA,KRUS,IPG,IQST,
1725,,,MGEE,CDP,PCTY,PCG,
1726,,,UAMY,SGA,SGRY,PRMB,
1727,,,NFGC,VRNS,MMC,PNTG,
1728,,,SNDA,GDYN,EDRY,POR,
1729,,,NMM,FTS,GLDD,SSNC,
1730,,,KEP,EXC,GTY,ETR,
1731,,,DUK,TNK,NTRP,ITGR,
1732,,,OGE,YPF,SONY,WD,
1733,,,WEC,THS,PAR,NWN,
1734,,,LPG,GLDD,GME,SAIA,
1735,,,ES,PPC,NHI,CNP,
1736,,,CP,LAKE,CMCT,GAU,
1737,,,SHIP,RNGR,SMHI,OPEN,
1738,,,AVB,TSE,SR,RDNT,
1739,,,HPP,AMCR,D,MP,
1740,,,COR,ASIX,GLPI,UFI,
1741,,,GTY,DHR,VTR,HGV,
1742,,,EXC,QNST,EP,TPC,
1743,,,AMSC,CAG,WLFC,OM,
1744,,,SEB,TEO,SMLR,BFLY,
1745,,,ASLE,REX,AEE,CTRA,
1746,,,HRL,GSL,DKL,FANG,
1747,,,PAM,REXR,ESS,KRP,
1748,,,FOR,OGE,OGS,ABL,
1749,,,MSEX,AMKR,BKD,NI,
1750,,,APD,HCC,BILL,DAY,
1751,,,STAG,CHCI,PAGS,QBTS,
1752,,,GLDD,EPSN,ATO,SRE,
1753,,,USIO,MEOH,BEPC,FSI,
1754,,,NI,AEM,NWN,LEDS,
1755,,,AES,VICI,DWSN,ESP,
1756,,,HE,SMCI,HPE,STNG,
1757,,,GM,SAIA,AMH,KEN,
1758,,,AQN,CRK,NOG,GENI,
1759,,,MDGL,FDP,WEC,CRK,
1760,,,NL,SNES,BLFS,XEL,
1761,,,OGI,VIST,ULH,WEX,
1762,,,GIFI,CSX,BP,KNTK,
1763,,,DAC,GTLS,CNQ,AMCR,
1764,,,ORN,IDCC,NFE,LEA,
1765,,,STR,ARMN,CMP,AGRO,
1766,,,IR,WRN,CCO,STLD,
1767,,,ET,OEC,PCYO,AES,
1768,,,PLL,AIV,IBRX,WTTR,
1769,,,CBOE,CLW,SMG,NVGS,
1770,,,WLFC,OTTR,WELL,KW,
1771,,,AG,HBM,AMRC,E,
1772,,,ADCT,LUMN,SNDR,LGIH,
1773,,,XOM,MDIA,COP,RUN,
1774,,,AEE,MAGN,SLGN,CWEN,
1775,,,EPD,IMCC,GFL,NMM,
1776,,,SONY,KOS,MLM,FTS,
1777,,,PAR,TX,TEX,BAK,
1778,,,RKDA,SEM,CTRA,OGI,
1779,,,MGNI,NDAQ,VMC,TTGT,
1780,,,SUZ,SO,PLL,MERC,
1781,,,STKL,NSA,CRESY,IP,
1782,,,RYAM,LITE,USPH,SMC,
1783,,,PKX,BDX,ADP,ARMK,
1784,,,SYNA,BEPC,PSTL,ORA,
1785,,,PXS,REKR,UEC,CSIQ,
1786,,,GDOT,DUK,VNOM,ASLE,
1787,,,MPLX,TYL,CP,MPC,
1788,,,PCG,FSM,ACA,ENB,
1789,,,NEE,HOG,NC,ERO,
1790,,,BRO,ESEA,SVM,TRX,
1791,,,WELL,MTA,PAM,DUOT,
1792,,,PNW,SBAC,QSI,PAYO,
1793,,,AMS,GVA,TECK,ARCO,
1794,,,TRC,API,INDI,YHGJ,
1795,,,EDN,MERC,OGI,REXR,
1796,,,NJR,MSGS,ROAD,MDRR,
1797,,,ARQ,WCN,DAY,STRR,
1798,,,QSR,IDR,AMTX,TRC,
1799,,,SIM,AGRO,ASIX,ROAD,
1800,,,HHH,LPRO,COOP,CLMT,
1801,,,IAG,CRNC,ACTG,WELL,
1802,,,XEL,NSC,SEI,JBTM,
1803,,,BWIN,XPRO,EYPT,EGO,
1804,,,PBF,CPRT,PANL,LOMA,
1805,,,AJG,RPAY,CVI,WWR,
1806,,,TKC,NGS,HRB,ARMN,
1807,,,ATO,IQST,AJG,NOA,
1808,,,INSM,MBUU,EAF,PBF,
1809,,,EGY,VALE,PSNL,SSRM,
1810,,,DTE,LGIH,UP,PNW,
1811,,,HYMC,CWT,GSAT,USAS,
1812,,,FANG,PAYO,CTRE,BG,
1813,,,EGO,ALE,KRUS,SATS,
1814,,,PDM,NL,SPRU,SOL,
1815,,,ACM,PAAS,PFSI,LPTH,
1816,,,COOP,GAU,MAGN,REI,
1817,,,PAGS,CTVA,IVF,NBR,
1818,,,GGB,CTOS,LCID,AMS,
1819,,,STKS,GPK,BEP,KNOP,
1820,,,WD,AVB,NNOX,SHOT,
1821,,,LOMA,ACMR,MVIS,DK,
1822,,,AMH,BGS,CTRM,MASS,
1823,,,SHEN,WIT,SON,UEC,
1824,,,SUN,POR,ACRS,EBR,
1825,,,YHGJ,IIIN,TNXP,SMLR,
1826,,,BAK,LEN,BBIO,PLX,
1827,,,RUN,FTI,ABAT,LEU,
1828,,,AON,FKWL,CLF,TRNO,
1829,,,ENB,CC,QBTS,XIFR,
1830,,,AMRC,KEP,MSTR,WKSP,
1831,,,HBM,TLRY,CBZ,IDA,
1832,,,SGRY,CRWS,,AJG,
1833,,,STRR,PPSI,,NAT,
1834,,,IDA,KOPN,,VNOM,
1835,,,BE,LXFR,,CDE,
1836,,,NC,CMS,,POCI,
1837,,,PBA,NTGR,,GWRS,
1838,,,INTC,KODK,,EVGO,
1839,,,XPRO,HST,,WHWK,
1840,,,KNTK,HQY,,DKL,
1841,,,CEPU,SHEN,,CUZ,
1842,,,NFE,EVGO,,GNLN,
1843,,,BKH,RDNT,,MUX,
1844,,,ICE,PCG,,CTRE,
1845,,,WOLF,RAIL,,CRESY,
1846,,,RDNT,PNW,,HP,
1847,,,CHRD,BE,,NTST,
1848,,,USEG,GTE,,IOVA,
1849,,,PRPH,VERI,,LODE,
1850,,,NN,BWLP,,ODV,
1851,,,QBTS,ELLO,,SPRY,
1852,,,TGB,NWE,,BWLP,
1853,,,PFSI,LIQT,,EXK,
1854,,,CTRE,AWK,,EVTV,
1855,,,GLBS,PRIM,,FWONK,
1856,,,EXK,WPM,,FWONA,
1857,,,SDOT,PRTH,,GEVO,
1858,,,CLLS,CLMB,,LCTX,
1859,,,ARMN,TROX,,TE,
1860,,,PAVM,AMPY,,QSI,
1861,,,MSTR,WES,,LAR,
1862,,,AGAE,PPL,,IFRX,
1863,,,EP,KOSS,,CME,
1864,,,CSCI,XEL,,ONDS,
1865,,,URG,AFYA,,SIGA,
1866,,,CLW,SMPL,,AG,
1867,,,ACTG,ANIP,,LIQT,
1868,,,AQMS,ROAD,,TNXP,
1869,,,IBRX,XPO,,PESI,
1870,,,SYTA,DUOT,,OPTT,
1871,,,IOVA,YORW,,BATRA,
1872,,,NSPR,AXR,,JOBY,
1873,,,NEXT,ONIT,,BATRK,
1874,,,VERB,ET,,ONIT,
1875,,,EQX,WEC,,PPSI,
1876,,,QXO,DOW,,GLBS,
1877,,,NTRP,KGEI,,PLUR,
1878,,,WRN,TITN,,CDZI,
1879,,,DVLT,ARTNA,,SCWO,
1880,,,PESI,FNV,,PROP,
1881,,,CLIR,STAG,,CMBT,
1882,,,AGEN,EP,,MAG,
1883,,,DARE,IPI,,NAOV,
1884,,,VGZ,FSLR,,WATT,
1885,,,SKE,CDXS,,PGEN,
1886,,,DUOT,BIPC,,CNR,
1887,,,EOSE,B,,WKHS,
1888,,,MDIA,AEE,,MSTR,
1889,,,,SCL,,NEXT,
1890,,,,HOV,,KULR,
1891,,,,ULH,,SKE,
1892,,,,FN,,DVLT,
1893,,,,ECPG,,QUBT,
1894,,,,MGNI,,PAVM,
1895,,,,STLD,,VMAR,
1896,,,,EPD,,UUUU,
1897,,,,HLT,,EOSE,
1898,,,,ATS,,NN,
1899,,,,CENX,,SGBX,
1900,,,,SR,,,
1901,,,,QUBT,,,
1902,,,,FOR,,,
1903,,,,HTO,,,
1904,,,,WMB,,,
1905,,,,NEXA,,,
1906,,,,VC,,,
1907,,,,SCHL,,,
1908,,,,USIO,,,
1909,,,,ORA,,,
1910,,,,NOA,,,
1911,,,,GM,,,
1912,,,,COLL,,,
1913,,,,HLX,,,
1914,,,,KNX,,,
1915,,,,MAA,,,
1916,,,,AXTI,,,
1917,,,,LGND,,,
1918,,,,POST,,,
1919,,,,ARW,,,
1920,,,,ENB,,,
1921,,,,MU,,,
1922,,,,CCS,,,
1923,,,,INVH,,,
1924,,,,ETR,,,
1925,,,,GEL,,,
1926,,,,TRC,,,
1927,,,,WTRG,,,
1928,,,,ESP,,,
1929,,,,DK,,,
1930,,,,ICHR,,,
1931,,,,ELUT,,,
1932,,,,RMCF,,,
1933,,,,CSTE,,,
1934,,,,NJR,,,
1935,,,,PWR,,,
1936,,,,MVST,,,
1937,,,,KRO,,,
1938,,,,PLOW,,,
1939,,,,ASX,,,
1940,,,,ENSG,,,
1941,,,,WLFC,,,
1942,,,,CACC,,,
1943,,,,ADNT,,,
1944,,,,BG,,,
1945,,,,SIM,,,
1946,,,,TSLA,,,
1947,,,,MDU,,,
1948,,,,BEP,,,
1949,,,,AMSC,,,
1950,,,,DGX,,,
1951,,,,LH,,,
1952,,,,FRHC,,,
1953,,,,QGEN,,,
1954,,,,UTL,,,
1955,,,,CPAY,,,
1956,,,,CPK,,,
1957,,,,PCAR,,,
1958,,,,ROP,,,
1959,,,,FOUR,,,
1960,,,,TRNO,,,
1961,,,,BWA,,,
1962,,,,ARQ,,,
1963,,,,ODV,,,
1964,,,,NOG,,,
1965,,,,AEHR,,,
1966,,,,DAVA,,,
1967,,,,EQX,,,
1968,,,,BH,,,
1969,,,,DAC,,,
1970,,,,RGCO,,,
1971,,,,BTCT,,,
1972,,,,COOP,,,
1973,,,,SID,,,
1974,,,,NVT,,,
1975,,,,PNTG,,,
1976,,,,IOVA,,,
1977,,,,OGS,,,
1978,,,,CIG,,,
1979,,,,ERO,,,
1980,,,,UAN,,,
1981,,,,TFII,,,
1982,,,,VHI,,,
1983,,,,PRAA,,,
1984,,,,ICCC,,,
1985,,,,SNX,,,
1986,,,,GRNT,,,
1987,,,,CWST,,,
1988,,,,NMM,,,
1989,,,,AGAE,,,
1990,,,,VTR,,,
1991,,,,WNC,,,
1992,,,,NI,,,
1993,,,,AGX,,,
1994,,,,TGS,,,
1995,,,,NWN,,,
1996,,,,IVDA,,,
1997,,,,FLEX,,,
1998,,,,TPC,,,
1999,,,,DVN,,,
2000,,,,MUX,,,
2001,,,,SOL,,,
2002,,,,STRR,,,
2003,,,,SSNC,,,
2004,,,,LND,,,
2005,,,,PRGO,,,
2006,,,,MOS,,,
2007,,,,UAMY,,,
2008,,,,HCAT,,,
2009,,,,PEG,,,
2010,,,,GME,,,
2011,,,,KEN,,,
2012,,,,CMP,,,
2013,,,,GWRS,,,
2014,,,,PAMT,,,
2015,,,,AMS,,,
2016,,,,SDOT,,,
2017,,,,ASND,,,
2018,,,,VNOM,,,
2019,,,,TCX,,,
2020,,,,DTE,,,
2021,,,,GRAB,,,
2022,,,,AAOI,,,
2023,,,,PR,,,
2024,,,,CNNE,,,
2025,,,,SON,,,
2026,,,,TGB,,,
2027,,,,TKC,,,
2028,,,,RVYL,,,
2029,,,,OMC,,,
2030,,,,BKD,,,
2031,,,,BIO,,,
2032,,,,RUN,,,
2033,,,,EQIX,,,
2034,,,,AVNW,,,
2035,,,,BRO,,,
2036,,,,CNP,,,
2037,,,,SRE,,,
2038,,,,INSM,,,
2039,,,,GLPI,,,
2040,,,,SATS,,,
2041,,,,EXK,,,
2042,,,,SM,,,
2043,,,,PHAT,,,
2044,,,,PAM,,,
2045,,,,SIRI,,,
2046,,,,EGO,,,
2047,,,,APD,,,
2048,,,,PSNL,,,
2049,,,,MTDR,,,
2050,,,,SQNS,,,
2051,,,,F,,,
2052,,,,SENEB,,,
2053,,,,SENEA,,,
2054,,,,ALK,,,
2055,,,,AL,,,
2056,,,,PANL,,,
2057,,,,EQR,,,
2058,,,,LOMA,,,
2059,,,,OBIO,,,
2060,,,,OXY,,,
2061,,,,NFE,,,
2062,,,,AER,,,
2063,,,,FLR,,,
2064,,,,BIP,,,
2065,,,,AEI,,,
2066,,,,PAR,,,
2067,,,,LCID,,,
2068,,,,AROC,,,
2069,,,,ACA,,,
2070,,,,WD,,,
2071,,,,FCEL,,,
2072,,,,IAG,,,
2073,,,,IDA,,,
2074,,,,AES,,,
2075,,,,SVM,,,
2076,,,,MLP,,,
2077,,,,HP,,,
2078,,,,COSM,,,
2079,,,,BVN,,,
2080,,,,NTRP,,,
2081,,,,EDN,,,
2082,,,,NAII,,,
2083,,,,FWONK,,,
2084,,,,SFL,,,
2085,,,,FWONA,,,
2086,,,,KNOP,,,
2087,,,,IVT,,,
2088,,,,HE,,,
2089,,,,AGI,,,
2090,,,,TRP,,,
2091,,,,AMTX,,,
2092,,,,SD,,,
2093,,,,TPIC,,,
2094,,,,WELL,,,
2095,,,,JBLU,,,
2096,,,,CTRE,,,
2097,,,,PFSI,,,
2098,,,,LDWY,,,
2099,,,,NC,,,
2100,,,,DKL,,,
2101,,,,SBLK,,,
2102,,,,SNDA,,,
2103,,,,CSIQ,,,
2104,,,,VTLE,,,
2105,,,,OMEX,,,
2106,,,,OPK,,,
2107,,,,LAZR,,,
2108,,,,GLBS,,,
2109,,,,NEXT,,,
2110,,,,CRESY,,,
2111,,,,CRON,,,
2112,,,,CME,,,
2113,,,,SEI,,,
2114,,,,CCEC,,,
2115,,,,FANG,,,
2116,,,,MSTR,,,
2117,,,,VUZI,,,
2118,,,,XXII,,,
2119,,,,EQT,,,
2120,,,,PCT,,,
2121,,,,LQDA,,,
2122,,,,MDWD,,,
2123,,,,NFGC,,,
2124,,,,PGEN,,,
2125,,,,ITRG,,,
2126,,,,URG,,,
2127,,,,XAIR,,,
2128,,,,AGIO,,,
2129,,,,INVE,,,
2130,,,,QXO,,,
2131,,,,PROP,,,
2132,,,,CEPU,,,
2133,,,,CTGO,,,
