Date,Symbol,Result Close,MMA_10,Avg Profit Ratio,End Balance,Balance,Restart Asset,Restart Balance
2015-12-31,"['SPY', 'EFA', 'LQD', 'HYG', 'VNQ', 'REM', 'TLT', 'GLD', 'BIL']","[203.87, 58.72, 114.01, 80.58, 79.73, 38.24, 120.58, 101.46, 91.36]","[205.22, 62.34, 116.95, 86.8, 78.51, 42.52, 122.91, 108.69, 91.41]","[-0.81, -3.48, -4.52, -10.07, -1.57, -18.36, -4.24, -10.67, -0.13]",[],10000,"['BIL', 'BIL', 'BIL', 'BIL']","[2500, 2500, 2500, 2500]"
2016-01-29,"['SPY', 'EFA', 'LQD', 'HYG', 'VNQ', 'REM', 'TLT', 'GLD', 'BIL']","[193.72, 55.48, 114.15, 79.29, 76.99, 36.24, 127.3, 106.95, 91.38]","[203.95, 61.47, 116.19, 85.67, 77.78, 41.47, 122.57, 108.02, 91.4]","[-2.87, -9.38, -7.86, -12.12, -11.05, -22.37, -7.94, -13.37, -0.09]","[2500, 2500, 2500, 2500]",10000,"['BIL', 'BIL', 'BIL', 'BIL']","[2500, 2500, 2500, 2500]"
2016-02-29,"['SPY', 'EFA', 'LQD', 'HYG', 'VNQ', 'REM', 'TLT', 'GLD', 'BIL']","[193.56, 53.63, 115.01, 80.08, 76.71, 37.16, 130.98, 118.64, 91.38]","[202.46, 60.18, 115.7, 84.58, 77.51, 40.54, 123.07, 108.53, 91.39]","[-8.12, -17.62, -5.57, -12.83, -7.99, -21.8, 1.12, 2.13, -0.09]","[2500, 2500, 2500, 2500]",10000,"['BIL', 'BIL', 'BIL', 'GLD']","[2500, 2500, 2500, 2500]"
2016-03-31,"['SPY', 'EFA', 'LQD', 'HYG', 'VNQ', 'REM', 'TLT', 'GLD', 'BIL']","[205.52, 57.16, 118.82, 81.69, 83.8, 38.68, 130.61, 117.64, 91.38]","[201.89, 59.23, 115.75, 83.66, 77.98, 39.75, 123.86, 108.89, 91.39]","[-0.44, -10.92, -2.37, -9.84, -0.6, -17.28, -0.06, 3.5, -0.09]","[2500, 2500, 2500, 2478]",9978,"['BIL', 'BIL', 'BIL', 'GLD']","[2494, 2494, 2494, 2494]"
2016-04-29,"['SPY', 'EFA', 'LQD', 'HYG', 'VNQ', 'REM', 'TLT', 'GLD', 'BIL']","[206.33, 58.43, 120.33, 83.85, 81.83, 39.32, 129.38, 123.65, 91.42]","[201.94, 58.73, 116.22, 83.16, 78.69, 39.45, 125.06, 110.02, 91.39]","[-1.02, -12.15, 0.33, -7.85, 3.09, -15.4, 2.72, 8.97, -0.02]","[2495, 2495, 2495, 2621]",10106,"['BIL', 'LQD', 'VNQ', 'GLD']","[2526, 2526, 2526, 2526]"
2016-05-31,"['SPY', 'EFA', 'LQD', 'HYG', 'VNQ', 'REM', 'TLT', 'GLD', 'BIL']","[209.84, 58.38, 119.39, 83.61, 83.67, 40.96, 130.16, 116.06, 91.42]","[201.88, 58.09, 116.52, 82.73, 79.16, 39.2, 125.82, 111.13, 91.39]","[-0.62, -12.39, 0.95, -8.03, 5.72, -12.1, 6.07, 1.72, 0.0]","[2526, 2506, 2582, 2370]",9984,"['BIL', 'LQD', 'VNQ', 'TLT']","[2496, 2496, 2496, 2496]"
2016-06-30,"['SPY', 'EFA', 'LQD', 'HYG', 'VNQ', 'REM', 'TLT', 'GLD', 'BIL']","[209.48, 55.82, 122.74, 84.7, 88.67, 41.04, 138.9, 126.47, 91.4]","[203.06, 57.67, 117.29, 82.57, 80.62, 39.12, 127.57, 112.89, 91.39]","[1.76, -12.08, 6.07, -4.62, 18.72, -3.02, 18.25, 12.55, -0.02]","[2495, 2566, 2645, 2663]",10369,"['SPY', 'LQD', 'VNQ', 'TLT']","[2592, 2592, 2592, 2592]"
2016-07-29,"['SPY', 'EFA', 'LQD', 'HYG', 'VNQ', 'REM', 'TLT', 'GLD', 'BIL']","[217.12, 58.04, 123.99, 85.41, 92.45, 42.48, 141.56, 128.98, 91.44]","[205.61, 57.74, 118.08, 82.78, 82.31, 39.39, 129.37, 115.11, 91.39]","[3.14, -10.4, 6.57, -2.91, 17.03, -2.12, 15.53, 22.92, 0.02]","[2686, 2618, 2702, 2641]",10647,"['SPY', 'LQD', 'VNQ', 'GLD']","[2661, 2661, 2661, 2661]"
2016-08-31,"['SPY', 'EFA', 'LQD', 'HYG', 'VNQ', 'REM', 'TLT', 'GLD', 'BIL']","[217.38, 58.35, 123.89, 86.7, 88.97, 42.96, 139.87, 124.78, 91.44]","[206.55, 57.47, 118.82, 82.9, 83.22, 39.71, 131.08, 116.65, 91.4]","[9.97, -2.7, 7.67, 0.53, 20.18, 2.48, 15.2, 14.67, 0.02]","[2664, 2658, 2560, 2574]",10456,"['SPY', 'LQD', 'VNQ', 'TLT']","[2614, 2614, 2614, 2614]"
2016-09-30,"['SPY', 'EFA', 'LQD', 'HYG', 'VNQ', 'REM', 'TLT', 'GLD', 'BIL']","[216.3, 59.13, 123.18, 87.26, 86.74, 42.04, 137.51, 125.64, 91.46]","[207.31, 57.31, 119.55, 83.32, 83.96, 39.91, 132.68, 119.03, 91.41]","[12.87, 3.16, 6.11, 4.77, 14.83, 5.73, 11.31, 17.57, 0.09]","[2601, 2599, 2548, 2569]",10317,"['SPY', 'LQD', 'VNQ', 'GLD']","[2579, 2579, 2579, 2579]"
2016-10-31,"['SPY', 'EFA', 'LQD', 'HYG', 'VNQ', 'REM', 'TLT', 'GLD', 'BIL']","[212.55, 57.82, 120.98, 86.02, 81.76, 42.04, 131.25, 121.94, 91.48]","[208.18, 57.22, 120.25, 83.86, 84.16, 40.29, 133.75, 121.07, 91.42]","[2.22, -5.38, 3.92, 0.53, 2.34, 5.84, 6.9, 11.56, 0.13]","[2534, 2532, 2430, 2503]",9999,"['SPY', 'LQD', 'REM', 'GLD']","[2499, 2499, 2499, 2499]"
2016-11-30,"['SPY', 'EFA', 'LQD', 'HYG', 'VNQ', 'REM', 'TLT', 'GLD', 'BIL']","[220.38, 56.79, 116.84, 85.65, 80.39, 42.63, 120.24, 111.75, 91.44]","[210.85, 57.36, 120.52, 84.5, 84.5, 40.93, 133.05, 121.55, 91.43]","[5.6, -6.36, 0.8, 3.13, 1.26, 6.47, -1.0, 9.64, 0.07]","[2591, 2413, 2534, 2290]",9828,"['SPY', 'HYG', 'REM', 'GLD']","[2457, 2457, 2457, 2457]"
2016-12-30,"['SPY', 'EFA', 'LQD', 'HYG', 'VNQ', 'REM', 'TLT', 'GLD', 'BIL']","[223.53, 57.73, 117.18, 86.55, 82.53, 42.06, 119.13, 109.61, 91.4]","[213.84, 57.77, 120.73, 85.14, 85.08, 41.42, 131.86, 120.65, 91.43]","[9.64, -1.69, 2.78, 7.41, 3.51, 9.99, -1.2, 8.03, 0.04]","[2492, 2482, 2424, 2409]",9807,"['SPY', 'HYG', 'REM', 'GLD']","[2451, 2451, 2451, 2451]"
2017-01-31,"['SPY', 'EFA', 'LQD', 'HYG', 'VNQ', 'REM', 'TLT', 'GLD', 'BIL']","[227.53, 59.63, 117.35, 87.34, 82.37, 42.63, 120.1, 115.55, 91.44]","[216.04, 58.01, 120.59, 85.71, 84.94, 41.82, 130.81, 120.44, 91.43]","[17.45, 7.48, 2.8, 10.15, 6.99, 17.63, -5.66, 8.04, 0.07]","[2494, 2473, 2484, 2583]",10034,"['SPY', 'HYG', 'REM', 'GLD']","[2508, 2508, 2508, 2508]"
2017-02-28,"['SPY', 'EFA', 'LQD', 'HYG', 'VNQ', 'REM', 'TLT', 'GLD', 'BIL']","[236.47, 60.34, 118.58, 88.29, 85.26, 45.05, 121.74, 119.23, 91.46]","[219.06, 58.2, 120.41, 86.15, 85.28, 42.39, 130.05, 120.0, 91.44]","[22.17, 12.51, 3.1, 10.25, 11.15, 21.23, -7.05, 0.5, 0.09]","[2606, 2535, 2650, 2587]",10378,"['SPY', 'HYG', 'REM', 'GLD']","[2594, 2594, 2594, 2594]"
2017-03-31,"['SPY', 'EFA', 'LQD', 'HYG', 'VNQ', 'REM', 'TLT', 'GLD', 'BIL']","[235.74, 62.29, 117.91, 87.78, 82.59, 45.29, 120.71, 118.72, 91.42]","[221.65, 58.59, 120.26, 86.57, 85.17, 42.82, 129.1, 120.27, 91.44]","[14.7, 8.97, -0.77, 7.46, -1.44, 17.09, -7.58, 0.92, 0.04]","[2585, 2579, 2607, 2582]",10353,"['SPY', 'HYG', 'REM', 'GLD']","[2588, 2588, 2588, 2588]"
2017-04-28,"['SPY', 'EFA', 'LQD', 'HYG', 'VNQ', 'REM', 'TLT', 'GLD', 'BIL']","[238.08, 63.8, 118.99, 88.12, 82.79, 46.92, 122.35, 120.77, 91.46]","[224.51, 59.39, 119.89, 86.91, 84.58, 43.41, 127.45, 119.7, 91.44]","[15.39, 9.19, -1.11, 5.09, 1.17, 19.33, -5.43, -2.33, 0.04]","[2613, 2598, 2681, 2632]",10524,"['SPY', 'HYG', 'REM', 'BIL']","[2631, 2631, 2631, 2631]"
2017-05-31,"['SPY', 'EFA', 'LQD', 'HYG', 'VNQ', 'REM', 'TLT', 'GLD', 'BIL']","[241.44, 66.06, 120.25, 88.65, 82.19, 46.23, 124.4, 120.62, 91.44]","[226.94, 60.19, 119.52, 87.24, 83.56, 43.79, 125.73, 118.86, 91.44]","[15.06, 13.16, 0.72, 6.03, -1.77, 12.87, -4.43, 3.93, 0.02]","[2668, 2646, 2592, 2630]",10536,"['SPY', 'HYG', 'REM', 'GLD']","[2634, 2634, 2634, 2634]"
2017-06-30,"['SPY', 'EFA', 'LQD', 'HYG', 'VNQ', 'REM', 'TLT', 'GLD', 'BIL']","[241.8, 65.2, 120.51, 88.39, 83.23, 46.38, 125.12, 118.02, 91.48]","[229.38, 60.88, 119.18, 87.41, 82.99, 44.13, 124.25, 118.19, 91.45]","[15.43, 16.8, -1.82, 4.36, -6.14, 13.01, -9.92, -6.68, 0.09]","[2637, 2626, 2642, 2577]",10482,"['EFA', 'HYG', 'REM', 'BIL']","[2620, 2620, 2620, 2620]"
2017-07-31,"['SPY', 'EFA', 'LQD', 'HYG', 'VNQ', 'REM', 'TLT', 'GLD', 'BIL']","[246.77, 66.93, 121.11, 88.91, 84.26, 46.5, 124.04, 120.75, 91.46]","[232.43, 61.66, 118.97, 87.57, 82.74, 44.57, 122.91, 117.7, 91.45]","[13.66, 15.32, -2.32, 4.1, -8.86, 9.46, -12.38, -6.38, 0.02]","[2689, 2635, 2626, 2619]",10569,"['EFA', 'HYG', 'REM', 'BIL']","[2642, 2642, 2642, 2642]"
2017-08-31,"['SPY', 'EFA', 'LQD', 'HYG', 'VNQ', 'REM', 'TLT', 'GLD', 'BIL']","[247.49, 66.9, 121.61, 88.6, 84.04, 47.09, 127.99, 125.82, 91.5]","[235.92, 62.57, 119.03, 87.83, 82.97, 45.08, 122.58, 118.08, 91.45]","[13.85, 14.65, -1.84, 2.19, -5.54, 9.61, -8.49, 0.83, 0.07]","[2640, 2632, 2675, 2643]",10590,"['EFA', 'HYG', 'REM', 'GLD']","[2647, 2647, 2647, 2647]"
2017-09-29,"['SPY', 'EFA', 'LQD', 'HYG', 'VNQ', 'REM', 'TLT', 'GLD', 'BIL']","[251.23, 68.48, 121.23, 88.76, 83.09, 46.84, 124.76, 121.58, 91.5]","[239.01, 63.74, 119.47, 88.14, 83.24, 45.5, 123.03, 119.07, 91.46]","[16.15, 15.81, -1.58, 1.72, -4.21, 11.42, -9.27, -3.23, 0.04]","[2709, 2651, 2632, 2557]",10549,"['SPY', 'HYG', 'REM', 'BIL']","[2637, 2637, 2637, 2637]"
2017-10-31,"['SPY', 'EFA', 'LQD', 'HYG', 'VNQ', 'REM', 'TLT', 'GLD', 'BIL']","[257.15, 69.63, 121.14, 88.47, 82.2, 45.45, 124.46, 120.67, 91.5]","[242.37, 64.93, 119.87, 88.33, 83.2, 45.84, 123.57, 120.17, 91.47]","[20.98, 20.43, 0.13, 2.85, 0.54, 8.11, -5.17, -1.04, 0.02]","[2699, 2628, 2558, 2637]",10522,"['SPY', 'HYG', 'REM', 'BIL']","[2630, 2630, 2630, 2630]"
2017-11-30,"['SPY', 'EFA', 'LQD', 'HYG', 'VNQ', 'REM', 'TLT', 'GLD', 'BIL']","[265.01, 70.11, 120.67, 87.78, 84.39, 45.63, 125.12, 121.1, 91.48]","[246.12, 65.97, 120.2, 88.38, 83.4, 46.14, 124.07, 120.73, 91.47]","[20.25, 23.45, 3.28, 2.49, 4.98, 7.04, 4.06, 8.37, 0.04]","[2710, 2609, 2640, 2629]",10588,"['EFA', 'LQD', 'REM', 'GLD']","[2647, 2647, 2647, 2647]"
2017-12-29,"['SPY', 'EFA', 'LQD', 'HYG', 'VNQ', 'REM', 'TLT', 'GLD', 'BIL']","[266.86, 70.31, 121.56, 87.26, 82.98, 45.2, 126.86, 123.65, 91.4]","[249.16, 66.97, 120.5, 88.27, 83.18, 46.15, 124.58, 121.17, 91.46]","[19.38, 21.79, 3.74, 0.82, 0.55, 7.47, 6.49, 12.81, 0.0]","[2654, 2666, 2622, 2702]",10644,"['EFA', 'LQD', 'REM', 'GLD']","[2661, 2661, 2661, 2661]"
2018-01-31,"['SPY', 'EFA', 'LQD', 'HYG', 'VNQ', 'REM', 'TLT', 'GLD', 'BIL']","[281.9, 73.84, 120.07, 87.3, 79.45, 42.1, 122.73, 127.65, 91.52]","[253.77, 68.13, 120.71, 88.22, 82.86, 45.83, 124.78, 122.06, 91.47]","[23.9, 23.83, 2.32, -0.05, -3.54, -1.24, 2.19, 10.47, 0.09]","[2794, 2628, 2478, 2747]",10647,"['SPY', 'LQD', 'BIL', 'GLD']","[2661, 2661, 2661, 2661]"
2018-02-28,"['SPY', 'EFA', 'LQD', 'HYG', 'VNQ', 'REM', 'TLT', 'GLD', 'BIL']","[271.65, 70.27, 117.07, 86.18, 73.35, 40.74, 118.75, 125.0, 91.51]","[257.13, 68.77, 120.52, 88.03, 81.92, 45.22, 124.42, 122.49, 91.48]","[14.88, 16.46, -1.27, -2.39, -13.97, -9.57, -2.46, 4.84, 0.05]","[2564, 2594, 2660, 2605]",10423,"['EFA', 'BIL', 'BIL', 'GLD']","[2605, 2605, 2605, 2605]"
2018-03-29,"['SPY', 'EFA', 'LQD', 'HYG', 'VNQ', 'REM', 'TLT', 'GLD', 'BIL']","[263.15, 69.68, 117.39, 85.64, 75.47, 42.48, 121.9, 125.79, 91.55]","[259.3, 69.13, 120.24, 87.73, 81.25, 44.84, 124.17, 123.0, 91.49]","[11.63, 11.86, -0.44, -2.44, -8.62, -6.2, 0.99, 5.96, 0.14]","[2583, 2606, 2606, 2621]",10416,"['EFA', 'BIL', 'BIL', 'GLD']","[2604, 2604, 2604, 2604]"
2018-04-30,"['SPY', 'EFA', 'LQD', 'HYG', 'VNQ', 'REM', 'TLT', 'GLD', 'BIL']","[264.51, 70.74, 115.22, 85.7, 76.09, 42.6, 119.1, 124.59, 91.54]","[261.57, 69.69, 119.71, 87.46, 80.53, 44.46, 123.57, 123.66, 91.5]","[11.1, 10.88, -3.17, -2.75, -8.09, -9.21, -2.66, 3.16, 0.09]","[2643, 2603, 2603, 2579]",10428,"['SPY', 'BIL', 'BIL', 'GLD']","[2607, 2607, 2607, 2607]"
2018-05-31,"['SPY', 'EFA', 'LQD', 'HYG', 'VNQ', 'REM', 'TLT', 'GLD', 'BIL']","[270.94, 69.4, 115.49, 85.38, 78.89, 43.83, 121.22, 123.1, 91.57]","[263.99, 69.94, 119.14, 87.11, 79.99, 44.2, 123.29, 123.89, 91.51]","[12.22, 5.06, -3.96, -3.69, -4.02, -5.19, -2.56, 2.06, 0.14]","[2670, 2607, 2607, 2575]",10459,"['SPY', 'BIL', 'BIL', 'GLD']","[2614, 2614, 2614, 2614]"
2018-06-29,"['SPY', 'EFA', 'LQD', 'HYG', 'VNQ', 'REM', 'TLT', 'GLD', 'BIL']","[271.28, 66.97, 114.57, 85.08, 81.45, 43.45, 121.72, 118.65, 91.58]","[266.37, 69.94, 118.44, 86.76, 79.74, 43.83, 122.66, 123.18, 91.52]","[12.19, 2.71, -4.93, -3.74, -2.14, -6.32, -2.72, 0.53, 0.11]","[2617, 2614, 2614, 2519]",10364,"['SPY', 'BIL', 'BIL', 'GLD']","[2591, 2591, 2591, 2591]"
2018-07-31,"['SPY', 'EFA', 'LQD', 'HYG', 'VNQ', 'REM', 'TLT', 'GLD', 'BIL']","[281.33, 68.88, 115.76, 86.12, 81.94, 44.97, 119.7, 115.99, 91.58]","[269.38, 69.98, 117.89, 86.49, 79.62, 43.65, 122.16, 122.62, 91.52]","[14.0, 2.91, -4.42, -3.14, -2.75, -3.29, -3.5, -3.94, 0.13]","[2686, 2591, 2591, 2532]",10400,"['SPY', 'BIL', 'BIL', 'BIL']","[2600, 2600, 2600, 2600]"
2018-08-31,"['SPY', 'EFA', 'LQD', 'HYG', 'VNQ', 'REM', 'TLT', 'GLD', 'BIL']","[290.31, 67.34, 115.44, 86.36, 84.05, 45.14, 121.0, 113.51, 91.59]","[272.69, 69.75, 117.32, 86.28, 79.81, 43.61, 121.81, 121.9, 91.53]","[17.3, 0.66, -5.07, -2.53, 0.01, -4.14, -5.46, -9.78, 0.1]","[2682, 2600, 2600, 2600]",10482,"['SPY', 'BIL', 'BIL', 'BIL']","[2620, 2620, 2620, 2620]"
2018-09-28,"['SPY', 'EFA', 'LQD', 'HYG', 'VNQ', 'REM', 'TLT', 'GLD', 'BIL']","[290.72, 67.99, 114.93, 86.44, 80.68, 43.56, 117.27, 112.76, 91.58]","[275.26, 69.54, 116.75, 86.15, 79.43, 43.41, 121.03, 121.07, 91.54]","[15.72, -0.72, -5.2, -2.61, -2.9, -7.0, -6.0, -7.25, 0.09]","[2623, 2619, 2619, 2619]",10480,"['SPY', 'BIL', 'BIL', 'BIL']","[2620, 2620, 2620, 2620]"
2018-10-31,"['SPY', 'EFA', 'LQD', 'HYG', 'VNQ', 'REM', 'TLT', 'GLD', 'BIL']","[270.63, 62.46, 112.23, 84.35, 78.32, 42.69, 113.58, 115.15, 91.59]","[275.64, 68.76, 115.82, 85.86, 78.97, 43.16, 119.7, 120.22, 91.56]","[5.24, -10.3, -7.36, -4.66, -4.72, -6.07, -8.74, -4.57, 0.1]","[2438, 2620, 2620, 2620]",10298,"['SPY', 'BIL', 'BIL', 'BIL']","[2574, 2574, 2574, 2574]"
2018-11-30,"['SPY', 'EFA', 'LQD', 'HYG', 'VNQ', 'REM', 'TLT', 'GLD', 'BIL']","[275.65, 62.77, 111.46, 83.6, 81.98, 43.57, 115.33, 115.54, 91.61]","[275.02, 67.65, 114.96, 85.48, 79.22, 43.3, 118.96, 119.01, 91.57]","[4.01, -10.47, -7.63, -4.76, -2.86, -4.51, -7.82, -4.59, 0.14]","[2621, 2574, 2574, 2574]",10343,"['SPY', 'BIL', 'BIL', 'BIL']","[2585, 2585, 2585, 2585]"
2018-12-31,"['SPY', 'EFA', 'LQD', 'HYG', 'VNQ', 'REM', 'TLT', 'GLD', 'BIL']","[249.92, 58.78, 112.82, 81.1, 74.57, 39.94, 121.51, 121.25, 91.46]","[272.84, 66.5, 114.53, 84.98, 79.34, 43.22, 119.23, 118.63, 91.57]","[-6.35, -16.4, -7.19, -7.06, -10.13, -11.64, -4.22, -1.94, 0.07]","[2343, 2580, 2580, 2580]",10083,"['BIL', 'BIL', 'BIL', 'BIL']","[2520, 2520, 2520, 2520]"
2019-01-31,"['SPY', 'EFA', 'LQD', 'HYG', 'VNQ', 'REM', 'TLT', 'GLD', 'BIL']","[269.93, 62.68, 116.62, 85.11, 83.41, 43.63, 121.97, 124.75, 91.62]","[273.52, 65.8, 114.45, 84.92, 80.14, 43.34, 119.24, 118.53, 91.57]","[-4.25, -15.11, -2.87, -2.51, 4.98, 3.63, -0.62, -2.27, 0.11]","[2524, 2524, 2524, 2524]",10096,"['BIL', 'BIL', 'VNQ', 'BIL']","[2524, 2524, 2524, 2524]"
2019-02-28,"['SPY', 'EFA', 'LQD', 'HYG', 'VNQ', 'REM', 'TLT', 'GLD', 'BIL']","[278.68, 64.27, 116.03, 85.75, 83.99, 43.23, 120.02, 123.99, 91.61]","[274.94, 65.15, 114.54, 84.93, 80.93, 43.4, 119.33, 118.47, 91.58]","[2.59, -8.54, -0.89, -0.5, 14.51, 6.11, 1.07, -0.81, 0.11]","[2523, 2523, 2541, 2523]",10110,"['SPY', 'BIL', 'VNQ', 'TLT']","[2527, 2527, 2527, 2527]"
2019-03-29,"['SPY', 'EFA', 'LQD', 'HYG', 'VNQ', 'REM', 'TLT', 'GLD', 'BIL']","[282.48, 64.86, 119.06, 86.47, 86.91, 43.34, 126.44, 122.01, 91.6]","[276.09, 64.7, 114.89, 85.04, 81.73, 43.35, 119.85, 118.36, 91.58]","[7.35, -6.92, 1.42, 0.97, 15.16, 2.02, 3.72, -3.01, 0.05]","[2561, 2526, 2614, 2662]",10363,"['SPY', 'LQD', 'VNQ', 'TLT']","[2590, 2590, 2590, 2590]"
2019-04-30,"['SPY', 'EFA', 'LQD', 'HYG', 'VNQ', 'REM', 'TLT', 'GLD', 'BIL']","[294.02, 66.76, 119.22, 86.94, 86.77, 44.14, 123.65, 121.2, 91.6]","[278.37, 64.68, 115.36, 85.22, 82.26, 43.42, 120.05, 118.62, 91.58]","[11.16, -5.63, 3.47, 1.45, 14.04, 3.62, 3.82, -2.72, 0.07]","[2695, 2593, 2585, 2532]",10405,"['SPY', 'LQD', 'VNQ', 'TLT']","[2601, 2601, 2601, 2601]"
2019-05-31,"['SPY', 'EFA', 'LQD', 'HYG', 'VNQ', 'REM', 'TLT', 'GLD', 'BIL']","[275.27, 63.4, 120.83, 84.9, 86.89, 41.23, 131.83, 123.33, 91.62]","[277.76, 64.13, 115.86, 85.1, 82.76, 43.05, 121.26, 119.35, 91.59]","[1.6, -8.65, 4.62, -0.56, 10.14, -5.93, 8.75, 0.19, 0.05]","[2435, 2636, 2604, 2773]",10448,"['SPY', 'LQD', 'VNQ', 'TLT']","[2612, 2612, 2612, 2612]"
2019-06-28,"['SPY', 'EFA', 'LQD', 'HYG', 'VNQ', 'REM', 'TLT', 'GLD', 'BIL']","[293.0, 65.73, 124.37, 87.18, 87.4, 42.18, 132.81, 133.2, 91.61]","[278.03, 63.97, 116.76, 85.18, 83.09, 42.75, 122.44, 121.32, 91.59]","[8.01, -1.85, 8.55, 2.47, 7.31, -2.92, 9.11, 12.26, 0.03]","[2780, 2688, 2627, 2631]",10726,"['SPY', 'LQD', 'VNQ', 'GLD']","[2681, 2681, 2681, 2681]"
2019-07-31,"['SPY', 'EFA', 'LQD', 'HYG', 'VNQ', 'REM', 'TLT', 'GLD', 'BIL']","[297.43, 64.45, 124.33, 86.93, 88.89, 43.15, 132.89, 133.21, 91.61]","[278.7, 63.62, 117.7, 85.23, 83.91, 42.71, 124.0, 123.36, 91.59]","[5.72, -6.43, 7.4, 0.94, 8.48, -4.05, 11.02, 14.85, 0.03]","[2721, 2680, 2726, 2681]",10808,"['SPY', 'LQD', 'VNQ', 'GLD']","[2702, 2702, 2702, 2702]"
2019-08-30,"['SPY', 'EFA', 'LQD', 'HYG', 'VNQ', 'REM', 'TLT', 'GLD', 'BIL']","[292.45, 63.21, 128.8, 87.16, 92.22, 40.4, 147.28, 143.75, 91.61]","[280.88, 63.69, 119.35, 85.51, 85.3, 42.48, 127.37, 126.22, 91.6]","[0.74, -6.13, 11.57, 0.93, 9.72, -10.5, 21.72, 26.64, 0.02]","[2656, 2799, 2803, 2915]",11173,"['SPY', 'LQD', 'VNQ', 'GLD']","[2793, 2793, 2793, 2793]"
2019-09-30,"['SPY', 'EFA', 'LQD', 'HYG', 'VNQ', 'REM', 'TLT', 'GLD', 'BIL']","[296.77, 65.21, 127.48, 87.17, 93.25, 42.13, 143.08, 138.87, 91.59]","[282.99, 63.93, 120.96, 85.87, 86.43, 42.34, 130.15, 128.56, 91.59]","[2.08, -4.09, 10.92, 0.84, 15.58, -3.28, 22.01, 23.16, 0.01]","[2834, 2764, 2824, 2698]",11120,"['SPY', 'LQD', 'VNQ', 'GLD']","[2780, 2780, 2780, 2780]"
2019-10-31,"['SPY', 'EFA', 'LQD', 'HYG', 'VNQ', 'REM', 'TLT', 'GLD', 'BIL']","[303.33, 67.42, 127.71, 86.81, 94.3, 43.28, 141.24, 142.43, 91.6]","[288.34, 64.8, 122.45, 86.44, 88.4, 42.67, 132.12, 130.67, 91.61]","[12.08, 7.94, 13.79, 2.92, 20.4, 1.38, 24.35, 23.69, 0.01]","[2841, 2785, 2811, 2851]",11288,"['SPY', 'LQD', 'VNQ', 'TLT']","[2822, 2822, 2822, 2822]"
2019-11-29,"['SPY', 'EFA', 'LQD', 'HYG', 'VNQ', 'REM', 'TLT', 'GLD', 'BIL']","[314.31, 68.18, 127.97, 86.94, 93.07, 43.91, 140.42, 137.86, 91.56]","[292.77, 65.35, 123.58, 86.63, 89.37, 42.7, 133.97, 131.98, 91.6]","[14.03, 8.62, 14.81, 4.0, 13.53, 0.78, 21.75, 19.32, -0.05]","[2924, 2827, 2785, 2805]",11341,"['SPY', 'LQD', 'VNQ', 'TLT']","[2835, 2835, 2835, 2835]"
2019-12-31,"['SPY', 'EFA', 'LQD', 'HYG', 'VNQ', 'REM', 'TLT', 'GLD', 'BIL']","[321.86, 69.44, 127.96, 87.94, 92.79, 44.53, 135.48, 142.9, 91.43]","[297.09, 65.87, 124.77, 86.84, 90.25, 42.83, 135.51, 133.88, 91.58]","[28.79, 18.14, 13.42, 8.43, 24.43, 11.49, 11.5, 17.86, -0.03]","[2903, 2834, 2826, 2735]",11298,"['SPY', 'LQD', 'VNQ', 'GLD']","[2824, 2824, 2824, 2824]"
2020-01-31,"['SPY', 'EFA', 'LQD', 'HYG', 'VNQ', 'REM', 'TLT', 'GLD', 'BIL']","[321.73, 67.48, 131.09, 87.53, 93.93, 46.11, 145.9, 149.33, 91.54]","[301.02, 66.13, 125.98, 86.95, 90.95, 43.11, 137.46, 136.61, 91.58]","[19.19, 7.66, 12.41, 2.84, 12.61, 5.68, 19.62, 19.7, -0.09]","[2822, 2893, 2858, 2951]",11524,"['SPY', 'LQD', 'VNQ', 'GLD']","[2881, 2881, 2881, 2881]"
2020-02-28,"['SPY', 'EFA', 'LQD', 'HYG', 'VNQ', 'REM', 'TLT', 'GLD', 'BIL']","[296.26, 62.24, 132.18, 86.04, 87.33, 42.24, 155.31, 148.38, 91.54]","[301.24, 65.68, 127.27, 86.86, 91.01, 42.92, 140.62, 139.33, 91.57]","[6.31, -3.16, 13.92, 0.34, 3.98, -2.29, 29.4, 19.67, -0.08]","[2652, 2904, 2678, 2862]",11096,"['SPY', 'LQD', 'VNQ', 'TLT']","[2774, 2774, 2774, 2774]"
2020-03-31,"['SPY', 'EFA', 'LQD', 'HYG', 'VNQ', 'REM', 'TLT', 'GLD', 'BIL']","[257.75, 53.46, 123.51, 77.07, 69.85, 18.7, 164.97, 148.05, 91.63]","[299.49, 64.68, 127.54, 86.08, 89.3, 40.66, 143.94, 141.8, 91.57]","[-8.75, -17.58, 3.74, -10.87, -19.63, -56.85, 30.47, 21.34, 0.03]","[2413, 2592, 2218, 2946]",10169,"['BIL', 'LQD', 'BIL', 'TLT']","[2542, 2542, 2542, 2542]"
2020-04-30,"['SPY', 'EFA', 'LQD', 'HYG', 'VNQ', 'REM', 'TLT', 'GLD', 'BIL']","[290.48, 56.57, 129.17, 80.43, 76.11, 22.07, 166.74, 158.8, 91.56]","[299.24, 63.77, 128.02, 85.4, 88.17, 38.65, 147.33, 144.36, 91.57]","[-1.2, -15.26, 8.35, -7.49, -12.29, -50.0, 34.85, 31.02, -0.04]","[2540, 2658, 2540, 2569]",10307,"['BIL', 'LQD', 'BIL', 'TLT']","[2576, 2576, 2576, 2576]"
2020-05-29,"['SPY', 'EFA', 'LQD', 'HYG', 'VNQ', 'REM', 'TLT', 'GLD', 'BIL']","[304.32, 59.64, 132.02, 82.42, 77.43, 22.68, 163.59, 162.91, 91.53]","[299.93, 63.29, 128.79, 84.95, 87.03, 36.61, 150.4, 147.33, 91.56]","[10.55, -5.93, 9.26, -2.92, -10.89, -44.99, 24.09, 32.09, -0.1]","[2575, 2632, 2575, 2527]",10309,"['SPY', 'LQD', 'BIL', 'GLD']","[2577, 2577, 2577, 2577]"
2020-06-30,"['SPY', 'EFA', 'LQD', 'HYG', 'VNQ', 'REM', 'TLT', 'GLD', 'BIL']","[308.36, 60.87, 134.5, 81.62, 78.53, 24.86, 163.93, 167.37, 91.53]","[301.52, 63.05, 129.36, 84.4, 85.66, 35.05, 152.07, 149.69, 91.55]","[5.24, -7.39, 8.15, -6.38, -10.15, -41.06, 23.43, 25.65, -0.09]","[2611, 2625, 2577, 2647]",10460,"['SPY', 'LQD', 'BIL', 'GLD']","[2615, 2615, 2615, 2615]"
2020-07-31,"['SPY', 'EFA', 'LQD', 'HYG', 'VNQ', 'REM', 'TLT', 'GLD', 'BIL']","[326.52, 62.05, 138.35, 85.39, 81.39, 26.02, 171.0, 185.43, 91.54]","[304.49, 62.74, 130.45, 84.22, 84.47, 33.44, 154.86, 154.35, 91.55]","[9.78, -3.72, 11.28, -1.77, -8.44, -39.7, 28.68, 39.2, -0.08]","[2769, 2689, 2615, 2897]",10970,"['SPY', 'LQD', 'BIL', 'GLD']","[2742, 2742, 2742, 2742]"
2020-08-31,"['SPY', 'EFA', 'LQD', 'HYG', 'VNQ', 'REM', 'TLT', 'GLD', 'BIL']","[349.31, 64.98, 135.6, 85.03, 81.75, 26.59, 162.19, 184.83, 91.54]","[309.09, 62.49, 131.24, 84.04, 83.22, 31.77, 156.95, 158.59, 91.54]","[19.44, 2.8, 5.28, -2.44, -11.35, -34.18, 10.12, 28.58, -0.08]","[2933, 2687, 2742, 2733]",11095,"['SPY', 'LQD', 'BIL', 'GLD']","[2773, 2773, 2773, 2773]"
2020-09-30,"['SPY', 'EFA', 'LQD', 'HYG', 'VNQ', 'REM', 'TLT', 'GLD', 'BIL']","[334.89, 63.65, 134.71, 83.9, 78.96, 25.76, 163.26, 177.12, 91.52]","[311.15, 62.04, 131.91, 83.74, 81.81, 29.96, 159.24, 162.51, 91.54]","[12.84, -2.39, 5.67, -3.75, -15.32, -38.86, 14.1, 27.54, -0.08]","[2658, 2754, 2772, 2657]",10841,"['SPY', 'LQD', 'BIL', 'GLD']","[2710, 2710, 2710, 2710]"
2020-10-30,"['SPY', 'EFA', 'LQD', 'HYG', 'VNQ', 'REM', 'TLT', 'GLD', 'BIL']","[326.54, 61.39, 133.73, 83.88, 76.59, 25.67, 157.57, 176.2, 91.53]","[311.62, 61.23, 132.49, 83.33, 80.19, 28.07, 161.45, 165.84, 91.55]","[7.65, -8.94, 4.71, -3.38, -18.78, -40.69, 11.56, 23.71, -0.08]","[2642, 2690, 2710, 2695]",10737,"['SPY', 'LQD', 'BIL', 'GLD']","[2684, 2684, 2684, 2684]"
2020-11-30,"['SPY', 'EFA', 'LQD', 'HYG', 'VNQ', 'REM', 'TLT', 'GLD', 'BIL']","[362.06, 70.15, 138.48, 86.32, 84.0, 30.35, 160.02, 166.67, 91.52]","[315.65, 61.5, 133.23, 83.21, 79.19, 26.49, 162.86, 167.58, 91.54]","[15.19, 2.89, 8.21, -0.71, -9.75, -30.88, 13.96, 20.9, -0.04]","[2975, 2779, 2683, 2538]",10975,"['SPY', 'LQD', 'BIL', 'GLD']","[2743, 2743, 2743, 2743]"
2020-12-31,"['SPY', 'EFA', 'LQD', 'HYG', 'VNQ', 'REM', 'TLT', 'GLD', 'BIL']","[373.88, 72.96, 138.13, 87.3, 84.93, 31.86, 157.73, 178.36, 91.52]","[323.41, 62.57, 133.82, 83.34, 78.95, 25.46, 163.1, 170.57, 91.54]","[16.16, 5.07, 7.95, -0.73, -8.47, -28.45, 16.42, 24.81, 0.1]","[2832, 2736, 2743, 2935]",11246,"['SPY', 'LQD', 'BIL', 'GLD']","[2811, 2811, 2811, 2811]"
2021-01-29,"['SPY', 'EFA', 'LQD', 'HYG', 'VNQ', 'REM', 'TLT', 'GLD', 'BIL']","[370.07, 72.39, 135.6, 86.97, 84.96, 31.1, 152.0, 172.61, 91.52]","[334.64, 64.47, 135.03, 84.33, 80.46, 26.7, 161.8, 173.03, 91.53]","[15.03, 7.28, 3.44, -0.64, -9.55, -32.55, 4.18, 15.59, -0.02]","[2782, 2759, 2811, 2720]",11072,"['SPY', 'LQD', 'BIL', 'GLD']","[2768, 2768, 2768, 2768]"
2021-02-26,"['SPY', 'EFA', 'LQD', 'HYG', 'VNQ', 'REM', 'TLT', 'GLD', 'BIL']","[380.36, 74.01, 132.27, 86.44, 87.87, 33.8, 143.12, 161.81, 91.51]","[343.63, 66.21, 135.34, 84.93, 81.64, 27.87, 159.44, 173.33, 91.53]","[28.39, 18.91, 0.07, 0.46, 0.62, -19.98, -7.85, 9.05, -0.03]","[2844, 2700, 2767, 2594]",10905,"['SPY', 'HYG', 'VNQ', 'GLD']","[2726, 2726, 2726, 2726]"
2021-03-31,"['SPY', 'EFA', 'LQD', 'HYG', 'VNQ', 'REM', 'TLT', 'GLD', 'BIL']","[396.33, 75.87, 130.05, 87.18, 91.86, 35.26, 135.45, 159.96, 91.5]","[352.83, 67.83, 135.14, 85.4, 83.08, 29.13, 156.63, 173.04, 91.52]","[53.77, 41.92, 5.3, 13.12, 31.51, 88.56, -17.89, 8.04, -0.14]","[2840, 2749, 2849, 2694]",11132,"['SPY', 'HYG', 'REM', 'GLD']","[2783, 2783, 2783, 2783]"
2021-04-30,"['SPY', 'EFA', 'LQD', 'HYG', 'VNQ', 'REM', 'TLT', 'GLD', 'BIL']","[417.3, 78.11, 131.15, 87.44, 99.08, 36.87, 138.64, 165.66, 91.5]","[363.73, 69.56, 134.81, 85.99, 85.14, 30.33, 154.1, 172.86, 91.52]","[43.66, 38.08, 1.53, 8.72, 30.18, 67.06, -16.85, 4.32, -0.07]","[2930, 2791, 2910, 2882]",11513,"['SPY', 'HYG', 'REM', 'GLD']","[2878, 2878, 2878, 2878]"
2021-05-28,"['SPY', 'EFA', 'LQD', 'HYG', 'VNQ', 'REM', 'TLT', 'GLD', 'BIL']","[420.04, 80.83, 131.71, 87.18, 99.88, 36.99, 138.44, 178.38, 91.49]","[373.08, 71.43, 134.14, 86.16, 86.99, 31.43, 150.84, 172.16, 91.51]","[38.03, 35.53, -0.23, 5.78, 28.99, 63.1, -15.37, 9.5, -0.04]","[2896, 2869, 2887, 3098]",11750,"['SPY', 'HYG', 'REM', 'GLD']","[2937, 2937, 2937, 2937]"
2021-06-30,"['SPY', 'EFA', 'LQD', 'HYG', 'VNQ', 'REM', 'TLT', 'GLD', 'BIL']","[428.06, 78.88, 134.36, 88.04, 101.79, 37.12, 144.35, 165.63, 91.47]","[380.95, 72.82, 134.02, 86.47, 88.99, 32.48, 149.06, 170.24, 91.51]","[38.82, 29.59, -0.1, 7.87, 29.62, 49.32, -11.94, -1.04, -0.07]","[2993, 2965, 2947, 2727]",11632,"['SPY', 'HYG', 'REM', 'BIL']","[2908, 2908, 2908, 2908]"
2021-07-30,"['SPY', 'EFA', 'LQD', 'HYG', 'VNQ', 'REM', 'TLT', 'GLD', 'BIL']","[438.51, 79.49, 136.01, 87.84, 106.29, 36.18, 149.52, 169.82, 91.46]","[391.31, 74.41, 134.15, 86.86, 91.72, 33.52, 147.68, 169.51, 91.5]","[34.3, 28.11, -1.69, 2.87, 30.59, 39.05, -12.56, -8.42, -0.09]","[2978, 2901, 2834, 2907]",11620,"['SPY', 'HYG', 'REM', 'BIL']","[2905, 2905, 2905, 2905]"
2021-08-31,"['SPY', 'EFA', 'LQD', 'HYG', 'VNQ', 'REM', 'TLT', 'GLD', 'BIL']","[451.56, 80.64, 135.3, 88.09, 108.58, 37.14, 148.83, 169.69, 91.45]","[403.82, 76.33, 134.31, 87.28, 94.92, 34.67, 146.81, 168.86, 91.49]","[29.27, 24.1, -0.22, 3.6, 32.82, 39.68, -8.24, -8.19, -0.1]","[2991, 2913, 2982, 2904]",11790,"['SPY', 'HYG', 'REM', 'BIL']","[2947, 2947, 2947, 2947]"
2021-09-30,"['SPY', 'EFA', 'LQD', 'HYG', 'VNQ', 'REM', 'TLT', 'GLD', 'BIL']","[429.14, 78.01, 133.03, 87.49, 101.78, 36.18, 144.32, 164.22, 91.46]","[410.52, 77.12, 133.76, 87.4, 96.7, 35.25, 145.24, 168.61, 91.49]","[28.14, 22.56, -1.25, 4.28, 28.9, 40.45, -11.6, -7.28, -0.07]","[2800, 2926, 2870, 2947]",11543,"['SPY', 'HYG', 'REM', 'BIL']","[2885, 2885, 2885, 2885]"
2021-10-29,"['SPY', 'EFA', 'LQD', 'HYG', 'VNQ', 'REM', 'TLT', 'GLD', 'BIL']","[459.25, 80.49, 133.48, 86.93, 109.04, 37.53, 147.69, 166.65, 91.45]","[419.06, 77.87, 133.3, 87.36, 99.11, 35.82, 144.24, 167.44, 91.48]","[40.64, 31.11, -0.19, 3.64, 42.37, 46.2, -6.27, -5.42, -0.09]","[3087, 2866, 2992, 2884]",11829,"['SPY', 'HYG', 'REM', 'BIL']","[2957, 2957, 2957, 2957]"
2021-11-30,"['SPY', 'EFA', 'LQD', 'HYG', 'VNQ', 'REM', 'TLT', 'GLD', 'BIL']","[455.56, 76.84, 133.06, 85.64, 106.74, 35.33, 151.59, 165.5, 91.43]","[427.61, 78.32, 133.04, 87.23, 101.29, 36.24, 144.2, 166.73, 91.47]","[25.82, 9.54, -3.91, -0.79, 27.07, 16.41, -5.27, -0.7, -0.1]","[2933, 2913, 2783, 2956]",11585,"['SPY', 'BIL', 'VNQ', 'BIL']","[2896, 2896, 2896, 2896]"
2021-12-31,"['SPY', 'EFA', 'LQD', 'HYG', 'VNQ', 'REM', 'TLT', 'GLD', 'BIL']","[474.96, 78.68, 132.52, 87.01, 116.01, 34.51, 148.19, 170.96, 91.43]","[437.07, 78.78, 133.07, 87.28, 104.11, 36.31, 144.7, 167.65, 91.46]","[27.04, 7.84, -4.06, -0.33, 36.59, 8.32, -6.05, -4.15, -0.1]","[3019, 2896, 3147, 2896]",11958,"['SPY', 'BIL', 'VNQ', 'BIL']","[2989, 2989, 2989, 2989]"
2022-01-31,"['SPY', 'EFA', 'LQD', 'HYG', 'VNQ', 'REM', 'TLT', 'GLD', 'BIL']","[449.91, 75.82, 127.76, 84.7, 106.24, 33.88, 142.39, 168.09, 91.43]","[442.43, 78.78, 132.84, 87.04, 105.54, 36.17, 145.4, 168.46, 91.46]","[21.57, 4.74, -5.78, -2.61, 25.05, 8.94, -6.32, -2.62, -0.1]","[2831, 2989, 2737, 2989]",11546,"['SPY', 'BIL', 'VNQ', 'BIL']","[2886, 2886, 2886, 2886]"
2022-02-28,"['SPY', 'EFA', 'LQD', 'HYG', 'VNQ', 'REM', 'TLT', 'GLD', 'BIL']","[436.63, 73.22, 124.8, 83.67, 102.54, 31.78, 139.87, 178.38, 91.41]","[444.36, 78.29, 132.2, 86.66, 105.89, 35.66, 145.52, 169.73, 91.45]","[14.79, -1.07, -5.65, -3.2, 16.7, -5.98, -2.27, 10.24, -0.11]","[2800, 2885, 2785, 2885]",11355,"['SPY', 'BIL', 'VNQ', 'GLD']","[2838, 2838, 2838, 2838]"
2022-03-31,"['SPY', 'EFA', 'LQD', 'HYG', 'VNQ', 'REM', 'TLT', 'GLD', 'BIL']","[451.64, 73.6, 120.94, 82.29, 108.37, 32.67, 132.08, 180.65, 91.43]","[447.52, 77.57, 131.13, 86.17, 106.74, 35.23, 144.88, 169.96, 91.44]","[13.96, -2.99, -7.0, -5.61, 17.97, -7.35, -2.49, 12.93, -0.08]","[2935, 2838, 2999, 2874]",11646,"['SPY', 'BIL', 'VNQ', 'GLD']","[2911, 2911, 2911, 2911]"
2022-04-29,"['SPY', 'EFA', 'LQD', 'HYG', 'VNQ', 'REM', 'TLT', 'GLD', 'BIL']","[412.0, 68.64, 112.6, 78.53, 103.94, 29.59, 119.45, 176.91, 91.42]","[445.92, 76.54, 128.95, 85.22, 106.95, 34.48, 142.39, 171.09, 91.44]","[-1.27, -12.12, -14.14, -10.19, 4.91, -19.75, -13.84, 6.79, -0.09]","[2655, 2910, 2792, 2850]",11207,"['BIL', 'BIL', 'VNQ', 'GLD']","[2801, 2801, 2801, 2801]"
2022-05-31,"['SPY', 'EFA', 'LQD', 'HYG', 'VNQ', 'REM', 'TLT', 'GLD', 'BIL']","[412.93, 70.01, 114.44, 79.5, 99.07, 30.64, 116.56, 171.14, 91.45]","[443.36, 75.59, 126.79, 84.38, 106.23, 33.92, 139.1, 171.22, 91.44]","[-1.69, -13.39, -13.11, -8.81, -0.81, -17.17, -15.8, -4.06, -0.04]","[2801, 2801, 2669, 2709]",10980,"['BIL', 'BIL', 'BIL', 'BIL']","[2745, 2745, 2745, 2745]"
2022-06-30,"['SPY', 'EFA', 'LQD', 'HYG', 'VNQ', 'REM', 'TLT', 'GLD', 'BIL']","[377.25, 62.49, 110.03, 73.61, 91.11, 26.74, 114.87, 168.46, 91.49]","[435.93, 73.78, 124.27, 82.94, 104.48, 32.88, 135.7, 171.1, 91.44]","[-11.87, -20.78, -18.11, -16.39, -10.49, -27.96, -20.42, 1.71, 0.02]","[2746, 2746, 2746, 2746]",10984,"['BIL', 'BIL', 'BIL', 'GLD']","[2746, 2746, 2746, 2746]"
2022-07-29,"['SPY', 'EFA', 'LQD', 'HYG', 'VNQ', 'REM', 'TLT', 'GLD', 'BIL']","[411.99, 65.72, 114.61, 78.19, 98.96, 30.61, 117.43, 164.1, 91.47]","[434.21, 72.55, 122.42, 82.01, 104.2, 32.33, 133.01, 171.08, 91.44]","[-6.05, -17.32, -15.73, -10.99, -6.9, -15.4, -21.46, -3.37, 0.01]","[2745, 2745, 2745, 2674]",10909,"['BIL', 'BIL', 'BIL', 'BIL']","[2727, 2727, 2727, 2727]"
2022-08-31,"['SPY', 'EFA', 'LQD', 'HYG', 'VNQ', 'REM', 'TLT', 'GLD', 'BIL']","[395.18, 61.7, 109.27, 74.53, 93.01, 28.42, 111.88, 159.27, 91.55]","[427.8, 70.67, 120.0, 80.77, 102.6, 31.42, 129.43, 170.35, 91.45]","[-12.49, -23.49, -19.24, -15.39, -14.34, -23.48, -24.83, -6.14, 0.11]","[2729, 2729, 2729, 2729]",10916,"['BIL', 'BIL', 'BIL', 'BIL']","[2729, 2729, 2729, 2729]"
2022-09-30,"['SPY', 'EFA', 'LQD', 'HYG', 'VNQ', 'REM', 'TLT', 'GLD', 'BIL']","[357.18, 56.01, 102.45, 71.39, 80.17, 20.94, 102.45, 154.67, 91.6]","[417.97, 68.59, 116.94, 79.34, 99.94, 29.98, 124.52, 169.26, 91.47]","[-16.77, -28.2, -22.99, -18.4, -21.23, -42.12, -29.01, -5.82, 0.15]","[2730, 2730, 2730, 2730]",10920,"['BIL', 'BIL', 'BIL', 'BIL']","[2730, 2730, 2730, 2730]"
2022-10-31,"['SPY', 'EFA', 'LQD', 'HYG', 'VNQ', 'REM', 'TLT', 'GLD', 'BIL']","[386.21, 59.31, 101.35, 73.43, 82.98, 23.58, 96.11, 151.91, 91.59]","[409.09, 66.65, 113.83, 77.98, 96.64, 28.89, 119.31, 167.36, 91.48]","[-15.9, -26.31, -24.07, -15.53, -23.9, -37.17, -34.92, -8.84, 0.15]","[2729, 2729, 2729, 2729]",10916,"['BIL', 'BIL', 'BIL', 'BIL']","[2729, 2729, 2729, 2729]"
2022-11-30,"['SPY', 'EFA', 'LQD', 'HYG', 'VNQ', 'REM', 'TLT', 'GLD', 'BIL']","[407.68, 67.12, 107.76, 75.66, 88.08, 25.51, 102.73, 164.81, 91.67]","[404.87, 65.78, 111.83, 77.08, 94.82, 28.05, 115.34, 167.03, 91.51]","[-10.51, -12.65, -19.01, -11.65, -17.48, -27.8, -32.23, -0.42, 0.26]","[2731, 2731, 2731, 2731]",10924,"['BIL', 'BIL', 'BIL', 'BIL']","[2731, 2731, 2731, 2731]"
2022-12-30,"['SPY', 'EFA', 'LQD', 'HYG', 'VNQ', 'REM', 'TLT', 'GLD', 'BIL']","[382.43, 65.64, 105.43, 73.63, 82.48, 22.69, 99.56, 169.64, 91.47]","[399.45, 65.02, 109.89, 76.08, 92.82, 27.14, 111.31, 166.16, 91.51]","[-19.48, -16.57, -20.44, -15.38, -28.9, -34.25, -32.82, -0.77, 0.04]","[2725, 2725, 2725, 2725]",10900,"['BIL', 'BIL', 'BIL', 'BIL']","[2725, 2725, 2725, 2725]"
2023-01-31,"['SPY', 'EFA', 'LQD', 'HYG', 'VNQ', 'REM', 'TLT', 'GLD', 'BIL']","[406.48, 71.55, 110.87, 76.33, 91.06, 26.28, 107.17, 179.41, 91.73]","[394.93, 64.82, 108.88, 75.48, 91.09, 26.5, 108.82, 166.03, 91.54]","[-9.65, -5.63, -13.22, -9.88, -14.29, -22.43, -24.73, 6.73, 0.33]","[2732, 2732, 2732, 2732]",10928,"['BIL', 'BIL', 'BIL', 'GLD']","[2732, 2732, 2732, 2732]"
2023-02-28,"['SPY', 'EFA', 'LQD', 'HYG', 'VNQ', 'REM', 'TLT', 'GLD', 'BIL']","[396.26, 69.35, 105.92, 74.53, 85.72, 24.11, 101.71, 169.78, 91.71]","[393.36, 64.89, 108.21, 75.08, 89.26, 25.95, 107.05, 165.32, 91.57]","[-9.25, -5.29, -15.13, -10.92, -16.4, -24.13, -27.28, -4.82, 0.33]","[2731, 2731, 2731, 2585]",10778,"['BIL', 'BIL', 'BIL', 'BIL']","[2694, 2694, 2694, 2694]"
2023-03-31,"['SPY', 'EFA', 'LQD', 'HYG', 'VNQ', 'REM', 'TLT', 'GLD', 'BIL']","[409.39, 71.52, 109.61, 75.55, 83.04, 21.84, 106.37, 183.22, 91.82]","[393.0, 65.04, 107.73, 74.69, 87.66, 25.07, 106.03, 166.53, 91.61]","[-9.35, -2.83, -9.37, -8.19, -23.37, -33.15, -19.47, 1.42, 0.43]","[2697, 2697, 2697, 2697]",10788,"['BIL', 'BIL', 'BIL', 'GLD']","[2697, 2697, 2697, 2697]"
2023-04-28,"['SPY', 'EFA', 'LQD', 'HYG', 'VNQ', 'REM', 'TLT', 'GLD', 'BIL']","[415.93, 73.62, 109.93, 75.36, 83.3, 22.16, 106.46, 184.8, 91.78]","[396.87, 66.15, 107.72, 74.86, 86.88, 24.61, 105.19, 168.16, 91.64]","[0.95, 7.26, -2.37, -4.04, -19.86, -25.11, -10.87, 4.46, 0.39]","[2695, 2695, 2695, 2720]",10805,"['EFA', 'BIL', 'BIL', 'GLD']","[2701, 2701, 2701, 2701]"
2023-05-31,"['SPY', 'EFA', 'LQD', 'HYG', 'VNQ', 'REM', 'TLT', 'GLD', 'BIL']","[417.85, 70.67, 107.62, 74.11, 80.0, 21.44, 102.99, 182.32, 91.77]","[397.46, 66.65, 107.02, 74.45, 84.98, 23.7, 103.74, 169.98, 91.67]","[1.19, 0.94, -5.96, -6.78, -19.25, -30.03, -11.64, 6.53, 0.35]","[2592, 2700, 2700, 2664]",10656,"['SPY', 'BIL', 'BIL', 'GLD']","[2664, 2664, 2664, 2664]"
2023-06-30,"['SPY', 'EFA', 'LQD', 'HYG', 'VNQ', 'REM', 'TLT', 'GLD', 'BIL']","[443.28, 72.5, 108.14, 75.07, 83.56, 23.6, 102.94, 178.27, 91.82]","[402.27, 67.73, 106.91, 74.51, 84.04, 23.22, 102.85, 171.88, 91.7]","[17.5, 16.02, -1.72, 1.98, -8.29, -11.74, -10.39, 5.82, 0.36]","[2826, 2665, 2665, 2604]",10760,"['SPY', 'HYG', 'BIL', 'GLD']","[2690, 2690, 2690, 2690]"
2023-07-31,"['SPY', 'EFA', 'LQD', 'HYG', 'VNQ', 'REM', 'TLT', 'GLD', 'BIL']","[457.79, 74.46, 107.85, 75.5, 85.26, 24.56, 100.05, 182.35, 91.8]","[412.33, 69.57, 107.45, 74.92, 84.55, 23.58, 102.61, 174.65, 91.72]","[11.12, 13.3, -5.9, -3.44, -13.84, -19.76, -14.8, 11.12, 0.36]","[2778, 2705, 2689, 2751]",10923,"['EFA', 'BIL', 'BIL', 'GLD']","[2730, 2730, 2730, 2730]"
2023-08-31,"['SPY', 'EFA', 'LQD', 'HYG', 'VNQ', 'REM', 'TLT', 'GLD', 'BIL']","[450.35, 71.53, 106.16, 75.28, 82.38, 24.11, 96.64, 180.02, 91.86]","[418.74, 70.8, 107.93, 75.1, 84.49, 23.63, 102.66, 177.46, 91.74]","[13.96, 15.93, -2.85, 1.01, -11.43, -15.17, -13.62, 13.03, 0.34]","[2622, 2731, 2731, 2695]",10779,"['EFA', 'HYG', 'BIL', 'GLD']","[2694, 2694, 2694, 2694]"
2023-09-29,"['SPY', 'EFA', 'LQD', 'HYG', 'VNQ', 'REM', 'TLT', 'GLD', 'BIL']","[427.48, 68.92, 102.02, 73.72, 75.66, 22.34, 88.69, 171.45, 91.82]","[420.72, 70.98, 107.36, 74.91, 83.25, 23.31, 101.26, 178.13, 91.76]","[19.68, 23.05, -0.42, 3.26, -5.63, 6.69, -13.43, 10.85, 0.24]","[2595, 2638, 2692, 2565]",10490,"['EFA', 'HYG', 'REM', 'GLD']","[2622, 2622, 2622, 2622]"
2023-10-31,"['SPY', 'EFA', 'LQD', 'HYG', 'VNQ', 'REM', 'TLT', 'GLD', 'BIL']","[418.2, 66.92, 99.17, 72.57, 72.92, 19.83, 83.58, 184.09, 91.82]","[424.3, 71.1, 106.73, 74.8, 82.29, 23.03, 99.66, 179.57, 91.79]","[8.28, 12.83, -2.15, -1.17, -12.12, -15.9, -13.04, 21.18, 0.25]","[2545, 2581, 2327, 2815]",10268,"['EFA', 'BIL', 'BIL', 'GLD']","[2567, 2567, 2567, 2567]"
2023-11-30,"['SPY', 'EFA', 'LQD', 'HYG', 'VNQ', 'REM', 'TLT', 'GLD', 'BIL']","[456.4, 72.42, 106.29, 75.71, 81.73, 22.72, 91.56, 188.75, 91.84]","[429.29, 71.19, 106.27, 74.74, 81.36, 22.67, 98.1, 180.51, 91.8]","[11.95, 7.9, -1.36, 0.07, -7.21, -10.94, -10.87, 14.53, 0.19]","[2777, 2567, 2567, 2631]",10542,"['SPY', 'BIL', 'BIL', 'GLD']","[2635, 2635, 2635, 2635]"
2023-12-29,"['SPY', 'EFA', 'LQD', 'HYG', 'VNQ', 'REM', 'TLT', 'GLD', 'BIL']","[475.31, 75.35, 110.66, 77.39, 88.36, 23.59, 98.88, 191.17, 91.39]","[437.2, 71.79, 106.75, 75.03, 81.62, 22.62, 97.82, 182.64, 91.77]","[24.29, 14.79, 4.96, 5.11, 7.13, 3.97, -0.68, 12.69, -0.09]","[2744, 2622, 2622, 2668]",10656,"['SPY', 'HYG', 'VNQ', 'GLD']","[2664, 2664, 2664, 2664]"
2024-01-31,"['SPY', 'EFA', 'LQD', 'HYG', 'VNQ', 'REM', 'TLT', 'GLD', 'BIL']","[482.88, 75.01, 110.17, 77.48, 83.89, 22.63, 96.66, 188.45, 91.78]","[444.55, 72.14, 106.8, 75.22, 81.71, 22.7, 96.85, 183.17, 91.77]","[18.8, 4.84, -0.63, 1.51, -7.87, -13.89, -9.81, 5.04, 0.05]","[2706, 2667, 2529, 2626]",10528,"['SPY', 'HYG', 'BIL', 'GLD']","[2632, 2632, 2632, 2632]"
2024-02-29,"['SPY', 'EFA', 'LQD', 'HYG', 'VNQ', 'REM', 'TLT', 'GLD', 'BIL']","[508.08, 77.25, 107.66, 77.33, 85.55, 22.34, 94.18, 189.31, 91.78]","[453.76, 72.5, 106.57, 75.42, 81.93, 22.72, 95.62, 183.62, 91.77]","[28.22, 11.39, 1.64, 3.76, -0.2, -7.34, -7.4, 11.5, 0.08]","[2769, 2626, 2632, 2644]",10671,"['SPY', 'HYG', 'BIL', 'GLD']","[2667, 2667, 2667, 2667]"
2024-03-28,"['SPY', 'EFA', 'LQD', 'HYG', 'VNQ', 'REM', 'TLT', 'GLD', 'BIL']","[523.07, 79.86, 108.92, 77.73, 86.48, 23.24, 94.62, 205.72, 91.8]","[464.28, 73.42, 106.7, 75.78, 82.58, 22.9, 94.78, 185.96, 91.77]","[27.77, 11.66, -0.63, 2.89, 4.14, 6.41, -11.05, 12.28, -0.02]","[2745, 2680, 2667, 2898]",10990,"['SPY', 'HYG', 'REM', 'GLD']","[2747, 2747, 2747, 2747]"
2024-04-30,"['SPY', 'EFA', 'LQD', 'HYG', 'VNQ', 'REM', 'TLT', 'GLD', 'BIL']","[501.98, 77.27, 104.99, 76.29, 79.61, 21.83, 88.22, 211.87, 91.79]","[470.15, 73.9, 106.39, 75.9, 82.18, 22.72, 93.31, 189.32, 91.77]","[20.69, 4.96, -4.49, 1.23, -4.43, -1.49, -17.13, 14.65, 0.01]","[2636, 2696, 2580, 2829]",10741,"['SPY', 'HYG', 'BIL', 'GLD']","[2685, 2685, 2685, 2685]"
2024-05-31,"['SPY', 'EFA', 'LQD', 'HYG', 'VNQ', 'REM', 'TLT', 'GLD', 'BIL']","[527.37, 81.18, 106.89, 77.13, 83.24, 22.48, 90.45, 215.3, 91.82]","[477.11, 74.57, 106.29, 76.06, 81.98, 22.51, 92.35, 192.61, 91.77]","[26.21, 14.87, -0.68, 4.08, 4.05, 4.85, -12.18, 18.09, 0.05]","[2820, 2714, 2685, 2728]",10947,"['SPY', 'HYG', 'REM', 'GLD']","[2736, 2736, 2736, 2736]"
2024-06-28,"['SPY', 'EFA', 'LQD', 'HYG', 'VNQ', 'REM', 'TLT', 'GLD', 'BIL']","[544.22, 78.33, 107.12, 77.14, 84.79, 22.16, 91.78, 215.01, 91.78]","[486.5, 75.25, 106.39, 76.25, 82.22, 22.32, 91.86, 196.11, 91.76]","[22.77, 8.04, -0.94, 2.76, 1.48, -6.1, -10.84, 20.61, -0.04]","[2823, 2736, 2697, 2732]",10988,"['SPY', 'HYG', 'VNQ', 'GLD']","[2747, 2747, 2747, 2747]"
2024-07-31,"['SPY', 'EFA', 'LQD', 'HYG', 'VNQ', 'REM', 'TLT', 'GLD', 'BIL']","[550.81, 80.36, 109.56, 78.54, 90.41, 23.58, 94.81, 226.55, 91.8]","[498.83, 76.39, 107.14, 76.73, 83.7, 22.44, 92.47, 201.62, 91.76]","[20.32, 7.92, 1.59, 4.03, 6.04, -3.99, -5.24, 24.24, 0.0]","[2780, 2796, 2929, 2894]",11399,"['SPY', 'HYG', 'VNQ', 'GLD']","[2849, 2849, 2849, 2849]"
2024-08-30,"['SPY', 'EFA', 'LQD', 'HYG', 'VNQ', 'REM', 'TLT', 'GLD', 'BIL']","[563.68, 82.98, 111.21, 79.34, 95.13, 24.02, 96.49, 231.29, 91.82]","[513.38, 78.0, 108.35, 77.41, 85.92, 22.86, 93.76, 206.34, 91.76]","[25.16, 16.01, 4.76, 5.39, 15.48, -0.37, -0.16, 28.48, -0.04]","[2915, 2878, 2997, 2908]",11698,"['SPY', 'HYG', 'VNQ', 'GLD']","[2924, 2924, 2924, 2924]"
2024-09-30,"['SPY', 'EFA', 'LQD', 'HYG', 'VNQ', 'REM', 'TLT', 'GLD', 'BIL']","[573.76, 83.63, 112.98, 80.3, 97.42, 23.73, 98.1, 243.06, 91.81]","[525.12, 79.12, 109.02, 77.87, 87.49, 22.96, 94.42, 211.77, 91.76]","[34.22, 21.34, 10.74, 8.93, 28.76, 6.22, 10.61, 41.77, -0.01]","[2976, 2959, 2994, 3072]",12001,"['SPY', 'LQD', 'VNQ', 'GLD']","[3000, 3000, 3000, 3000]"
2024-10-31,"['SPY', 'EFA', 'LQD', 'HYG', 'VNQ', 'REM', 'TLT', 'GLD', 'BIL']","[568.64, 79.22, 108.99, 79.14, 94.15, 22.42, 92.45, 253.51, 91.8]","[534.45, 79.51, 108.85, 78.04, 88.07, 22.84, 93.78, 218.01, 91.8]","[35.97, 18.38, 9.9, 9.05, 29.11, 13.06, 10.61, 37.71, -0.02]","[2973, 2894, 2899, 3128]",11894,"['SPY', 'LQD', 'VNQ', 'GLD']","[2973, 2973, 2973, 2973]"
2024-11-29,"['SPY', 'EFA', 'LQD', 'HYG', 'VNQ', 'REM', 'TLT', 'GLD', 'BIL']","[602.55, 78.97, 110.55, 80.04, 98.16, 23.23, 93.97, 245.59, 91.78]","[546.42, 79.91, 108.89, 78.3, 89.49, 22.9, 93.51, 223.72, 91.8]","[32.02, 9.04, 4.01, 5.72, 20.1, 2.24, 2.63, 30.11, -0.07]","[3150, 3015, 3099, 2880]",12144,"['SPY', 'HYG', 'VNQ', 'GLD']","[3036, 3036, 3036, 3036]"
2024-12-31,"['SPY', 'EFA', 'LQD', 'HYG', 'VNQ', 'REM', 'TLT', 'GLD', 'BIL']","[586.08, 75.61, 106.84, 78.65, 89.08, 21.35, 87.33, 242.13, 91.43]","[554.22, 79.74, 108.8, 78.43, 89.85, 22.8, 92.82, 229.0, 91.76]","[23.3, 0.35, -3.45, 1.63, 0.81, -9.5, -11.68, 26.66, 0.04]","[2953, 2983, 2755, 2993]",11684,"['SPY', 'HYG', 'VNQ', 'GLD']","[2921, 2921, 2921, 2921]"
2025-01-31,"['SPY', 'EFA', 'LQD', 'HYG', 'VNQ', 'REM', 'TLT', 'GLD', 'BIL']","[601.82, 79.24, 107.46, 79.72, 90.55, 22.38, 87.76, 258.56, 91.75]","[562.09, 79.68, 108.66, 78.63, 90.25, 22.72, 92.14, 234.29, 91.76]","[24.63, 5.64, -2.46, 2.89, 7.94, -1.1, -9.21, 37.2, -0.03]","[2999, 2960, 2969, 3119]",12047,"['SPY', 'HYG', 'VNQ', 'GLD']","[3011, 3011, 3011, 3011]"
2025-02-28,"['SPY', 'EFA', 'LQD', 'HYG', 'VNQ', 'REM', 'TLT', 'GLD', 'BIL']","[594.18, 81.58, 109.61, 80.13, 93.9, 23.69, 92.43, 263.27, 91.72]","[571.31, 80.11, 109.12, 79.01, 91.68, 22.9, 92.56, 239.43, 91.75]","[16.95, 5.61, 1.81, 3.62, 9.76, 6.04, -1.86, 39.07, -0.07]","[2972, 3026, 3122, 3065]",12185,"['SPY', 'HYG', 'VNQ', 'GLD']","[3046, 3046, 3046, 3046]"
2025-03-31,"['SPY', 'EFA', 'LQD', 'HYG', 'VNQ', 'REM', 'TLT', 'GLD', 'BIL']","[559.39, 81.73, 108.69, 78.89, 90.54, 22.44, 91.03, 288.14, 91.73]","[574.51, 80.17, 109.3, 79.19, 92.41, 22.9, 92.61, 246.71, 91.74]","[6.94, 2.34, -0.21, 1.49, 4.69, -3.44, -3.79, 40.06, -0.08]","[2867, 2998, 2937, 3333]",12135,"['SPY', 'HYG', 'VNQ', 'GLD']","[3033, 3033, 3033, 3033]"
2025-04-30,"['SPY', 'EFA', 'LQD', 'HYG', 'VNQ', 'REM', 'TLT', 'GLD', 'BIL']","[554.54, 84.75, 107.98, 78.6, 88.33, 21.29, 89.47, 303.77, 91.72]","[575.55, 80.81, 109.39, 79.33, 92.77, 22.81, 92.38, 255.59, 91.74]","[10.47, 9.68, 2.85, 3.03, 10.95, -2.47, 1.42, 43.38, -0.08]","[3006, 3021, 2958, 3197]",12182,"['SPY', 'HYG', 'VNQ', 'GLD']","[3045, 3045, 3045, 3045]"
2025-05-30,"['SPY', 'EFA', 'LQD', 'HYG', 'VNQ', 'REM', 'TLT', 'GLD', 'BIL']","[589.39, 88.81, 107.77, 79.57, 89.32, 21.05, 86.28, 303.6, 91.74]","[579.4, 81.65, 109.21, 79.44, 92.66, 22.56, 91.53, 263.29, 91.73]","[11.76, 9.4, 0.82, 3.16, 7.3, -6.36, -4.61, 41.01, -0.09]","[3236, 3082, 3079, 3043]",12440,"['SPY', 'HYG', 'VNQ', 'GLD']","[3110, 3110, 3110, 3110]"
2025-06-30,"['SPY', 'EFA', 'LQD', 'HYG', 'VNQ', 'REM', 'TLT', 'GLD', 'BIL']","[617.85, 89.39, 109.61, 80.65, 89.06, 21.38, 88.25, 304.83, 91.73]","[584.82, 82.29, 109.05, 79.57, 92.05, 22.3, 90.71, 270.65, 91.72]","[13.53, 14.12, 2.32, 4.55, 5.03, -3.52, -3.85, 41.77, -0.05]","[3260, 3152, 3100, 3122]",12634,"['EFA', 'HYG', 'VNQ', 'GLD']","[3158, 3158, 3158, 3158]"
2025-07-31,"['SPY', 'EFA', 'LQD', 'HYG', 'VNQ', 'REM', 'TLT', 'GLD', 'BIL']","[632.08, 87.52, 109.11, 80.38, 89.14, 21.65, 86.92, 302.96, 91.75]","[590.65, 82.68, 108.66, 79.58, 91.22, 22.09, 89.59, 276.64, 91.72]","[14.75, 8.91, -0.41, 2.34, -1.4, -8.18, -8.32, 33.73, -0.05]","[3091, 3147, 3160, 3138]",12536,"['SPY', 'HYG', 'BIL', 'GLD']","[3134, 3134, 3134, 3134]"
2025-08-29,"['SPY', 'EFA', 'LQD', 'HYG', 'VNQ', 'REM', 'TLT', 'GLD', 'BIL']","[645.05, 91.48, 109.8, 80.86, 92.24, 22.83, 86.6, 318.07, 91.77]","[598.29, 83.91, 108.74, 79.75, 91.03, 22.13, 89.0, 283.09, 91.71]","[14.44, 10.24, -1.27, 1.92, -3.04, -4.95, -10.25, 37.52, -0.05]","[3198, 3152, 3134, 3290]",12774,"['SPY', 'HYG', 'BIL', 'GLD']","[3193, 3193, 3193, 3193]"
