Date,Symbol,Result Close,MMA_10,Total Momentum Score,End Balance,Balance,Restart Asset,Restart Balance,Safe Ratio
2015-12-31,"['SPY', 'QQQ', 'IWM', 'VGK', 'EWJ', 'EEM', 'VNQ', 'GLD', 'DBC', 'HYG', 'LQD', 'TLT', 'IEF', 'SHY', 'VWO', 'BND']","[203.87, 111.86, 112.62, 49.88, 48.48, 32.19, 79.73, 101.46, 13.36, 80.58, 114.01, 120.58, 105.59, 84.36, 32.71, 80.76]","[205.22, 108.76, 118.87, 53.09, 49.82, 36.85, 78.51, 108.69, 16.04, 86.8, 116.95, 122.91, 106.75, 84.79, 37.55, 81.89]","[-0.05, 0.34, -0.78, -0.5, -0.04, -1.27, 0.38, -0.55, -1.97, -0.78, -0.35, -0.18, -0.16, -0.07, -1.1, -0.17]",[],10000,"['VNQ', 'QQQ', 'EWJ', 'SPY', 'TLT']","[2000, 2000, 2000, 2000, 2000]",0
2016-01-29,"['SPY', 'QQQ', 'IWM', 'VGK', 'EWJ', 'EEM', 'VNQ', 'GLD', 'DBC', 'HYG', 'LQD', 'TLT', 'IEF', 'SHY', 'VWO', 'BND']","[193.72, 104.13, 102.96, 47.11, 46.0, 30.57, 76.99, 106.95, 12.78, 79.29, 114.15, 127.3, 109.11, 84.91, 30.83, 81.73]","[203.95, 108.61, 116.73, 52.38, 49.41, 35.9, 77.78, 108.02, 15.61, 85.67, 116.19, 122.57, 106.83, 84.79, 36.55, 81.73]","[-1.06, -1.26, -1.9, -1.46, -1.1, -1.66, -0.72, 0.47, -1.81, -0.8, -0.19, 0.82, 0.52, 0.08, -1.77, 0.11]","[1931, 1861, 1897, 1900, 2111]",9700,"['TLT', 'GLD', 'LQD', 'VNQ', 'HYG', 'BND']","[970, 970, 970, 970, 970, 4850]",0.5
2016-02-29,"['SPY', 'QQQ', 'IWM', 'VGK', 'EWJ', 'EEM', 'VNQ', 'GLD', 'DBC', 'HYG', 'LQD', 'TLT', 'IEF', 'SHY', 'VWO', 'BND']","[193.56, 102.5, 102.73, 45.59, 43.56, 30.32, 76.71, 118.64, 12.75, 80.08, 115.01, 130.98, 110.57, 84.96, 30.73, 82.25]","[202.46, 108.1, 114.89, 51.29, 48.62, 34.64, 77.51, 108.53, 15.06, 84.58, 115.7, 123.07, 107.13, 84.8, 35.23, 81.66]","[-0.42, -0.67, -0.96, -1.25, -1.44, -1.0, -0.19, 2.17, -1.11, -0.29, 0.0, 0.83, 0.43, 0.03, -0.91, 0.14]","[998, 1076, 977, 966, 979, 4880]",9876,"['GLD', 'TLT', 'LQD', 'VNQ', 'HYG', 'BND']","[987, 987, 987, 987, 987, 4938]",0.5
2016-03-31,"['SPY', 'QQQ', 'IWM', 'VGK', 'EWJ', 'EEM', 'VNQ', 'GLD', 'DBC', 'HYG', 'LQD', 'TLT', 'IEF', 'SHY', 'VWO', 'BND']","[205.52, 109.2, 110.63, 48.52, 45.64, 34.25, 83.8, 117.64, 13.29, 81.69, 118.82, 130.61, 110.34, 85.03, 34.58, 82.81]","[201.89, 108.01, 113.56, 50.47, 47.96, 33.95, 77.98, 108.89, 14.61, 83.66, 115.75, 123.86, 107.47, 84.82, 34.46, 81.71]","[0.91, 0.86, 0.77, 0.52, 0.25, 1.76, 1.52, 0.78, 0.02, 0.16, 0.6, 0.41, 0.23, 0.04, 1.67, 0.19]","[978, 984, 1019, 1078, 1006, 4971]",10036,['VWO'],[10036],1
2016-04-29,"['SPY', 'QQQ', 'IWM', 'VGK', 'EWJ', 'EEM', 'VNQ', 'GLD', 'DBC', 'HYG', 'LQD', 'TLT', 'IEF', 'SHY', 'VWO', 'BND']","[206.33, 105.72, 112.48, 49.86, 45.68, 34.39, 81.83, 123.65, 14.58, 83.85, 120.33, 129.38, 110.0, 85.01, 34.93, 82.97]","[201.94, 107.88, 112.32, 50.06, 47.41, 33.43, 78.69, 110.02, 14.27, 83.16, 116.22, 125.06, 107.97, 84.83, 33.86, 81.88]","[0.28, -0.47, 0.45, 0.35, -0.28, 0.32, 0.05, 1.58, 1.44, 0.43, 0.44, 0.1, 0.07, 0.0, 0.46, 0.11]",[10137],10137,['VWO'],[10137],1
2016-05-31,"['SPY', 'QQQ', 'IWM', 'VGK', 'EWJ', 'EEM', 'VNQ', 'GLD', 'DBC', 'HYG', 'LQD', 'TLT', 'IEF', 'SHY', 'VWO', 'BND']","[209.84, 110.34, 115.0, 49.61, 47.16, 33.12, 83.67, 116.06, 14.71, 83.61, 119.39, 130.16, 109.73, 84.86, 33.8, 82.8]","[201.88, 107.72, 111.53, 49.48, 46.95, 33.03, 79.16, 111.13, 14.17, 82.73, 116.52, 125.82, 108.3, 84.83, 33.41, 81.98]","[0.54, 0.77, 0.61, 0.1, 0.52, -0.31, 0.8, -0.53, 0.62, 0.08, 0.13, 0.24, 0.03, -0.01, -0.2, 0.06]",[9809],9809,"['VNQ', 'QQQ', 'DBC', 'IWM', 'SPY', 'BND']","[980, 980, 980, 980, 980, 4905]",0.5
2016-06-30,"['SPY', 'QQQ', 'IWM', 'VGK', 'EWJ', 'EEM', 'VNQ', 'GLD', 'DBC', 'HYG', 'LQD', 'TLT', 'IEF', 'SHY', 'VWO', 'BND']","[209.48, 107.54, 114.98, 46.66, 46.0, 34.36, 88.67, 126.47, 15.35, 84.7, 122.74, 138.9, 112.95, 85.32, 35.23, 84.3]","[203.06, 108.04, 111.5, 48.99, 46.7, 33.08, 80.62, 112.89, 14.14, 82.57, 117.29, 127.57, 108.96, 84.88, 33.48, 82.26]","[0.14, -0.44, 0.12, -1.13, -0.47, 0.46, 1.36, 2.0, 1.29, 0.36, 0.68, 1.54, 0.66, 0.11, 0.6, 0.42]","[1038, 955, 1022, 979, 978, 4993]",9965,['VWO'],[9965],1
2016-07-29,"['SPY', 'QQQ', 'IWM', 'VGK', 'EWJ', 'EEM', 'VNQ', 'GLD', 'DBC', 'HYG', 'LQD', 'TLT', 'IEF', 'SHY', 'VWO', 'BND']","[217.12, 115.23, 121.07, 48.28, 48.24, 36.21, 92.45, 128.98, 14.28, 85.41, 123.99, 141.56, 113.07, 85.23, 37.04, 84.64]","[205.61, 109.39, 112.69, 48.9, 46.96, 33.43, 82.31, 115.11, 14.05, 82.78, 118.08, 129.37, 109.48, 84.91, 33.87, 82.54]","[0.92, 1.46, 1.28, 0.21, 0.83, 1.21, 1.6, 1.05, -0.78, 0.29, 0.48, 0.99, 0.25, 0.01, 1.23, 0.23]",[10476],10476,['VWO'],[10476],1
2016-08-31,"['SPY', 'QQQ', 'IWM', 'VGK', 'EWJ', 'EEM', 'VNQ', 'GLD', 'DBC', 'HYG', 'LQD', 'TLT', 'IEF', 'SHY', 'VWO', 'BND']","[217.38, 116.44, 123.23, 48.61, 49.12, 36.53, 88.97, 124.78, 14.39, 86.7, 123.89, 139.87, 111.77, 84.98, 37.33, 84.21]","[206.55, 109.7, 113.48, 48.56, 46.94, 33.59, 83.22, 116.65, 13.97, 82.9, 118.82, 131.08, 109.95, 84.92, 34.12, 82.78]","[0.5, 0.74, 0.97, 0.07, 0.66, 1.01, 0.32, 0.16, 0.18, 0.51, 0.37, 0.45, 0.0, -0.03, 1.02, 0.09]",[10558],10558,['VWO'],[10558],1
2016-09-30,"['SPY', 'QQQ', 'IWM', 'VGK', 'EWJ', 'EEM', 'VNQ', 'GLD', 'DBC', 'HYG', 'LQD', 'TLT', 'IEF', 'SHY', 'VWO', 'BND']","[216.3, 118.72, 124.21, 48.73, 50.16, 37.45, 86.74, 125.64, 15.01, 87.26, 123.18, 137.51, 111.88, 85.04, 37.63, 84.14]","[207.31, 110.17, 113.99, 48.29, 47.0, 33.94, 83.96, 119.03, 14.05, 83.32, 119.55, 132.68, 110.5, 84.97, 34.48, 83.06]","[0.3, 0.99, 0.81, 0.21, 0.91, 0.99, -0.17, 0.37, 0.68, 0.39, 0.07, -0.02, 0.04, 0.0, 0.69, 0.04]",[10642],10642,['VWO'],[10642],1
2016-10-31,"['SPY', 'QQQ', 'IWM', 'VGK', 'EWJ', 'EEM', 'VNQ', 'GLD', 'DBC', 'HYG', 'LQD', 'TLT', 'IEF', 'SHY', 'VWO', 'BND']","[212.55, 116.99, 118.5, 47.01, 50.52, 37.14, 81.76, 121.94, 14.96, 86.02, 120.98, 131.25, 110.06, 84.95, 37.75, 83.19]","[208.18, 110.68, 114.58, 48.0, 47.21, 34.43, 84.16, 121.07, 14.21, 83.86, 120.25, 133.75, 110.95, 85.03, 34.99, 83.3]","[-0.21, 0.13, -0.49, -0.74, 0.52, 0.23, -1.13, -0.48, 0.18, -0.08, -0.26, -0.74, -0.28, -0.02, 0.36, -0.18]",[10675],10675,"['EWJ', 'EEM', 'DBC', 'QQQ', 'HYG', 'VWO']","[1067, 1067, 1067, 1067, 1067, 5338]",0.5
2016-11-30,"['SPY', 'QQQ', 'IWM', 'VGK', 'EWJ', 'EEM', 'VNQ', 'GLD', 'DBC', 'HYG', 'LQD', 'TLT', 'IEF', 'SHY', 'VWO', 'BND']","[220.38, 117.5, 131.61, 45.91, 49.89, 35.5, 80.39, 111.75, 15.21, 85.65, 116.84, 120.24, 105.26, 84.5, 36.22, 80.89]","[210.85, 112.02, 117.44, 47.88, 47.6, 34.93, 84.5, 121.55, 14.45, 84.5, 120.52, 133.05, 110.56, 84.99, 35.52, 83.22]","[0.66, 0.25, 2.0, -0.76, 0.04, -0.46, -0.66, -1.39, 0.57, -0.02, -0.67, -1.73, -0.84, -0.09, -0.41, -0.55]","[1053, 1019, 1084, 1071, 1062, 5121]",10410,"['IWM', 'SPY', 'DBC', 'QQQ', 'EWJ']","[2082, 2082, 2082, 2082, 2082]",0
2016-12-30,"['SPY', 'QQQ', 'IWM', 'VGK', 'EWJ', 'EEM', 'VNQ', 'GLD', 'DBC', 'HYG', 'LQD', 'TLT', 'IEF', 'SHY', 'VWO', 'BND']","[223.53, 118.48, 134.85, 47.94, 48.86, 35.01, 82.53, 109.61, 15.84, 86.55, 117.18, 119.13, 104.82, 84.45, 35.78, 80.79]","[213.84, 113.62, 120.66, 48.11, 48.13, 35.4, 85.08, 120.65, 14.76, 85.14, 120.73, 131.86, 109.99, 84.94, 36.03, 83.07]","[0.53, 0.35, 1.19, 0.48, -0.22, -0.3, 0.03, -0.93, 0.97, 0.21, -0.22, -0.93, -0.45, -0.06, -0.23, -0.25]","[2133, 2111, 2168, 2099, 2039]",10550,"['IWM', 'DBC', 'SPY', 'VGK', 'QQQ']","[2110, 2110, 2110, 2110, 2110]",0
2017-01-31,"['SPY', 'QQQ', 'IWM', 'VGK', 'EWJ', 'EEM', 'VNQ', 'GLD', 'DBC', 'HYG', 'LQD', 'TLT', 'IEF', 'SHY', 'VWO', 'BND']","[227.53, 124.57, 135.23, 49.36, 50.57, 37.34, 82.37, 115.55, 15.75, 87.34, 117.35, 120.1, 105.05, 84.54, 37.84, 80.94]","[216.04, 115.15, 123.12, 48.2, 48.62, 35.7, 84.94, 120.44, 15.01, 85.71, 120.59, 130.81, 109.46, 84.89, 36.36, 82.89]","[0.76, 1.24, 1.13, 0.65, 0.62, 1.1, -0.14, 0.31, 0.58, 0.32, -0.18, -0.6, -0.33, -0.03, 0.97, -0.19]","[2115, 2098, 2147, 2172, 2218]",10750,"['QQQ', 'IWM', 'EEM', 'SPY', 'VGK', 'VWO']","[1075, 1075, 1075, 1075, 1075, 5375]",0.5
2017-02-28,"['SPY', 'QQQ', 'IWM', 'VGK', 'EWJ', 'EEM', 'VNQ', 'GLD', 'DBC', 'HYG', 'LQD', 'TLT', 'IEF', 'SHY', 'VWO', 'BND']","[236.47, 130.02, 137.84, 49.65, 51.23, 37.99, 85.26, 119.23, 15.72, 88.29, 118.58, 121.74, 105.65, 84.52, 38.69, 81.27]","[219.06, 117.58, 125.65, 48.18, 49.17, 36.06, 85.28, 120.0, 15.12, 86.15, 120.41, 130.05, 109.02, 84.84, 36.73, 82.72]","[1.16, 1.46, 1.0, 0.53, 0.54, 0.82, 0.69, 0.56, 0.52, 0.39, 0.13, -0.12, -0.07, -0.02, 0.87, -0.01]","[1122, 1095, 1093, 1117, 1081, 5495]",11003,"['QQQ', 'SPY', 'IWM', 'EEM', 'VNQ', 'VWO']","[1100, 1100, 1100, 1100, 1100, 5502]",0.5
2017-03-31,"['SPY', 'QQQ', 'IWM', 'VGK', 'EWJ', 'EEM', 'VNQ', 'GLD', 'DBC', 'HYG', 'LQD', 'TLT', 'IEF', 'SHY', 'VWO', 'BND']","[235.74, 132.38, 137.48, 51.57, 51.5, 39.39, 82.59, 118.72, 15.21, 87.78, 117.91, 120.71, 105.59, 84.52, 39.72, 81.08]","[221.65, 119.79, 127.9, 48.37, 49.61, 36.69, 85.17, 120.27, 15.17, 86.57, 120.26, 129.1, 108.61, 84.8, 37.32, 82.55]","[0.51, 1.13, 0.5, 0.94, 0.46, 1.19, -0.49, 0.18, -0.38, 0.07, -0.15, -0.37, -0.13, -0.02, 1.02, -0.11]","[1119, 1096, 1097, 1140, 1065, 5648]",11165,"['EEM', 'QQQ', 'VGK', 'SPY', 'IWM', 'VWO']","[1116, 1116, 1116, 1116, 1116, 5583]",0.5
2017-04-28,"['SPY', 'QQQ', 'IWM', 'VGK', 'EWJ', 'EEM', 'VNQ', 'GLD', 'DBC', 'HYG', 'LQD', 'TLT', 'IEF', 'SHY', 'VWO', 'BND']","[238.08, 135.99, 139.06, 53.58, 51.86, 40.06, 82.79, 120.77, 14.8, 88.12, 118.99, 122.35, 106.6, 84.62, 40.34, 81.55]","[224.51, 122.63, 130.31, 49.06, 50.2, 37.26, 84.58, 119.7, 15.12, 86.91, 119.89, 127.45, 107.97, 84.73, 37.83, 82.27]","[0.7, 1.31, 0.84, 1.16, 0.37, 0.81, 0.09, 0.35, -0.56, 0.19, 0.13, 0.04, 0.08, 0.0, 0.74, 0.04]","[1134, 1146, 1159, 1127, 1128, 5670]",11364,['VWO'],[11364],1
2017-05-31,"['SPY', 'QQQ', 'IWM', 'VGK', 'EWJ', 'EEM', 'VNQ', 'GLD', 'DBC', 'HYG', 'LQD', 'TLT', 'IEF', 'SHY', 'VWO', 'BND']","[241.44, 141.29, 136.32, 56.21, 53.29, 41.2, 82.19, 120.62, 14.59, 88.65, 120.25, 124.4, 107.32, 84.62, 40.74, 81.96]","[226.94, 125.24, 131.83, 49.86, 50.7, 37.76, 83.56, 118.86, 15.15, 87.24, 119.52, 125.73, 107.4, 84.67, 38.2, 82.0]","[0.59, 1.5, -0.02, 1.7, 0.76, 1.24, -0.21, 0.24, -0.55, 0.22, 0.26, 0.32, 0.16, 0.0, 0.79, 0.11]",[11476],11476,['VWO'],[11476],1
2017-06-30,"['SPY', 'QQQ', 'IWM', 'VGK', 'EWJ', 'EEM', 'VNQ', 'GLD', 'DBC', 'HYG', 'LQD', 'TLT', 'IEF', 'SHY', 'VWO', 'BND']","[241.8, 137.64, 140.92, 55.14, 53.65, 41.39, 83.23, 118.02, 14.45, 88.39, 120.51, 125.12, 106.61, 84.49, 40.83, 81.83]","[229.38, 127.36, 133.6, 50.51, 51.15, 38.25, 82.99, 118.19, 15.15, 87.41, 119.18, 124.25, 106.88, 84.62, 38.55, 81.76]","[0.43, 0.45, 0.82, 0.53, 0.62, 0.82, 0.14, -0.2, -0.56, 0.07, 0.16, 0.22, -0.07, -0.03, 0.58, 0.02]",[11501],11501,['VWO'],[11501],1
2017-07-31,"['SPY', 'QQQ', 'IWM', 'VGK', 'EWJ', 'EEM', 'VNQ', 'GLD', 'DBC', 'HYG', 'LQD', 'TLT', 'IEF', 'SHY', 'VWO', 'BND']","[246.77, 143.23, 141.51, 56.7, 54.76, 43.8, 84.26, 120.75, 15.04, 88.91, 121.11, 124.04, 106.85, 84.58, 43.01, 81.99]","[232.43, 129.81, 135.33, 51.31, 51.61, 38.88, 82.74, 117.7, 15.16, 87.57, 118.97, 122.91, 106.38, 84.58, 39.09, 81.55]","[0.71, 1.24, 0.38, 1.04, 0.78, 1.63, 0.18, 0.31, 0.51, 0.19, 0.17, -0.09, 0.01, 0.0, 1.33, 0.04]",[12115],12115,['VWO'],[12115],1
2017-08-31,"['SPY', 'QQQ', 'IWM', 'VGK', 'EWJ', 'EEM', 'VNQ', 'GLD', 'DBC', 'HYG', 'LQD', 'TLT', 'IEF', 'SHY', 'VWO', 'BND']","[247.49, 146.2, 139.73, 56.74, 54.71, 44.83, 84.04, 125.82, 15.1, 88.6, 121.61, 127.99, 108.24, 84.68, 44.3, 82.52]","[235.92, 132.73, 137.45, 52.28, 52.03, 39.65, 82.97, 118.08, 15.17, 87.83, 119.03, 122.58, 106.2, 84.55, 39.75, 81.48]","[0.37, 0.9, 0.11, 0.51, 0.35, 1.22, -0.03, 0.79, 0.16, -0.01, 0.13, 0.52, 0.21, 0.01, 1.19, 0.12]",[12478],12478,['VWO'],[12478],1
2017-09-29,"['SPY', 'QQQ', 'IWM', 'VGK', 'EWJ', 'EEM', 'VNQ', 'GLD', 'DBC', 'HYG', 'LQD', 'TLT', 'IEF', 'SHY', 'VWO', 'BND']","[251.23, 145.45, 148.18, 58.33, 55.71, 44.81, 83.09, 121.58, 15.4, 88.76, 121.23, 124.76, 106.52, 84.45, 43.57, 81.96]","[239.01, 135.53, 139.11, 53.52, 52.61, 40.58, 83.24, 119.07, 15.19, 88.14, 119.47, 123.03, 106.32, 84.55, 40.48, 81.59]","[0.63, 0.6, 1.29, 1.03, 0.64, 0.8, -0.18, -0.26, 0.55, 0.08, 0.02, -0.33, -0.22, -0.04, 0.42, -0.08]",[12272],12272,"['IWM', 'VGK', 'EEM', 'EWJ', 'SPY', 'VWO']","[1227, 1227, 1227, 1227, 1227, 6136]",0.5
2017-10-31,"['SPY', 'QQQ', 'IWM', 'VGK', 'EWJ', 'EEM', 'VNQ', 'GLD', 'DBC', 'HYG', 'LQD', 'TLT', 'IEF', 'SHY', 'VWO', 'BND']","[257.15, 152.15, 149.26, 58.6, 58.65, 46.28, 82.2, 120.67, 16.01, 88.47, 121.14, 124.46, 106.16, 84.3, 44.63, 81.77]","[242.37, 138.89, 140.55, 54.59, 53.59, 41.71, 83.2, 120.17, 15.21, 88.33, 119.87, 123.57, 106.46, 84.53, 41.37, 81.69]","[0.82, 1.34, 0.72, 0.63, 1.33, 1.18, -0.23, -0.1, 0.97, -0.02, 0.03, -0.04, -0.12, -0.05, 0.83, -0.05]","[1235, 1232, 1267, 1291, 1255, 6285]",12565,"['QQQ', 'EWJ', 'EEM', 'DBC', 'SPY', 'VWO']","[1256, 1256, 1256, 1256, 1256, 6283]",0.5
2017-11-30,"['SPY', 'QQQ', 'IWM', 'VGK', 'EWJ', 'EEM', 'VNQ', 'GLD', 'DBC', 'HYG', 'LQD', 'TLT', 'IEF', 'SHY', 'VWO', 'BND']","[265.01, 155.15, 153.65, 58.57, 59.91, 46.1, 84.39, 121.1, 16.16, 87.78, 120.67, 125.12, 105.7, 84.04, 44.48, 81.51]","[246.12, 141.95, 142.39, 55.51, 54.53, 42.59, 83.4, 120.73, 15.25, 88.38, 120.2, 124.07, 106.52, 84.48, 42.03, 81.74]","[1.05, 1.0, 1.17, 0.48, 1.09, 0.6, 0.44, -0.02, 0.67, -0.13, -0.04, 0.02, -0.17, -0.09, 0.39, -0.09]","[1280, 1282, 1251, 1267, 1294, 6261]",12635,"['IWM', 'EWJ', 'SPY', 'QQQ', 'DBC', 'VWO']","[1263, 1263, 1263, 1263, 1263, 6318]",0.5
2017-12-29,"['SPY', 'QQQ', 'IWM', 'VGK', 'EWJ', 'EEM', 'VNQ', 'GLD', 'DBC', 'HYG', 'LQD', 'TLT', 'IEF', 'SHY', 'VWO', 'BND']","[266.86, 155.76, 152.46, 59.15, 59.93, 47.12, 82.98, 123.65, 16.61, 87.26, 121.56, 126.86, 105.57, 83.85, 45.91, 81.57]","[249.16, 144.52, 143.86, 56.46, 55.4, 43.5, 83.18, 121.17, 15.34, 88.27, 120.5, 124.58, 106.52, 84.42, 42.75, 81.77]","[0.73, 0.9, 0.32, 0.56, 0.76, 1.11, -0.21, 0.55, 0.99, -0.16, 0.16, 0.33, -0.06, -0.09, 1.13, -0.01]","[1253, 1263, 1271, 1267, 1298, 6521]",12873,"['EEM', 'DBC', 'QQQ', 'EWJ', 'SPY', 'VWO']","[1287, 1287, 1287, 1287, 1287, 6437]",0.5
2018-01-31,"['SPY', 'QQQ', 'IWM', 'VGK', 'EWJ', 'EEM', 'VNQ', 'GLD', 'DBC', 'HYG', 'LQD', 'TLT', 'IEF', 'SHY', 'VWO', 'BND']","[281.9, 169.4, 156.36, 62.48, 62.94, 51.03, 79.45, 127.65, 17.1, 87.3, 120.07, 122.73, 103.3, 83.61, 49.84, 80.56]","[253.77, 148.23, 145.74, 57.55, 56.54, 44.66, 82.86, 122.06, 15.53, 88.22, 120.71, 124.78, 106.29, 84.32, 43.77, 81.72]","[1.58, 2.23, 0.87, 1.41, 1.43, 2.11, -0.79, 0.83, 0.98, -0.08, -0.19, -0.45, -0.46, -0.09, 2.14, -0.24]","[1393, 1324, 1399, 1351, 1359, 6988]",13814,"['QQQ', 'EEM', 'SPY', 'EWJ', 'VGK', 'VWO']","[1381, 1381, 1381, 1381, 1381, 6907]",0.5
2018-02-28,"['SPY', 'QQQ', 'IWM', 'VGK', 'EWJ', 'EEM', 'VNQ', 'GLD', 'DBC', 'HYG', 'LQD', 'TLT', 'IEF', 'SHY', 'VWO', 'BND']","[271.65, 167.21, 150.35, 58.64, 61.07, 48.02, 73.35, 125.0, 16.6, 86.18, 117.07, 118.75, 102.17, 83.44, 47.17, 79.55]","[257.13, 151.35, 146.87, 58.06, 57.46, 45.46, 81.92, 122.49, 15.71, 88.03, 120.52, 124.42, 105.84, 84.21, 44.45, 81.52]","[0.01, 0.73, -0.31, -0.49, 0.14, -0.14, -1.83, -0.08, 0.02, -0.29, -0.5, -0.75, -0.4, -0.09, -0.05, -0.34]","[1363, 1299, 1330, 1339, 1296, 6536]",13163,"['QQQ', 'EWJ', 'DBC', 'SPY', 'GLD']","[2632, 2632, 2632, 2632, 2632]",0
2018-03-29,"['SPY', 'QQQ', 'IWM', 'VGK', 'EWJ', 'EEM', 'VNQ', 'GLD', 'DBC', 'HYG', 'LQD', 'TLT', 'IEF', 'SHY', 'VWO', 'BND']","[263.15, 160.13, 151.83, 58.15, 60.68, 48.28, 75.47, 125.79, 16.98, 85.64, 117.39, 121.9, 103.19, 83.56, 46.98, 79.93]","[259.3, 153.23, 148.42, 58.25, 58.2, 46.17, 81.25, 123.0, 15.95, 87.73, 120.24, 124.17, 105.43, 84.1, 45.07, 81.32]","[-0.23, 0.01, 0.25, -0.05, 0.33, 0.54, -0.28, 0.28, 0.69, -0.24, -0.17, 0.12, -0.05, -0.02, 0.38, -0.08]","[2520, 2615, 2692, 2549, 2648]",13024,"['DBC', 'EEM', 'EWJ', 'GLD', 'IWM', 'VWO']","[1302, 1302, 1302, 1302, 1302, 6512]",0.5
2018-04-30,"['SPY', 'QQQ', 'IWM', 'VGK', 'EWJ', 'EEM', 'VNQ', 'GLD', 'DBC', 'HYG', 'LQD', 'TLT', 'IEF', 'SHY', 'VWO', 'BND']","[264.51, 160.94, 153.32, 59.4, 60.64, 46.92, 76.09, 124.59, 17.56, 85.7, 115.22, 119.1, 101.7, 83.27, 45.68, 79.05]","[261.57, 155.56, 149.66, 58.68, 58.9, 46.72, 80.53, 123.66, 16.26, 87.46, 119.71, 123.57, 104.94, 83.98, 45.56, 81.04]","[-0.02, 0.16, 0.19, 0.2, 0.08, -0.46, -0.3, -0.12, 0.9, -0.15, -0.51, -0.52, -0.36, -0.1, -0.48, -0.3]","[1346, 1265, 1301, 1289, 1314, 6331]",12846,"['DBC', 'VGK', 'IWM', 'QQQ', 'EWJ']","[2569, 2569, 2569, 2569, 2569]",0
2018-05-31,"['SPY', 'QQQ', 'IWM', 'VGK', 'EWJ', 'EEM', 'VNQ', 'GLD', 'DBC', 'HYG', 'LQD', 'TLT', 'IEF', 'SHY', 'VWO', 'BND']","[270.94, 170.07, 162.77, 57.96, 59.74, 45.69, 78.89, 123.1, 18.03, 85.38, 115.49, 121.22, 102.51, 83.46, 44.61, 79.41]","[263.99, 158.25, 151.79, 58.8, 59.4, 46.91, 79.99, 123.89, 16.56, 87.11, 119.14, 123.29, 104.51, 83.87, 45.72, 80.78]","[0.44, 1.14, 1.38, -0.33, -0.16, -0.41, 0.57, -0.15, 1.13, -0.17, -0.15, 0.2, 0.01, 0.01, -0.4, -0.04]","[2637, 2506, 2727, 2714, 2530]",13114,"['IWM', 'QQQ', 'DBC', 'VNQ', 'SPY']","[2622, 2622, 2622, 2622, 2622]",0
2018-06-29,"['SPY', 'QQQ', 'IWM', 'VGK', 'EWJ', 'EEM', 'VNQ', 'GLD', 'DBC', 'HYG', 'LQD', 'TLT', 'IEF', 'SHY', 'VWO', 'BND']","[271.28, 171.65, 163.77, 56.13, 57.91, 43.33, 81.45, 118.65, 17.68, 85.08, 114.57, 121.72, 102.51, 83.37, 42.2, 79.19]","[266.37, 160.79, 154.2, 58.74, 59.72, 46.76, 79.74, 123.18, 16.81, 86.76, 118.44, 122.66, 103.93, 83.73, 45.51, 80.45]","[0.29, 0.85, 0.69, -0.6, -0.54, -1.14, 0.65, -0.73, 0.28, -0.16, -0.37, -0.07, -0.13, -0.04, -1.19, -0.16]","[2638, 2646, 2571, 2707, 2625]",13187,"['QQQ', 'IWM', 'VNQ', 'SPY', 'DBC']","[2637, 2637, 2637, 2637, 2637]",0
2018-07-31,"['SPY', 'QQQ', 'IWM', 'VGK', 'EWJ', 'EEM', 'VNQ', 'GLD', 'DBC', 'HYG', 'LQD', 'TLT', 'IEF', 'SHY', 'VWO', 'BND']","[281.33, 176.45, 165.87, 58.04, 58.53, 44.86, 81.94, 115.99, 17.25, 86.12, 115.76, 119.7, 101.78, 83.19, 43.88, 78.98]","[269.38, 163.89, 155.96, 58.71, 60.0, 46.76, 79.62, 122.62, 17.0, 86.49, 117.89, 122.16, 103.46, 83.61, 45.54, 80.15]","[0.83, 1.04, 0.77, 0.2, -0.08, 0.02, 0.41, -0.77, -0.19, 0.11, 0.03, -0.26, -0.17, -0.06, 0.1, -0.11]","[2710, 2670, 2652, 2734, 2572]",13338,"['QQQ', 'SPY', 'IWM', 'VNQ', 'VGK', 'VWO']","[1333, 1333, 1333, 1333, 1333, 6669]",0.5
2018-08-31,"['SPY', 'QQQ', 'IWM', 'VGK', 'EWJ', 'EEM', 'VNQ', 'GLD', 'DBC', 'HYG', 'LQD', 'TLT', 'IEF', 'SHY', 'VWO', 'BND']","[290.31, 186.65, 173.02, 56.4, 58.22, 43.17, 84.05, 113.51, 17.38, 86.36, 115.44, 121.0, 102.61, 83.34, 42.04, 79.32]","[272.69, 167.34, 158.34, 58.49, 59.96, 46.45, 79.81, 121.9, 17.14, 86.28, 117.32, 121.81, 103.1, 83.51, 45.28, 79.91]","[0.98, 1.59, 1.31, -0.54, -0.19, -0.91, 0.86, -0.85, 0.19, 0.05, -0.11, 0.11, 0.06, -0.01, -1.0, 0.0]","[1410, 1375, 1390, 1367, 1295, 6389]",13226,"['QQQ', 'IWM', 'SPY', 'VNQ', 'DBC']","[2645, 2645, 2645, 2645, 2645]",0
2018-09-28,"['SPY', 'QQQ', 'IWM', 'VGK', 'EWJ', 'EEM', 'VNQ', 'GLD', 'DBC', 'HYG', 'LQD', 'TLT', 'IEF', 'SHY', 'VWO', 'BND']","[290.72, 185.79, 168.55, 56.22, 60.23, 42.92, 80.68, 112.76, 17.97, 86.44, 114.93, 117.27, 101.17, 83.09, 41.0, 78.7]","[275.26, 170.4, 159.83, 58.26, 59.99, 46.13, 79.43, 121.07, 17.32, 86.15, 116.75, 121.03, 102.65, 83.42, 44.93, 79.63]","[0.68, 0.87, 0.17, -0.14, 0.64, -0.37, -0.41, -0.56, 0.77, 0.06, -0.13, -0.66, -0.31, -0.08, -0.72, -0.18]","[2632, 2576, 2648, 2538, 2734]",13128,"['QQQ', 'DBC', 'SPY', 'EWJ', 'IWM']","[2625, 2625, 2625, 2625, 2625]",0
2018-10-31,"['SPY', 'QQQ', 'IWM', 'VGK', 'EWJ', 'EEM', 'VNQ', 'GLD', 'DBC', 'HYG', 'LQD', 'TLT', 'IEF', 'SHY', 'VWO', 'BND']","[270.63, 169.82, 150.03, 51.78, 54.84, 39.16, 78.32, 115.15, 16.96, 84.35, 112.23, 113.58, 100.66, 83.08, 37.86, 77.84]","[275.64, 171.81, 159.59, 57.52, 59.48, 45.34, 78.97, 120.22, 17.35, 85.86, 115.82, 119.7, 102.16, 83.34, 44.13, 79.25]","[-0.88, -0.95, -1.73, -1.76, -1.57, -2.04, -0.52, 0.02, -0.75, -0.45, -0.52, -0.76, -0.17, -0.02, -1.96, -0.27]","[2399, 2477, 2443, 2390, 2336]",12045,"['GLD', 'HYG', 'VNQ', 'LQD', 'DBC']","[2409, 2409, 2409, 2409, 2409]",0
2018-11-30,"['SPY', 'QQQ', 'IWM', 'VGK', 'EWJ', 'EEM', 'VNQ', 'GLD', 'DBC', 'HYG', 'LQD', 'TLT', 'IEF', 'SHY', 'VWO', 'BND']","[275.65, 169.37, 152.62, 51.43, 55.34, 41.08, 81.98, 115.54, 15.29, 83.6, 111.46, 115.33, 101.78, 83.25, 39.69, 78.14]","[275.02, 171.81, 159.21, 56.42, 58.72, 44.34, 79.22, 119.01, 17.17, 85.48, 114.96, 118.96, 102.01, 83.3, 43.11, 79.01]","[0.09, -0.32, -0.39, -0.78, -0.32, 0.09, 0.51, -0.06, -2.01, -0.33, -0.37, -0.19, 0.05, 0.0, 0.03, -0.08]","[2417, 2387, 2521, 2392, 2171]",11888,"['VNQ', 'SPY', 'EEM', 'GLD', 'TLT', 'VWO']","[1188, 1188, 1188, 1188, 1188, 5944]",0.5
2018-12-31,"['SPY', 'QQQ', 'IWM', 'VGK', 'EWJ', 'EEM', 'VNQ', 'GLD', 'DBC', 'HYG', 'LQD', 'TLT', 'IEF', 'SHY', 'VWO', 'BND']","[249.92, 154.26, 133.9, 48.62, 50.69, 39.06, 74.57, 121.25, 14.49, 81.1, 112.82, 121.51, 104.2, 83.62, 38.1, 79.21]","[272.84, 170.51, 157.57, 55.41, 57.68, 43.45, 79.34, 118.63, 16.96, 84.98, 114.53, 119.23, 102.21, 83.32, 42.2, 78.98]","[-1.9, -1.96, -2.77, -1.65, -2.04, -1.32, -1.65, 0.91, -1.89, -0.77, -0.02, 0.74, 0.43, 0.09, -1.12, 0.16]","[1080, 1077, 1129, 1246, 1251, 5705]",11488,"['GLD', 'TLT', 'LQD', 'HYG', 'EEM', 'BND']","[1148, 1148, 1148, 1148, 1148, 5744]",0.5
2019-01-31,"['SPY', 'QQQ', 'IWM', 'VGK', 'EWJ', 'EEM', 'VNQ', 'GLD', 'DBC', 'HYG', 'LQD', 'TLT', 'IEF', 'SHY', 'VWO', 'BND']","[269.93, 168.16, 149.06, 51.87, 54.28, 43.1, 83.41, 124.75, 15.52, 85.11, 116.62, 121.97, 104.88, 83.83, 41.78, 80.09]","[273.52, 171.32, 157.29, 54.79, 57.04, 42.93, 80.14, 118.53, 16.81, 84.92, 114.45, 119.24, 102.38, 83.35, 41.68, 78.99]","[0.83, 0.94, 1.08, 0.43, 0.52, 1.4, 1.77, 0.81, 0.22, 0.58, 0.54, 0.38, 0.33, 0.09, 1.31, 0.27]","[1181, 1152, 1186, 1204, 1266, 5807]",11796,['VWO'],[11796],1
2019-02-28,"['SPY', 'QQQ', 'IWM', 'VGK', 'EWJ', 'EEM', 'VNQ', 'GLD', 'DBC', 'HYG', 'LQD', 'TLT', 'IEF', 'SHY', 'VWO', 'BND']","[278.68, 173.19, 156.78, 53.51, 54.36, 42.44, 83.99, 123.99, 15.96, 85.75, 116.03, 120.02, 104.11, 83.75, 41.62, 79.82]","[274.94, 172.54, 157.64, 54.2, 56.41, 42.48, 80.93, 118.47, 16.65, 84.93, 114.54, 119.33, 102.62, 83.4, 41.28, 79.07]","[0.38, 0.35, 0.58, 0.35, -0.29, -0.2, 0.33, 0.39, 0.32, 0.18, 0.1, -0.04, 0.05, 0.02, 0.0, 0.06]",[11750],11750,"['IWM', 'GLD', 'SPY', 'QQQ', 'VGK', 'BND']","[1175, 1175, 1175, 1175, 1175, 5875]",0.5
2019-03-29,"['SPY', 'QQQ', 'IWM', 'VGK', 'EWJ', 'EEM', 'VNQ', 'GLD', 'DBC', 'HYG', 'LQD', 'TLT', 'IEF', 'SHY', 'VWO', 'BND']","[282.48, 179.66, 153.09, 53.61, 54.72, 42.92, 86.91, 122.01, 15.9, 86.47, 119.06, 126.44, 106.67, 84.12, 42.5, 81.18]","[276.09, 173.5, 156.67, 53.76, 55.91, 42.2, 81.73, 118.36, 16.44, 85.04, 114.89, 119.85, 103.04, 83.46, 41.07, 79.25]","[0.69, 1.16, 0.12, 0.26, 0.12, 0.43, 1.38, -0.03, 0.05, 0.37, 0.61, 1.0, 0.53, 0.1, 0.68, 0.38]","[1147, 1156, 1191, 1218, 1177, 5975]",11864,['VWO'],[11864],1
2019-04-30,"['SPY', 'QQQ', 'IWM', 'VGK', 'EWJ', 'EEM', 'VNQ', 'GLD', 'DBC', 'HYG', 'LQD', 'TLT', 'IEF', 'SHY', 'VWO', 'BND']","[294.02, 189.54, 158.29, 55.71, 55.42, 43.93, 86.77, 121.2, 16.09, 86.94, 119.22, 123.65, 105.9, 84.11, 43.41, 80.96]","[278.37, 175.29, 156.12, 53.72, 55.66, 42.26, 82.26, 118.62, 16.28, 85.22, 115.36, 120.05, 103.38, 83.54, 41.19, 79.42]","[1.13, 1.58, 0.8, 0.86, 0.16, 0.54, 0.5, -0.11, 0.11, 0.23, 0.26, 0.02, 0.09, 0.04, 0.66, 0.11]",[12118],12118,['VWO'],[12118],1
2019-05-31,"['SPY', 'QQQ', 'IWM', 'VGK', 'EWJ', 'EEM', 'VNQ', 'GLD', 'DBC', 'HYG', 'LQD', 'TLT', 'IEF', 'SHY', 'VWO', 'BND']","[275.27, 173.95, 145.86, 52.55, 52.72, 40.71, 86.89, 123.33, 15.13, 84.9, 120.83, 131.83, 108.91, 84.56, 40.64, 82.24]","[277.76, 175.04, 154.12, 53.17, 55.08, 41.85, 82.76, 119.35, 16.07, 85.1, 115.86, 121.26, 104.09, 83.67, 40.86, 79.75]","[-0.8, -0.9, -1.41, -0.8, -0.91, -1.17, 0.38, 0.32, -1.11, -0.3, 0.55, 1.56, 0.72, 0.14, -0.9, 0.45]",[11344],11344,"['TLT', 'LQD', 'VNQ', 'GLD', 'HYG', 'BND']","[1134, 1134, 1134, 1134, 1134, 5672]",0.5
2019-06-28,"['SPY', 'QQQ', 'IWM', 'VGK', 'EWJ', 'EEM', 'VNQ', 'GLD', 'DBC', 'HYG', 'LQD', 'TLT', 'IEF', 'SHY', 'VWO', 'BND']","[293.0, 186.74, 155.5, 54.9, 54.58, 42.91, 87.4, 133.2, 15.73, 87.18, 124.37, 132.81, 110.02, 84.78, 42.53, 83.07]","[278.03, 175.05, 152.37, 53.02, 54.72, 41.82, 83.09, 121.32, 15.9, 85.18, 116.76, 122.44, 104.83, 83.82, 40.91, 80.12]","[1.34, 1.55, 1.12, 0.88, 0.5, 0.84, 0.5, 1.65, 0.5, 0.52, 0.82, 0.57, 0.43, 0.11, 0.8, 0.36]","[1142, 1167, 1140, 1224, 1164, 5729]",11566,['VWO'],[11566],1
2019-07-31,"['SPY', 'QQQ', 'IWM', 'VGK', 'EWJ', 'EEM', 'VNQ', 'GLD', 'DBC', 'HYG', 'LQD', 'TLT', 'IEF', 'SHY', 'VWO', 'BND']","[297.43, 191.1, 156.56, 53.47, 54.35, 41.77, 88.89, 133.21, 15.55, 86.93, 124.33, 132.89, 109.87, 84.57, 41.76, 83.0]","[278.7, 175.58, 151.17, 52.74, 54.13, 41.71, 83.91, 123.36, 15.66, 85.23, 117.7, 124.0, 105.7, 83.97, 40.99, 80.55]","[0.49, 0.66, 0.08, -0.49, -0.2, -0.65, 0.51, 0.69, -0.37, 0.02, 0.37, 0.6, 0.31, 0.03, -0.42, 0.21]",[11356],11356,"['GLD', 'QQQ', 'TLT', 'VNQ', 'SPY', 'BND']","[1135, 1135, 1135, 1135, 1135, 5678]",0.5
2019-08-30,"['SPY', 'QQQ', 'IWM', 'VGK', 'EWJ', 'EEM', 'VNQ', 'GLD', 'DBC', 'HYG', 'LQD', 'TLT', 'IEF', 'SHY', 'VWO', 'BND']","[292.45, 187.47, 148.84, 52.59, 53.92, 40.19, 92.22, 143.75, 14.83, 87.16, 128.8, 147.28, 114.01, 85.08, 40.4, 85.1]","[280.88, 177.34, 151.05, 52.83, 54.04, 41.81, 85.3, 126.22, 15.45, 85.51, 119.35, 127.37, 107.03, 84.17, 41.24, 81.28]","[0.16, 0.24, -0.75, -0.3, -0.09, -0.68, 1.0, 2.2, -0.93, 0.18, 1.03, 2.44, 0.94, 0.14, -0.51, 0.64]","[1224, 1113, 1257, 1177, 1115, 5821]",11707,"['TLT', 'GLD', 'LQD', 'VNQ', 'QQQ', 'BND']","[1170, 1170, 1170, 1170, 1170, 5854]",0.5
2019-09-30,"['SPY', 'QQQ', 'IWM', 'VGK', 'EWJ', 'EEM', 'VNQ', 'GLD', 'DBC', 'HYG', 'LQD', 'TLT', 'IEF', 'SHY', 'VWO', 'BND']","[296.77, 188.81, 151.34, 53.61, 56.74, 40.87, 93.25, 138.87, 15.04, 87.17, 127.48, 143.08, 112.47, 84.82, 40.26, 84.43]","[282.99, 179.29, 150.92, 53.04, 54.18, 41.79, 86.43, 128.56, 15.42, 85.87, 120.96, 130.15, 108.1, 84.32, 41.3, 81.91]","[0.35, 0.25, -0.03, 0.09, 0.8, -0.14, 0.71, 0.27, -0.28, 0.03, 0.23, 0.45, 0.15, 0.0, -0.38, 0.13]","[1136, 1130, 1158, 1183, 1178, 5807]",11592,"['EWJ', 'VNQ', 'TLT', 'SPY', 'GLD', 'BND']","[1159, 1159, 1159, 1159, 1159, 5796]",0.5
2019-10-31,"['SPY', 'QQQ', 'IWM', 'VGK', 'EWJ', 'EEM', 'VNQ', 'GLD', 'DBC', 'HYG', 'LQD', 'TLT', 'IEF', 'SHY', 'VWO', 'BND']","[303.33, 197.08, 155.45, 55.67, 58.68, 42.58, 94.3, 142.43, 15.33, 86.81, 127.71, 141.24, 112.51, 84.95, 41.85, 84.51]","[288.34, 183.57, 153.08, 53.75, 54.98, 42.14, 88.4, 130.67, 15.51, 86.44, 122.45, 132.12, 108.94, 84.46, 41.67, 82.44]","[0.53, 0.9, 0.3, 0.7, 0.92, 0.61, 0.75, 1.18, -0.02, -0.03, 0.41, 0.62, 0.34, 0.08, 0.52, 0.26]","[1198, 1172, 1144, 1184, 1188, 5801]",11687,['VWO'],[11687],1
2019-11-29,"['SPY', 'QQQ', 'IWM', 'VGK', 'EWJ', 'EEM', 'VNQ', 'GLD', 'DBC', 'HYG', 'LQD', 'TLT', 'IEF', 'SHY', 'VWO', 'BND']","[314.31, 205.1, 161.77, 56.39, 59.43, 42.54, 93.07, 137.86, 15.31, 86.94, 127.97, 140.42, 111.57, 84.77, 42.06, 84.29]","[292.77, 187.26, 154.35, 54.2, 55.49, 42.09, 89.37, 131.98, 15.49, 86.63, 123.58, 133.97, 109.6, 84.55, 41.7, 82.86]","[1.15, 1.44, 1.12, 0.7, 0.88, 0.35, 0.16, -0.12, 0.13, 0.1, 0.26, 0.09, -0.04, -0.02, 0.35, 0.06]",[11745],11745,['VWO'],[11745],1
2019-12-31,"['SPY', 'QQQ', 'IWM', 'VGK', 'EWJ', 'EEM', 'VNQ', 'GLD', 'DBC', 'HYG', 'LQD', 'TLT', 'IEF', 'SHY', 'VWO', 'BND']","[321.86, 212.61, 165.67, 58.6, 59.24, 44.87, 92.79, 142.9, 15.95, 87.94, 127.96, 135.48, 110.22, 84.63, 44.47, 83.86]","[297.09, 191.21, 155.24, 54.71, 55.98, 42.33, 90.25, 133.88, 15.49, 86.84, 124.77, 135.51, 110.22, 84.64, 41.99, 83.26]","[1.12, 1.6, 1.04, 1.18, 0.48, 1.29, 0.3, 0.89, 0.87, 0.28, 0.21, -0.48, -0.17, -0.02, 1.37, -0.01]",[12417],12417,"['QQQ', 'EEM', 'VGK', 'SPY', 'IWM', 'VWO']","[1241, 1241, 1241, 1241, 1241, 6209]",0.5
2020-01-31,"['SPY', 'QQQ', 'IWM', 'VGK', 'EWJ', 'EEM', 'VNQ', 'GLD', 'DBC', 'HYG', 'LQD', 'TLT', 'IEF', 'SHY', 'VWO', 'BND']","[321.73, 219.07, 160.53, 56.79, 57.75, 42.11, 93.93, 149.33, 14.58, 87.53, 131.09, 145.9, 114.04, 85.12, 42.01, 85.52]","[301.02, 195.15, 155.98, 55.03, 56.28, 42.25, 90.95, 136.61, 15.35, 86.95, 125.98, 137.46, 110.95, 84.74, 41.94, 83.7]","[0.59, 1.4, -0.11, -0.08, -0.17, -0.78, 0.37, 1.17, -1.41, 0.01, 0.63, 1.45, 0.64, 0.11, -0.62, 0.42]","[1278, 1164, 1202, 1240, 1202, 5865]",11951,"['TLT', 'QQQ', 'GLD', 'LQD', 'SPY', 'BND']","[1195, 1195, 1195, 1195, 1195, 5976]",0.5
2020-02-28,"['SPY', 'QQQ', 'IWM', 'VGK', 'EWJ', 'EEM', 'VNQ', 'GLD', 'DBC', 'HYG', 'LQD', 'TLT', 'IEF', 'SHY', 'VWO', 'BND']","[296.26, 205.8, 146.33, 52.27, 52.96, 40.52, 87.33, 148.38, 13.61, 86.04, 132.18, 155.31, 117.26, 85.73, 40.52, 86.76]","[301.24, 196.77, 154.78, 54.68, 56.04, 41.91, 91.01, 139.33, 15.11, 86.86, 127.27, 140.62, 112.09, 84.9, 41.65, 84.28]","[-1.09, -0.33, -1.54, -1.28, -1.51, -0.67, -1.16, 0.49, -1.55, -0.27, 0.42, 1.59, 0.73, 0.18, -0.6, 0.42]","[1272, 1122, 1187, 1204, 1100, 6062]",11947,"['TLT', 'GLD', 'LQD', 'HYG', 'QQQ', 'BND']","[1194, 1194, 1194, 1194, 1194, 5974]",0.5
2020-03-31,"['SPY', 'QQQ', 'IWM', 'VGK', 'EWJ', 'EEM', 'VNQ', 'GLD', 'DBC', 'HYG', 'LQD', 'TLT', 'IEF', 'SHY', 'VWO', 'BND']","[257.75, 190.4, 114.46, 43.28, 49.39, 34.13, 69.85, 148.05, 11.25, 77.07, 123.51, 164.97, 121.48, 86.67, 33.55, 85.35]","[299.49, 198.42, 151.64, 53.76, 55.7, 41.25, 89.3, 141.8, 14.72, 86.08, 127.54, 143.94, 113.35, 85.11, 40.94, 84.59]","[-2.71, -1.24, -4.59, -3.69, -1.84, -3.38, -4.09, 0.45, -4.05, -2.08, -0.95, 2.23, 1.14, 0.3, -3.58, -0.06]","[1268, 1191, 1115, 1069, 1104, 5876]",11623,"['TLT', 'GLD', 'LQD', 'QQQ', 'EWJ']","[2324, 2324, 2324, 2324, 2324]",0
2020-04-30,"['SPY', 'QQQ', 'IWM', 'VGK', 'EWJ', 'EEM', 'VNQ', 'GLD', 'DBC', 'HYG', 'LQD', 'TLT', 'IEF', 'SHY', 'VWO', 'BND']","[290.48, 218.91, 130.31, 46.07, 51.76, 36.64, 76.11, 158.8, 10.9, 80.43, 129.17, 166.74, 121.67, 86.8, 36.17, 87.51]","[299.24, 201.64, 149.13, 52.87, 55.42, 40.62, 88.17, 144.36, 14.23, 85.4, 128.02, 147.33, 114.51, 85.31, 40.3, 85.03]","[1.04, 2.17, 0.41, -0.5, -0.14, -0.09, -0.19, 1.66, -2.28, -0.02, 0.59, 1.41, 0.6, 0.17, -0.06, 0.54]","[2348, 2492, 2430, 2671, 2435]",12376,"['QQQ', 'GLD', 'TLT', 'SPY', 'LQD', 'BND']","[1237, 1237, 1237, 1237, 1237, 6188]",0.5
2020-05-29,"['SPY', 'QQQ', 'IWM', 'VGK', 'EWJ', 'EEM', 'VNQ', 'GLD', 'DBC', 'HYG', 'LQD', 'TLT', 'IEF', 'SHY', 'VWO', 'BND']","[304.32, 233.36, 138.9, 48.76, 55.41, 37.73, 77.43, 162.91, 11.78, 82.42, 132.02, 163.59, 121.94, 86.66, 37.36, 87.92]","[299.93, 205.86, 147.36, 52.4, 55.53, 40.22, 87.03, 147.33, 13.86, 84.95, 128.79, 150.4, 115.72, 85.52, 39.86, 85.53]","[0.73, 1.95, 0.26, 0.09, 0.95, -0.22, -0.69, 1.38, -0.25, -0.0, 0.41, 0.55, 0.5, 0.08, -0.22, 0.27]","[1318, 1269, 1213, 1295, 1264, 6216]",12575,"['QQQ', 'GLD', 'EWJ', 'SPY', 'TLT', 'BND']","[1257, 1257, 1257, 1257, 1257, 6288]",0.5
2020-06-30,"['SPY', 'QQQ', 'IWM', 'VGK', 'EWJ', 'EEM', 'VNQ', 'GLD', 'DBC', 'HYG', 'LQD', 'TLT', 'IEF', 'SHY', 'VWO', 'BND']","[308.36, 247.6, 143.18, 50.33, 54.92, 39.99, 78.53, 167.37, 12.31, 81.62, 134.5, 163.93, 121.87, 86.61, 39.61, 88.34]","[301.52, 211.87, 146.79, 52.18, 55.63, 40.2, 85.66, 149.69, 13.61, 84.4, 129.36, 152.07, 116.5, 85.68, 39.79, 85.85]","[0.92, 2.59, 1.02, 0.68, 0.2, 1.12, 0.26, 1.45, 0.24, -0.08, 0.77, 0.64, 0.32, 0.06, 1.15, 0.37]","[1333, 1291, 1245, 1273, 1259, 6318]",12719,['VWO'],[12719],1
2020-07-31,"['SPY', 'QQQ', 'IWM', 'VGK', 'EWJ', 'EEM', 'VNQ', 'GLD', 'DBC', 'HYG', 'LQD', 'TLT', 'IEF', 'SHY', 'VWO', 'BND']","[326.52, 265.79, 147.36, 52.17, 54.33, 43.29, 81.39, 185.43, 12.94, 85.39, 138.35, 171.0, 122.8, 86.63, 43.01, 89.46]","[304.49, 219.57, 146.4, 52.03, 55.39, 40.44, 84.47, 154.35, 13.4, 84.22, 130.45, 154.86, 117.54, 85.86, 40.06, 86.35]","[1.34, 2.56, 0.65, 0.79, -0.05, 1.82, 0.37, 2.83, 0.97, 0.73, 0.84, 1.25, 0.4, 0.05, 1.87, 0.41]",[13810],13810,['VWO'],[13810],1
2020-08-31,"['SPY', 'QQQ', 'IWM', 'VGK', 'EWJ', 'EEM', 'VNQ', 'GLD', 'DBC', 'HYG', 'LQD', 'TLT', 'IEF', 'SHY', 'VWO', 'BND']","[349.31, 294.88, 155.43, 54.42, 58.02, 44.54, 81.75, 184.83, 13.54, 85.03, 135.6, 162.19, 121.51, 86.56, 44.19, 88.46]","[309.09, 229.35, 146.39, 51.91, 55.32, 40.64, 83.22, 158.59, 13.22, 84.04, 131.24, 156.95, 118.44, 86.02, 40.29, 86.75]","[1.98, 3.8, 1.3, 1.09, 1.28, 1.38, 0.03, 1.28, 1.06, 0.04, -0.03, -0.46, 0.0, 0.03, 1.33, -0.03]",[14188],14188,"['QQQ', 'SPY', 'EEM', 'IWM', 'EWJ', 'VWO']","[1418, 1418, 1418, 1418, 1418, 7094]",0.5
2020-09-30,"['SPY', 'QQQ', 'IWM', 'VGK', 'EWJ', 'EEM', 'VNQ', 'GLD', 'DBC', 'HYG', 'LQD', 'TLT', 'IEF', 'SHY', 'VWO', 'BND']","[334.89, 277.84, 149.79, 52.43, 59.07, 44.09, 78.96, 177.12, 13.06, 83.9, 134.71, 163.26, 121.82, 86.51, 43.24, 88.22]","[311.15, 236.63, 145.2, 51.51, 55.28, 40.79, 81.81, 162.51, 12.99, 83.74, 131.91, 159.24, 119.46, 86.19, 40.41, 87.14]","[0.57, 1.19, 0.35, 0.13, 0.95, 0.95, -0.28, 0.4, 0.0, 0.09, 0.17, 0.18, 0.12, 0.01, 0.76, 0.07]","[1336, 1359, 1403, 1366, 1443, 6941]",13848,['VWO'],[13848],1
2020-10-30,"['SPY', 'QQQ', 'IWM', 'VGK', 'EWJ', 'EEM', 'VNQ', 'GLD', 'DBC', 'HYG', 'LQD', 'TLT', 'IEF', 'SHY', 'VWO', 'BND']","[326.54, 269.38, 153.09, 49.59, 58.24, 44.71, 76.59, 176.2, 12.65, 83.88, 133.73, 157.57, 120.06, 86.43, 43.81, 87.58]","[311.62, 242.3, 143.94, 50.61, 55.18, 40.78, 80.19, 165.84, 12.66, 83.33, 132.49, 161.45, 120.45, 86.37, 40.35, 87.51]","[0.03, 0.51, 0.75, -0.81, 0.36, 0.79, -0.78, 0.2, -0.32, -0.01, -0.1, -0.72, -0.22, -0.01, 0.7, -0.13]",[14030],14030,"['EEM', 'IWM', 'QQQ', 'EWJ', 'GLD', 'VWO']","[1403, 1403, 1403, 1403, 1403, 7015]",0.5
2020-11-30,"['SPY', 'QQQ', 'IWM', 'VGK', 'EWJ', 'EEM', 'VNQ', 'GLD', 'DBC', 'HYG', 'LQD', 'TLT', 'IEF', 'SHY', 'VWO', 'BND']","[362.06, 299.62, 181.02, 57.72, 64.39, 48.73, 84.0, 166.67, 13.94, 86.32, 138.48, 160.02, 120.39, 86.41, 47.56, 88.49]","[315.65, 250.36, 145.99, 50.7, 55.85, 41.44, 79.19, 167.58, 12.6, 83.21, 133.23, 162.86, 121.08, 86.5, 40.9, 87.81]","[1.99, 2.44, 3.58, 2.6, 2.11, 2.19, 1.34, -0.78, 1.62, 0.49, 0.69, 0.24, 0.04, 0.0, 2.02, 0.18]","[1529, 1658, 1560, 1551, 1327, 7615]",15240,['VWO'],[15240],1
2020-12-31,"['SPY', 'QQQ', 'IWM', 'VGK', 'EWJ', 'EEM', 'VNQ', 'GLD', 'DBC', 'HYG', 'LQD', 'TLT', 'IEF', 'SHY', 'VWO', 'BND']","[373.88, 313.74, 196.06, 60.24, 67.56, 51.67, 84.93, 178.36, 14.7, 87.3, 138.13, 157.73, 119.95, 86.38, 50.11, 88.19]","[323.41, 261.15, 150.96, 51.5, 57.31, 42.55, 78.95, 170.57, 12.71, 83.34, 133.82, 163.1, 121.35, 86.57, 41.86, 87.95]","[1.44, 2.1, 3.16, 1.54, 1.76, 2.14, 0.51, 1.25, 1.46, 0.43, 0.2, -0.23, -0.04, 0.0, 1.94, 0.01]",[16057],16057,['VWO'],[16057],1
2021-01-29,"['SPY', 'QQQ', 'IWM', 'VGK', 'EWJ', 'EEM', 'VNQ', 'GLD', 'DBC', 'HYG', 'LQD', 'TLT', 'IEF', 'SHY', 'VWO', 'BND']","[370.07, 314.56, 205.56, 59.7, 66.99, 53.31, 84.96, 172.61, 15.19, 86.97, 135.6, 152.0, 118.64, 86.4, 51.68, 87.43]","[334.64, 273.57, 160.07, 53.14, 59.07, 44.47, 80.46, 173.03, 13.1, 84.33, 135.03, 161.8, 121.07, 86.54, 43.67, 88.16]","[0.83, 1.51, 3.02, 1.05, 1.13, 1.88, 0.43, -0.45, 1.59, 0.13, -0.17, -0.76, -0.21, 0.01, 1.73, -0.14]",[16560],16560,"['IWM', 'EEM', 'DBC', 'QQQ', 'EWJ', 'VWO']","[1656, 1656, 1656, 1656, 1656, 8280]",0.5
2021-02-26,"['SPY', 'QQQ', 'IWM', 'VGK', 'EWJ', 'EEM', 'VNQ', 'GLD', 'DBC', 'HYG', 'LQD', 'TLT', 'IEF', 'SHY', 'VWO', 'BND']","[380.36, 314.14, 218.31, 61.24, 68.22, 53.73, 87.87, 161.81, 16.73, 86.44, 132.27, 143.12, 115.76, 86.32, 52.49, 85.94]","[343.63, 283.09, 168.87, 54.66, 60.71, 46.18, 81.64, 173.33, 13.68, 84.93, 135.34, 159.44, 120.47, 86.49, 45.31, 88.0]","[0.99, 0.83, 2.86, 0.97, 1.1, 1.24, 0.75, -1.03, 2.72, -0.03, -0.52, -1.44, -0.54, -0.01, 1.28, -0.39]","[1758, 1669, 1823, 1653, 1686, 8409]",16998,"['IWM', 'DBC', 'EEM', 'EWJ', 'SPY', 'VWO']","[1699, 1699, 1699, 1699, 1699, 8499]",0.5
2021-03-31,"['SPY', 'QQQ', 'IWM', 'VGK', 'EWJ', 'EEM', 'VNQ', 'GLD', 'DBC', 'HYG', 'LQD', 'TLT', 'IEF', 'SHY', 'VWO', 'BND']","[396.33, 319.13, 220.94, 63.0, 68.52, 53.34, 91.86, 159.96, 16.61, 87.18, 130.05, 135.45, 112.93, 86.25, 52.05, 84.72]","[352.83, 291.67, 177.07, 56.08, 62.03, 47.74, 83.08, 173.04, 14.17, 85.4, 135.14, 156.63, 119.57, 86.45, 46.78, 87.68]","[1.65, 1.24, 2.53, 1.38, 0.82, 1.02, 1.52, -0.66, 1.45, 0.3, -0.45, -1.73, -0.74, -0.03, 1.01, -0.42]","[1719, 1686, 1686, 1706, 1770, 8427]",16994,"['IWM', 'SPY', 'VNQ', 'DBC', 'VGK', 'VWO']","[1699, 1699, 1699, 1699, 1699, 8497]",0.5
2021-04-30,"['SPY', 'QQQ', 'IWM', 'VGK', 'EWJ', 'EEM', 'VNQ', 'GLD', 'DBC', 'HYG', 'LQD', 'TLT', 'IEF', 'SHY', 'VWO', 'BND']","[417.3, 337.99, 224.89, 66.01, 67.42, 53.98, 99.08, 165.66, 17.91, 87.44, 131.15, 138.64, 113.99, 86.28, 52.98, 85.26]","[363.73, 300.71, 185.24, 57.65, 63.28, 49.14, 85.14, 172.86, 14.73, 85.99, 134.81, 154.1, 118.78, 86.42, 48.11, 87.38]","[2.14, 2.06, 2.26, 2.08, 0.46, 1.07, 2.49, 0.19, 3.13, 0.23, -0.05, -0.48, -0.21, -0.02, 1.19, -0.1]","[1729, 1788, 1832, 1831, 1780, 8648]",17608,"['DBC', 'VNQ', 'IWM', 'SPY', 'VGK', 'VWO']","[1760, 1760, 1760, 1760, 1760, 8804]",0.5
2021-05-28,"['SPY', 'QQQ', 'IWM', 'VGK', 'EWJ', 'EEM', 'VNQ', 'GLD', 'DBC', 'HYG', 'LQD', 'TLT', 'IEF', 'SHY', 'VWO', 'BND']","[420.04, 333.93, 225.5, 68.95, 68.58, 54.87, 99.88, 178.38, 18.6, 87.18, 131.71, 138.44, 114.4, 86.32, 53.88, 85.26]","[373.08, 307.52, 193.06, 59.33, 64.7, 50.3, 86.99, 172.16, 15.29, 86.16, 134.14, 150.84, 117.94, 86.39, 49.2, 86.96]","[1.2, 0.77, 1.27, 1.83, 0.6, 0.98, 1.32, 1.56, 2.16, 0.07, -0.07, -0.57, -0.17, 0.01, 1.02, -0.13]","[1827, 1774, 1764, 1771, 1838, 8953]",17927,"['DBC', 'VGK', 'GLD', 'VNQ', 'IWM', 'VWO']","[1792, 1792, 1792, 1792, 1792, 8964]",0.5
2021-06-30,"['SPY', 'QQQ', 'IWM', 'VGK', 'EWJ', 'EEM', 'VNQ', 'GLD', 'DBC', 'HYG', 'LQD', 'TLT', 'IEF', 'SHY', 'VWO', 'BND']","[428.06, 354.43, 229.37, 67.26, 67.54, 55.15, 101.79, 165.63, 19.25, 88.04, 134.36, 144.35, 115.49, 86.16, 54.31, 85.89]","[380.95, 313.48, 200.45, 60.61, 65.65, 51.36, 88.99, 170.24, 15.86, 86.47, 134.02, 149.06, 117.34, 86.35, 50.21, 86.7]","[1.23, 1.87, 1.3, 0.55, -0.01, 0.71, 1.36, -0.87, 2.24, 0.26, 0.32, 0.48, 0.08, -0.04, 0.81, 0.07]","[1854, 1748, 1663, 1826, 1822, 9035]",17948,['VWO'],[17948],1
2021-07-30,"['SPY', 'QQQ', 'IWM', 'VGK', 'EWJ', 'EEM', 'VNQ', 'GLD', 'DBC', 'HYG', 'LQD', 'TLT', 'IEF', 'SHY', 'VWO', 'BND']","[438.51, 364.57, 221.05, 68.51, 67.11, 51.6, 106.29, 169.82, 19.5, 87.84, 136.01, 149.52, 117.71, 86.29, 51.11, 86.76]","[391.31, 322.15, 207.58, 62.22, 66.46, 52.11, 91.72, 169.51, 16.51, 86.86, 134.15, 147.68, 116.93, 86.32, 51.0, 86.55]","[1.2, 1.34, 0.14, 0.98, 0.14, -0.82, 1.63, 0.29, 1.6, 0.04, 0.29, 0.58, 0.3, 0.02, -0.68, 0.14]",[16890],16890,"['VNQ', 'DBC', 'QQQ', 'SPY', 'VGK', 'BND']","[1689, 1689, 1689, 1689, 1689, 8445]",0.5
2021-08-31,"['SPY', 'QQQ', 'IWM', 'VGK', 'EWJ', 'EEM', 'VNQ', 'GLD', 'DBC', 'HYG', 'LQD', 'TLT', 'IEF', 'SHY', 'VWO', 'BND']","[451.56, 379.95, 225.92, 69.75, 68.4, 52.41, 108.58, 169.69, 19.18, 88.09, 135.3, 148.83, 117.17, 86.25, 52.23, 86.46]","[403.82, 333.21, 214.86, 64.24, 67.47, 52.88, 94.92, 168.86, 17.16, 87.28, 134.31, 146.81, 116.64, 86.31, 51.84, 86.44]","[1.32, 1.77, 0.79, 0.83, 0.41, 0.14, 1.41, -0.18, 0.63, 0.15, 0.1, 0.24, 0.02, -0.01, 0.31, 0.01]","[1725, 1661, 1760, 1739, 1719, 8415]",17019,['VWO'],[17019],1
2021-09-30,"['SPY', 'QQQ', 'IWM', 'VGK', 'EWJ', 'EEM', 'VNQ', 'GLD', 'DBC', 'HYG', 'LQD', 'TLT', 'IEF', 'SHY', 'VWO', 'BND']","[429.14, 357.96, 218.75, 65.61, 70.25, 50.38, 101.78, 164.22, 20.18, 87.49, 133.03, 144.32, 115.22, 86.15, 50.01, 85.45]","[410.52, 339.04, 218.63, 65.03, 68.06, 53.04, 96.7, 168.61, 17.79, 87.4, 133.76, 145.24, 116.13, 86.28, 52.09, 86.14]","[-0.14, -0.12, -0.13, -0.48, 0.72, -0.78, -0.24, -0.44, 1.8, -0.05, -0.2, -0.35, -0.22, -0.01, -0.75, -0.17]",[16295],16295,"['DBC', 'EWJ', 'HYG', 'QQQ', 'IWM']","[3259, 3259, 3259, 3259, 3259]",0
2021-10-29,"['SPY', 'QQQ', 'IWM', 'VGK', 'EWJ', 'EEM', 'VNQ', 'GLD', 'DBC', 'HYG', 'LQD', 'TLT', 'IEF', 'SHY', 'VWO', 'BND']","[459.25, 386.11, 228.05, 68.91, 68.4, 50.92, 109.04, 166.65, 21.35, 86.93, 133.48, 147.69, 114.63, 85.85, 50.66, 85.38]","[419.06, 346.28, 221.83, 65.89, 68.14, 52.97, 99.11, 167.44, 18.45, 87.36, 133.3, 144.24, 115.59, 86.23, 52.14, 85.86]","[1.64, 1.89, 1.16, 1.1, -0.04, 0.11, 1.58, 0.07, 2.15, -0.09, 0.01, 0.3, -0.2, -0.08, 0.19, -0.1]","[3447, 3173, 3238, 3515, 3397]",16770,"['DBC', 'QQQ', 'SPY', 'VNQ', 'IWM', 'VWO']","[1677, 1677, 1677, 1677, 1677, 8385]",0.5
2021-11-30,"['SPY', 'QQQ', 'IWM', 'VGK', 'EWJ', 'EEM', 'VNQ', 'GLD', 'DBC', 'HYG', 'LQD', 'TLT', 'IEF', 'SHY', 'VWO', 'BND']","[455.56, 393.82, 218.17, 65.54, 66.33, 48.84, 106.74, 165.5, 19.48, 85.64, 133.06, 151.59, 115.8, 85.79, 49.19, 85.42]","[427.61, 354.2, 223.09, 66.48, 68.08, 52.52, 101.29, 166.73, 18.88, 87.23, 133.04, 144.2, 115.31, 86.17, 51.89, 85.65]","[0.37, 1.06, -0.52, -0.79, -0.52, -0.98, 0.09, -0.33, -0.5, -0.34, -0.13, 0.53, 0.05, -0.05, -0.72, -0.07]","[1530, 1710, 1663, 1641, 1604, 8141]",16289,"['QQQ', 'TLT', 'SPY', 'VNQ', 'LQD']","[3257, 3257, 3257, 3257, 3257]",0
2021-12-31,"['SPY', 'QQQ', 'IWM', 'VGK', 'EWJ', 'EEM', 'VNQ', 'GLD', 'DBC', 'HYG', 'LQD', 'TLT', 'IEF', 'SHY', 'VWO', 'BND']","[474.96, 397.85, 222.45, 68.24, 66.96, 48.85, 116.01, 170.96, 20.78, 87.01, 132.52, 148.19, 115.0, 85.54, 49.46, 84.75]","[437.07, 362.57, 223.51, 67.18, 67.95, 52.03, 104.11, 167.65, 19.28, 87.28, 133.07, 144.7, 115.23, 86.09, 51.59, 85.53]","[1.43, 1.09, 0.38, 0.81, -0.11, -0.4, 2.25, 0.58, 1.49, 0.15, -0.14, -0.17, -0.14, -0.08, -0.16, -0.19]","[3290, 3183, 3395, 3539, 3243]",16650,"['VNQ', 'DBC', 'SPY', 'QQQ', 'VGK']","[3330, 3330, 3330, 3330, 3330]",0
2022-01-31,"['SPY', 'QQQ', 'IWM', 'VGK', 'EWJ', 'EEM', 'VNQ', 'GLD', 'DBC', 'HYG', 'LQD', 'TLT', 'IEF', 'SHY', 'VWO', 'BND']","[449.91, 363.05, 201.24, 65.8, 64.08, 48.84, 106.24, 168.09, 22.42, 84.7, 127.76, 142.39, 112.57, 84.95, 49.67, 83.0]","[442.43, 366.97, 221.54, 67.46, 67.51, 51.58, 105.54, 168.46, 19.87, 87.04, 132.84, 145.4, 115.2, 85.96, 51.35, 85.36]","[-0.44, -1.15, -1.81, -0.59, -0.9, -0.35, -0.86, -0.22, 1.93, -0.52, -0.78, -0.77, -0.46, -0.17, -0.13, -0.5]","[3049, 3592, 3154, 3038, 3210]",16043,"['DBC', 'GLD', 'EEM', 'SPY', 'HYG']","[3208, 3208, 3208, 3208, 3208]",0
2022-02-28,"['SPY', 'QQQ', 'IWM', 'VGK', 'EWJ', 'EEM', 'VNQ', 'GLD', 'DBC', 'HYG', 'LQD', 'TLT', 'IEF', 'SHY', 'VWO', 'BND']","[436.63, 346.8, 203.32, 62.32, 62.94, 46.73, 102.54, 178.38, 23.87, 83.67, 124.8, 139.87, 112.12, 84.56, 47.82, 81.92]","[444.36, 367.85, 219.38, 67.09, 67.06, 50.86, 105.89, 169.73, 20.46, 86.66, 132.2, 145.52, 115.01, 85.79, 50.83, 85.03]","[-0.44, -1.09, -0.42, -1.02, -0.65, -1.04, -0.52, 1.24, 2.6, -0.37, -0.75, -0.66, -0.3, -0.18, -0.82, -0.48]","[3415, 3404, 3069, 3113, 3168]",16169,"['DBC', 'GLD', 'HYG', 'IWM', 'SPY']","[3233, 3233, 3233, 3233, 3233]",0
2022-03-31,"['SPY', 'QQQ', 'IWM', 'VGK', 'EWJ', 'EEM', 'VNQ', 'GLD', 'DBC', 'HYG', 'LQD', 'TLT', 'IEF', 'SHY', 'VWO', 'BND']","[451.64, 362.54, 205.27, 62.28, 61.61, 45.15, 108.37, 180.65, 26.06, 82.29, 120.94, 132.08, 107.47, 83.35, 46.13, 79.54]","[447.52, 370.71, 217.36, 66.42, 66.36, 49.89, 106.74, 169.96, 21.21, 86.17, 131.13, 144.88, 114.32, 85.49, 50.06, 84.46]","[0.45, 0.35, -0.38, -0.47, -0.92, -1.07, 0.73, 0.71, 3.27, -0.6, -0.97, -1.29, -0.94, -0.37, -0.96, -0.8]","[3529, 3274, 3179, 3264, 3344]",16590,"['DBC', 'VNQ', 'GLD', 'SPY', 'QQQ']","[3318, 3318, 3318, 3318, 3318]",0
2022-04-29,"['SPY', 'QQQ', 'IWM', 'VGK', 'EWJ', 'EEM', 'VNQ', 'GLD', 'DBC', 'HYG', 'LQD', 'TLT', 'IEF', 'SHY', 'VWO', 'BND']","[412.0, 313.25, 184.95, 58.39, 56.62, 42.38, 103.94, 176.91, 27.53, 78.53, 112.6, 119.45, 102.81, 82.9, 43.44, 76.19]","[445.92, 366.59, 212.92, 65.54, 65.27, 48.61, 106.95, 171.09, 22.04, 85.22, 128.95, 142.39, 113.05, 85.16, 48.97, 83.49]","[-1.61, -2.63, -2.07, -1.63, -1.94, -1.82, -0.62, 0.15, 2.71, -1.13, -1.75, -2.31, -1.18, -0.27, -1.67, -1.17]","[3505, 3182, 3249, 3026, 2866]",15828,"['DBC', 'GLD', 'VNQ', 'HYG', 'SPY']","[3165, 3165, 3165, 3165, 3165]",0
2022-05-31,"['SPY', 'QQQ', 'IWM', 'VGK', 'EWJ', 'EEM', 'VNQ', 'GLD', 'DBC', 'HYG', 'LQD', 'TLT', 'IEF', 'SHY', 'VWO', 'BND']","[412.93, 308.28, 185.31, 59.8, 57.6, 42.64, 99.07, 171.14, 28.8, 79.5, 114.44, 116.56, 103.32, 83.35, 43.64, 76.68]","[443.36, 360.96, 209.34, 64.66, 64.32, 47.71, 106.23, 171.22, 22.97, 84.38, 126.79, 139.1, 111.61, 84.87, 48.22, 82.48]","[-0.4, -1.14, -0.81, -0.18, -0.55, -0.75, -0.85, -0.52, 2.89, -0.28, -0.54, -1.58, -0.57, -0.08, -0.71, -0.48]","[3311, 3061, 3016, 3204, 3172]",15764,"['DBC', 'VGK', 'HYG', 'SPY', 'GLD']","[3152, 3152, 3152, 3152, 3152]",0
2022-06-30,"['SPY', 'QQQ', 'IWM', 'VGK', 'EWJ', 'EEM', 'VNQ', 'GLD', 'DBC', 'HYG', 'LQD', 'TLT', 'IEF', 'SHY', 'VWO', 'BND']","[377.25, 280.28, 169.36, 52.82, 52.83, 40.1, 91.11, 168.46, 26.64, 73.61, 110.03, 114.87, 102.3, 82.79, 41.65, 75.26]","[435.93, 350.99, 203.69, 62.97, 62.76, 46.48, 104.48, 171.1, 23.71, 82.94, 124.27, 135.7, 110.12, 84.52, 47.17, 81.36]","[-2.23, -2.8, -2.47, -2.67, -2.2, -1.79, -2.13, -0.47, 0.13, -1.78, -1.34, -1.34, -0.64, -0.21, -1.49, -0.78]","[2915, 2784, 2918, 2879, 3102]",14598,"['DBC', 'GLD', 'LQD', 'TLT', 'HYG']","[2919, 2919, 2919, 2919, 2919]",0
2022-07-29,"['SPY', 'QQQ', 'IWM', 'VGK', 'EWJ', 'EEM', 'VNQ', 'GLD', 'DBC', 'HYG', 'LQD', 'TLT', 'IEF', 'SHY', 'VWO', 'BND']","[411.99, 315.46, 187.25, 55.46, 56.15, 39.96, 98.96, 164.1, 26.11, 78.19, 114.61, 117.43, 105.17, 83.05, 41.32, 76.9]","[434.21, 346.74, 200.54, 61.96, 61.35, 45.44, 104.2, 171.08, 24.3, 82.01, 122.42, 133.01, 109.12, 84.21, 46.3, 80.5]","[0.88, 1.15, 1.03, -0.1, 0.31, -0.86, 0.63, -0.68, 0.22, 0.47, 0.2, -0.36, 0.19, -0.03, -0.83, 0.04]","[2860, 2843, 3040, 2984, 3100]",14827,"['QQQ', 'IWM', 'SPY', 'VNQ', 'HYG', 'BND']","[1482, 1482, 1482, 1482, 1482, 7414]",0.5
2022-08-31,"['SPY', 'QQQ', 'IWM', 'VGK', 'EWJ', 'EEM', 'VNQ', 'GLD', 'DBC', 'HYG', 'LQD', 'TLT', 'IEF', 'SHY', 'VWO', 'BND']","[395.18, 299.27, 183.5, 51.32, 53.59, 39.43, 93.01, 159.27, 25.72, 74.53, 109.27, 111.88, 100.94, 82.29, 41.13, 74.6]","[427.8, 338.06, 196.08, 60.2, 59.87, 44.29, 102.6, 170.35, 24.74, 80.77, 120.0, 129.43, 107.75, 83.86, 45.34, 79.43]","[-0.97, -1.22, -0.66, -2.08, -1.35, -1.02, -1.29, -0.9, -0.11, -1.18, -1.18, -1.38, -0.91, -0.26, -0.78, -0.79]","[1405, 1452, 1421, 1392, 1412, 7192]",14274,"['DBC', 'IWM', 'GLD', 'SPY', 'EEM']","[2854, 2854, 2854, 2854, 2854]",0
2022-09-30,"['SPY', 'QQQ', 'IWM', 'VGK', 'EWJ', 'EEM', 'VNQ', 'GLD', 'DBC', 'HYG', 'LQD', 'TLT', 'IEF', 'SHY', 'VWO', 'BND']","[357.18, 267.26, 164.92, 46.15, 48.85, 34.88, 80.17, 154.67, 23.91, 71.39, 102.45, 102.45, 95.99, 81.21, 36.49, 71.33]","[417.97, 325.4, 190.76, 58.26, 58.12, 42.9, 99.94, 169.26, 25.18, 79.34, 116.94, 124.52, 105.77, 83.4, 44.08, 78.02]","[-1.95, -2.25, -1.96, -2.54, -2.07, -2.66, -2.87, -1.03, -1.24, -1.07, -1.57, -2.18, -1.22, -0.35, -2.54, -1.12]","[2653, 2565, 2771, 2579, 2524]",13092,"['GLD', 'HYG', 'DBC', 'LQD', 'SPY']","[2618, 2618, 2618, 2618, 2618]",0
2022-10-31,"['SPY', 'QQQ', 'IWM', 'VGK', 'EWJ', 'EEM', 'VNQ', 'GLD', 'DBC', 'HYG', 'LQD', 'TLT', 'IEF', 'SHY', 'VWO', 'BND']","[386.21, 277.95, 183.33, 50.04, 49.99, 34.19, 82.98, 151.91, 25.12, 73.43, 101.35, 96.11, 94.41, 81.0, 35.45, 70.35]","[409.09, 313.41, 186.85, 56.44, 56.43, 41.43, 96.64, 167.36, 25.62, 77.98, 113.83, 119.31, 103.71, 82.94, 42.67, 76.58]","[0.44, -0.51, 1.04, 0.06, -0.66, -1.54, -0.87, -0.88, 0.46, -0.19, -1.03, -2.21, -0.95, -0.24, -1.58, -0.83]","[2571, 2692, 2750, 2589, 2830]",13432,"['IWM', 'DBC', 'SPY', 'VGK', 'HYG']","[2686, 2686, 2686, 2686, 2686]",0
2022-11-30,"['SPY', 'QQQ', 'IWM', 'VGK', 'EWJ', 'EEM', 'VNQ', 'GLD', 'DBC', 'HYG', 'LQD', 'TLT', 'IEF', 'SHY', 'VWO', 'BND']","[407.68, 293.36, 187.37, 56.79, 55.8, 39.52, 88.08, 164.81, 25.49, 75.66, 107.76, 102.73, 97.61, 81.42, 40.52, 72.76]","[404.87, 306.44, 185.46, 55.54, 55.6, 40.5, 94.82, 167.03, 25.93, 77.08, 111.83, 115.34, 102.21, 82.59, 41.76, 75.55]","[0.66, 0.23, 0.22, 1.82, 1.33, 1.54, 0.14, 1.09, 0.22, 0.2, 0.39, -0.06, 0.01, -0.08, 1.34, 0.06]","[2745, 2725, 2835, 3048, 2767]",14120,['VWO'],[14120],1
2022-12-30,"['SPY', 'QQQ', 'IWM', 'VGK', 'EWJ', 'EEM', 'VNQ', 'GLD', 'DBC', 'HYG', 'LQD', 'TLT', 'IEF', 'SHY', 'VWO', 'BND']","[382.43, 266.28, 174.36, 55.44, 54.44, 37.9, 82.48, 169.64, 24.65, 73.63, 105.43, 99.56, 95.78, 81.17, 38.98, 71.84]","[399.45, 298.39, 182.56, 54.85, 54.75, 39.62, 92.82, 166.16, 26.0, 76.08, 109.89, 111.31, 100.58, 82.25, 40.88, 74.55]","[-0.62, -1.55, -0.76, 0.43, 0.04, -0.47, -1.12, 0.74, -0.24, -0.34, -0.42, -1.08, -0.53, -0.13, -0.53, -0.36]",[13583],13583,"['GLD', 'VGK', 'EWJ', 'DBC', 'HYG']","[2716, 2716, 2716, 2716, 2716]",0
2023-01-31,"['SPY', 'QQQ', 'IWM', 'VGK', 'EWJ', 'EEM', 'VNQ', 'GLD', 'DBC', 'HYG', 'LQD', 'TLT', 'IEF', 'SHY', 'VWO', 'BND']","[406.48, 294.62, 191.48, 60.74, 58.67, 41.36, 91.06, 179.41, 24.87, 76.33, 110.87, 107.17, 99.21, 81.8, 42.23, 74.22]","[394.93, 291.6, 181.18, 54.7, 54.45, 39.24, 91.09, 166.03, 25.88, 75.48, 108.88, 108.82, 99.75, 82.1, 40.49, 74.01]","[0.83, 1.2, 1.36, 2.12, 1.63, 1.86, 1.34, 1.67, 0.09, 0.45, 0.8, 0.96, 0.4, 0.06, 1.66, 0.44]","[2872, 2975, 2927, 2740, 2815]",14329,['VWO'],[14329],1
2023-02-28,"['SPY', 'QQQ', 'IWM', 'VGK', 'EWJ', 'EEM', 'VNQ', 'GLD', 'DBC', 'HYG', 'LQD', 'TLT', 'IEF', 'SHY', 'VWO', 'BND']","[396.26, 293.56, 188.18, 59.7, 55.94, 38.23, 85.72, 169.78, 23.76, 74.53, 105.92, 101.71, 95.76, 80.99, 39.42, 72.07]","[393.36, 289.63, 181.51, 54.83, 54.39, 38.82, 89.26, 165.32, 25.51, 75.08, 108.21, 107.05, 99.05, 81.91, 40.08, 73.6]","[-0.49, -0.23, -0.21, 0.28, -0.57, -1.28, -1.13, -0.44, -0.96, -0.45, -0.82, -1.1, -0.75, -0.21, -1.17, -0.58]",[13375],13375,"['VGK', 'IWM', 'QQQ', 'GLD', 'HYG']","[2675, 2675, 2675, 2675, 2675]",0
2023-03-31,"['SPY', 'QQQ', 'IWM', 'VGK', 'EWJ', 'EEM', 'VNQ', 'GLD', 'DBC', 'HYG', 'LQD', 'TLT', 'IEF', 'SHY', 'VWO', 'BND']","[409.39, 320.93, 178.4, 60.95, 58.69, 39.46, 83.04, 183.22, 23.74, 75.55, 109.61, 106.37, 99.12, 82.16, 40.4, 73.83]","[393.0, 290.9, 180.81, 54.94, 54.49, 38.5, 87.66, 166.53, 25.0, 74.69, 107.73, 106.03, 98.63, 81.79, 39.76, 73.32]","[0.88, 2.23, -0.5, 1.27, 1.25, 0.68, -0.51, 1.65, -0.26, 0.3, 0.63, 0.71, 0.55, 0.23, 0.54, 0.4]","[2731, 2535, 2924, 2886, 2711]",13787,['VWO'],[13787],1
2023-04-28,"['SPY', 'QQQ', 'IWM', 'VGK', 'EWJ', 'EEM', 'VNQ', 'GLD', 'DBC', 'HYG', 'LQD', 'TLT', 'IEF', 'SHY', 'VWO', 'BND']","[415.93, 322.56, 175.2, 63.47, 58.84, 39.13, 83.3, 184.8, 23.56, 75.36, 109.93, 106.46, 99.73, 82.18, 40.24, 74.08]","[396.87, 295.12, 181.4, 56.01, 55.1, 38.41, 86.88, 168.16, 24.69, 74.86, 107.72, 105.19, 98.37, 81.73, 39.62, 73.2]","[0.44, 0.79, -0.7, 1.31, 0.43, -0.11, -0.49, 0.69, -0.56, -0.07, 0.16, 0.09, 0.17, 0.04, -0.04, 0.11]",[13732],13732,"['VGK', 'QQQ', 'GLD', 'SPY', 'EWJ', 'BND']","[1373, 1373, 1373, 1373, 1373, 6866]",0.5
2023-05-31,"['SPY', 'QQQ', 'IWM', 'VGK', 'EWJ', 'EEM', 'VNQ', 'GLD', 'DBC', 'HYG', 'LQD', 'TLT', 'IEF', 'SHY', 'VWO', 'BND']","[417.85, 347.99, 173.77, 60.22, 59.34, 38.19, 80.0, 182.32, 22.05, 74.11, 107.62, 102.99, 98.06, 81.68, 39.05, 73.04]","[397.46, 298.38, 180.05, 56.48, 55.41, 38.23, 84.98, 169.98, 24.29, 74.45, 107.02, 103.74, 97.66, 81.59, 39.39, 72.81]","[0.34, 2.19, -0.62, -0.45, 0.5, -0.46, -1.12, 0.42, -1.56, -0.33, -0.25, -0.45, -0.14, -0.05, -0.57, -0.16]","[1302, 1481, 1354, 1379, 1384, 6769]",13669,"['QQQ', 'EWJ', 'GLD', 'SPY', 'LQD']","[2733, 2733, 2733, 2733, 2733]",0
2023-06-30,"['SPY', 'QQQ', 'IWM', 'VGK', 'EWJ', 'EEM', 'VNQ', 'GLD', 'DBC', 'HYG', 'LQD', 'TLT', 'IEF', 'SHY', 'VWO', 'BND']","[443.28, 369.42, 187.27, 61.7, 61.9, 39.56, 83.56, 178.27, 22.7, 75.07, 108.14, 102.94, 96.6, 81.08, 40.68, 72.69]","[402.27, 305.39, 180.43, 57.52, 56.25, 38.24, 84.04, 171.88, 23.99, 74.51, 106.91, 102.85, 97.23, 81.47, 39.35, 72.62]","[1.56, 2.43, 1.39, 0.74, 1.18, 0.52, 0.51, -0.22, -0.14, 0.19, 0.04, -0.17, -0.32, -0.16, 0.6, -0.13]","[2901, 2850, 2672, 2899, 2746]",14068,"['QQQ', 'SPY', 'IWM', 'EWJ', 'VGK', 'VWO']","[1406, 1406, 1406, 1406, 1406, 7034]",0.5
2023-07-31,"['SPY', 'QQQ', 'IWM', 'VGK', 'EWJ', 'EEM', 'VNQ', 'GLD', 'DBC', 'HYG', 'LQD', 'TLT', 'IEF', 'SHY', 'VWO', 'BND']","[457.79, 383.68, 198.71, 63.49, 63.42, 41.95, 85.26, 182.35, 24.68, 75.5, 107.85, 100.05, 95.74, 81.12, 43.07, 72.42]","[412.33, 317.03, 183.81, 59.25, 57.7, 38.95, 84.55, 174.65, 24.06, 74.92, 107.45, 102.61, 97.2, 81.46, 40.0, 72.73]","[1.15, 2.04, 1.41, 0.58, 0.89, 1.09, 0.06, 0.36, 1.17, 0.03, -0.22, -0.86, -0.43, -0.08, 1.07, -0.24]","[1460, 1452, 1491, 1440, 1446, 7447]",14736,"['QQQ', 'IWM', 'DBC', 'SPY', 'EEM', 'VWO']","[1473, 1473, 1473, 1473, 1473, 7368]",0.5
2023-08-31,"['SPY', 'QQQ', 'IWM', 'VGK', 'EWJ', 'EEM', 'VNQ', 'GLD', 'DBC', 'HYG', 'LQD', 'TLT', 'IEF', 'SHY', 'VWO', 'BND']","[450.35, 377.99, 188.61, 60.92, 61.64, 39.17, 82.38, 180.02, 24.59, 75.28, 106.16, 96.64, 94.8, 81.24, 40.53, 71.75]","[418.74, 327.04, 184.33, 60.34, 58.87, 39.45, 84.49, 177.46, 24.01, 75.1, 107.93, 102.66, 97.24, 81.48, 40.51, 72.87]","[0.52, 1.0, -0.24, -0.21, 0.17, -0.66, -0.48, 0.05, 0.45, 0.06, -0.27, -0.9, -0.33, 0.0, -0.51, -0.23]","[1451, 1398, 1467, 1449, 1375, 6933]",14073,"['QQQ', 'SPY', 'DBC', 'EWJ', 'HYG']","[2814, 2814, 2814, 2814, 2814]",0
2023-09-29,"['SPY', 'QQQ', 'IWM', 'VGK', 'EWJ', 'EEM', 'VNQ', 'GLD', 'DBC', 'HYG', 'LQD', 'TLT', 'IEF', 'SHY', 'VWO', 'BND']","[427.48, 358.27, 176.74, 57.93, 60.29, 37.95, 75.66, 171.45, 24.96, 73.72, 102.02, 88.69, 91.59, 80.97, 39.21, 69.78]","[420.72, 333.53, 183.27, 60.46, 59.32, 39.29, 83.25, 178.13, 23.96, 74.91, 107.36, 101.26, 96.64, 81.44, 40.38, 72.57]","[-0.46, -0.18, -0.93, -0.67, -0.08, -0.52, -1.6, -0.74, 0.72, -0.34, -0.84, -2.0, -0.82, -0.08, -0.52, -0.62]","[2667, 2671, 2856, 2752, 2755]",13701,"['DBC', 'EWJ', 'QQQ', 'HYG', 'SPY']","[2740, 2740, 2740, 2740, 2740]",0
2023-10-31,"['SPY', 'QQQ', 'IWM', 'VGK', 'EWJ', 'EEM', 'VNQ', 'GLD', 'DBC', 'HYG', 'LQD', 'TLT', 'IEF', 'SHY', 'VWO', 'BND']","[418.2, 350.87, 164.52, 56.14, 58.96, 36.7, 72.92, 184.09, 24.51, 72.57, 99.17, 83.58, 89.59, 81.03, 37.94, 68.53]","[424.3, 341.99, 182.29, 60.53, 59.77, 39.17, 82.29, 179.57, 23.94, 74.8, 106.73, 99.66, 96.02, 81.43, 40.28, 72.24]","[-0.52, -0.15, -1.74, -0.94, -0.36, -0.95, -1.38, 1.12, -0.19, -0.43, -0.88, -1.91, -0.77, -0.02, -0.91, -0.6]","[2690, 2679, 2683, 2697, 2680]",13429,"['GLD', 'QQQ', 'DBC', 'EWJ', 'HYG']","[2685, 2685, 2685, 2685, 2685]",0
2023-11-30,"['SPY', 'QQQ', 'IWM', 'VGK', 'EWJ', 'EEM', 'VNQ', 'GLD', 'DBC', 'HYG', 'LQD', 'TLT', 'IEF', 'SHY', 'VWO', 'BND']","[456.4, 388.83, 179.66, 61.62, 62.61, 39.56, 81.73, 188.75, 23.91, 75.71, 106.29, 91.56, 93.41, 81.65, 40.63, 71.43]","[429.29, 351.41, 181.11, 60.61, 60.16, 38.99, 81.36, 180.51, 23.85, 74.74, 106.27, 98.1, 95.44, 81.41, 40.12, 71.96]","[1.45, 1.97, 0.94, 1.36, 1.03, 1.05, 1.39, 0.71, -0.29, 0.58, 0.83, 0.61, 0.32, 0.11, 0.94, 0.43]","[2752, 2975, 2619, 2851, 2801]",13998,['VWO'],[13998],1
2023-12-29,"['SPY', 'QQQ', 'IWM', 'VGK', 'EWJ', 'EEM', 'VNQ', 'GLD', 'DBC', 'HYG', 'LQD', 'TLT', 'IEF', 'SHY', 'VWO', 'BND']","[475.31, 409.52, 200.71, 64.48, 64.14, 40.21, 88.36, 191.17, 22.04, 77.39, 110.66, 98.88, 96.39, 82.04, 41.1, 73.55]","[437.2, 363.01, 182.36, 61.09, 60.98, 39.19, 81.62, 182.64, 23.67, 75.03, 106.75, 97.82, 95.5, 81.52, 40.28, 72.11]","[1.33, 1.97, 2.24, 1.26, 0.8, 0.53, 1.82, 0.88, -1.58, 0.58, 0.93, 1.33, 0.6, 0.14, 0.4, 0.62]",[14159],14159,['BND'],[14159],1
2024-01-31,"['SPY', 'QQQ', 'IWM', 'VGK', 'EWJ', 'EEM', 'VNQ', 'GLD', 'DBC', 'HYG', 'LQD', 'TLT', 'IEF', 'SHY', 'VWO', 'BND']","[482.88, 416.97, 192.88, 63.69, 66.21, 38.39, 83.89, 188.45, 22.33, 77.48, 110.17, 96.66, 96.46, 82.3, 39.64, 73.43]","[444.55, 372.61, 183.81, 61.37, 61.73, 39.08, 81.71, 183.17, 23.53, 75.22, 106.8, 96.85, 95.24, 81.53, 40.21, 72.07]","[1.11, 1.56, 0.17, 0.45, 1.1, -0.6, -0.12, 0.04, -0.49, 0.35, 0.42, 0.19, 0.31, 0.14, -0.47, 0.29]",[14135],14135,"['QQQ', 'SPY', 'EWJ', 'VGK', 'LQD', 'BND']","[1413, 1413, 1413, 1413, 1413, 7068]",0.5
2024-02-29,"['SPY', 'QQQ', 'IWM', 'VGK', 'EWJ', 'EEM', 'VNQ', 'GLD', 'DBC', 'HYG', 'LQD', 'TLT', 'IEF', 'SHY', 'VWO', 'BND']","[508.08, 439.0, 203.73, 65.22, 69.12, 39.99, 85.55, 189.31, 21.99, 77.33, 107.66, 94.18, 94.22, 81.74, 41.02, 72.22]","[453.76, 384.25, 186.66, 61.54, 62.76, 39.17, 81.93, 183.62, 23.38, 75.42, 106.57, 95.62, 94.69, 81.49, 40.29, 71.88]","[1.62, 1.97, 1.46, 0.75, 1.43, 0.63, 0.51, 0.28, -0.78, 0.16, -0.17, -0.32, -0.28, -0.06, 0.52, -0.15]","[1487, 1486, 1475, 1446, 1380, 6951]",14225,"['QQQ', 'SPY', 'IWM', 'EWJ', 'VGK', 'VWO']","[1422, 1422, 1422, 1422, 1422, 7113]",0.5
2024-03-28,"['SPY', 'QQQ', 'IWM', 'VGK', 'EWJ', 'EEM', 'VNQ', 'GLD', 'DBC', 'HYG', 'LQD', 'TLT', 'IEF', 'SHY', 'VWO', 'BND']","[523.07, 444.01, 210.3, 67.34, 71.35, 41.08, 86.48, 205.72, 22.97, 77.73, 108.92, 94.62, 94.66, 81.78, 41.77, 72.63]","[464.28, 393.86, 190.31, 62.25, 63.96, 39.46, 82.58, 185.96, 23.47, 75.78, 106.7, 94.78, 94.35, 81.5, 40.56, 71.84]","[1.48, 1.34, 1.14, 0.99, 1.43, 0.62, 0.37, 1.86, 0.51, 0.22, 0.21, -0.09, 0.02, 0.02, 0.45, 0.08]","[1438, 1463, 1467, 1467, 1468, 7243]",14546,['VWO'],[14546],1
2024-04-30,"['SPY', 'QQQ', 'IWM', 'VGK', 'EWJ', 'EEM', 'VNQ', 'GLD', 'DBC', 'HYG', 'LQD', 'TLT', 'IEF', 'SHY', 'VWO', 'BND']","[501.98, 424.59, 195.9, 65.62, 67.27, 40.99, 79.61, 211.87, 23.34, 76.29, 104.99, 88.22, 91.43, 81.15, 42.17, 70.67]","[470.15, 399.37, 191.18, 62.65, 64.5, 39.6, 82.18, 189.32, 23.53, 75.9, 106.39, 93.31, 93.83, 81.5, 40.71, 71.64]","[0.29, 0.29, -0.26, 0.18, -0.21, 0.52, -1.01, 1.31, 0.26, -0.17, -0.54, -1.22, -0.66, -0.16, 0.64, -0.46]",[14685],14685,"['GLD', 'EEM', 'SPY', 'QQQ', 'DBC', 'VWO']","[1468, 1468, 1468, 1468, 1468, 7343]",0.5
2024-05-31,"['SPY', 'QQQ', 'IWM', 'VGK', 'EWJ', 'EEM', 'VNQ', 'GLD', 'DBC', 'HYG', 'LQD', 'TLT', 'IEF', 'SHY', 'VWO', 'BND']","[527.37, 450.71, 205.77, 69.85, 68.97, 41.79, 83.24, 215.3, 23.27, 77.13, 106.89, 90.45, 92.8, 81.47, 43.08, 71.64]","[477.11, 406.08, 191.88, 63.28, 65.06, 39.58, 81.98, 192.61, 23.39, 76.06, 106.29, 92.35, 93.54, 81.54, 40.71, 71.56]","[1.33, 1.47, 1.11, 1.48, 0.65, 0.61, 0.52, 1.2, 0.2, 0.2, 0.19, -0.0, 0.06, 0.04, 0.68, 0.12]","[1491, 1496, 1542, 1558, 1463, 7501]",15051,['VWO'],[15051],1
2024-06-28,"['SPY', 'QQQ', 'IWM', 'VGK', 'EWJ', 'EEM', 'VNQ', 'GLD', 'DBC', 'HYG', 'LQD', 'TLT', 'IEF', 'SHY', 'VWO', 'BND']","[544.22, 479.11, 202.89, 66.77, 68.24, 42.59, 84.79, 215.01, 23.23, 77.14, 107.12, 91.78, 93.65, 81.65, 43.76, 72.05]","[486.5, 416.19, 193.31, 63.87, 65.72, 39.93, 82.22, 196.11, 23.25, 76.25, 106.39, 91.86, 93.42, 81.58, 41.03, 71.59]","[1.06, 1.72, -0.21, -0.41, -0.07, 0.58, 0.07, 0.62, 0.16, -0.01, -0.11, -0.19, -0.02, 0.02, 0.59, -0.01]",[15288],15288,"['QQQ', 'SPY', 'GLD', 'EEM', 'DBC', 'VWO']","[1528, 1528, 1528, 1528, 1528, 7644]",0.5
2024-07-31,"['SPY', 'QQQ', 'IWM', 'VGK', 'EWJ', 'EEM', 'VNQ', 'GLD', 'DBC', 'HYG', 'LQD', 'TLT', 'IEF', 'SHY', 'VWO', 'BND']","[550.81, 471.07, 223.86, 68.46, 70.97, 42.95, 90.41, 226.55, 22.58, 78.54, 109.56, 94.81, 96.07, 82.34, 44.29, 73.52]","[498.83, 427.47, 198.02, 64.92, 66.78, 40.43, 83.7, 201.62, 23.02, 76.73, 107.14, 92.47, 93.87, 81.72, 41.54, 71.97]","[1.02, 0.73, 2.26, 0.7, 0.96, 0.55, 1.55, 1.56, -0.54, 0.41, 0.45, 0.61, 0.5, 0.18, 0.61, 0.42]","[1502, 1546, 1610, 1540, 1485, 7736]",15419,['VWO'],[15419],1
2024-08-30,"['SPY', 'QQQ', 'IWM', 'VGK', 'EWJ', 'EEM', 'VNQ', 'GLD', 'DBC', 'HYG', 'LQD', 'TLT', 'IEF', 'SHY', 'VWO', 'BND']","[563.68, 476.27, 220.08, 70.93, 71.97, 43.37, 95.13, 231.29, 22.11, 79.34, 111.21, 96.49, 97.07, 82.8, 44.72, 74.36]","[513.38, 440.01, 203.58, 66.4, 68.08, 41.09, 85.92, 206.34, 22.78, 77.41, 108.35, 93.76, 94.62, 81.89, 42.22, 72.55]","[1.03, 0.79, 0.41, 0.83, 0.59, 0.55, 1.57, 1.27, -0.54, 0.33, 0.46, 0.53, 0.38, 0.19, 0.55, 0.39]",[15568],15568,['VWO'],[15568],1
2024-09-30,"['SPY', 'QQQ', 'IWM', 'VGK', 'EWJ', 'EEM', 'VNQ', 'GLD', 'DBC', 'HYG', 'LQD', 'TLT', 'IEF', 'SHY', 'VWO', 'BND']","[573.76, 488.07, 220.89, 71.1, 71.54, 45.86, 97.42, 243.06, 22.27, 80.3, 112.98, 98.1, 98.12, 83.15, 47.85, 75.11]","[525.12, 449.93, 207.7, 67.35, 68.98, 41.72, 87.49, 211.77, 22.61, 77.87, 109.02, 94.42, 95.09, 82.04, 42.94, 72.92]","[0.96, 0.93, 0.74, 0.63, 0.32, 1.44, 1.43, 1.91, -0.25, 0.47, 0.59, 0.66, 0.46, 0.18, 1.72, 0.44]",[16657],16657,['VWO'],[16657],1
2024-10-31,"['SPY', 'QQQ', 'IWM', 'VGK', 'EWJ', 'EEM', 'VNQ', 'GLD', 'DBC', 'HYG', 'LQD', 'TLT', 'IEF', 'SHY', 'VWO', 'BND']","[568.64, 483.85, 217.76, 67.18, 68.07, 44.45, 94.15, 253.51, 22.59, 79.14, 108.99, 92.45, 94.52, 82.36, 46.57, 73.05]","[534.45, 457.36, 209.41, 67.62, 69.37, 42.15, 88.07, 218.01, 22.67, 78.04, 108.85, 93.78, 94.9, 82.07, 43.49, 72.87]","[0.65, 0.67, 0.26, -0.48, -0.57, 0.15, 0.43, 1.77, 0.03, 0.02, -0.26, -0.58, -0.37, -0.06, 0.33, -0.22]",[16211],16211,"['GLD', 'QQQ', 'SPY', 'VNQ', 'IWM', 'VWO']","[1621, 1621, 1621, 1621, 1621, 8106]",0.5
2024-11-29,"['SPY', 'QQQ', 'IWM', 'VGK', 'EWJ', 'EEM', 'VNQ', 'GLD', 'DBC', 'HYG', 'LQD', 'TLT', 'IEF', 'SHY', 'VWO', 'BND']","[602.55, 509.74, 241.87, 66.0, 69.69, 43.26, 98.16, 245.59, 22.14, 80.04, 110.55, 93.97, 95.19, 82.32, 45.57, 73.6]","[546.42, 466.64, 214.3, 67.85, 69.72, 42.63, 89.49, 223.72, 22.65, 78.3, 108.89, 93.51, 94.77, 82.08, 44.08, 72.88]","[1.61, 1.49, 2.43, -0.53, 0.29, -0.17, 1.2, 0.46, -0.4, 0.32, 0.26, 0.21, 0.08, 0.0, 0.06, 0.13]","[1570, 1707, 1717, 1690, 1800, 7931]",16415,['BND'],[16415],1
2024-12-31,"['SPY', 'QQQ', 'IWM', 'VGK', 'EWJ', 'EEM', 'VNQ', 'GLD', 'DBC', 'HYG', 'LQD', 'TLT', 'IEF', 'SHY', 'VWO', 'BND']","[586.08, 511.23, 220.96, 63.47, 67.1, 41.82, 89.08, 242.13, 21.38, 78.65, 106.84, 87.33, 92.45, 81.98, 44.04, 71.91]","[554.22, 473.86, 216.03, 67.67, 69.52, 42.82, 89.85, 229.0, 22.59, 78.43, 108.8, 92.82, 94.6, 82.1, 44.38, 72.85]","[0.14, 0.61, -0.76, -1.01, -0.68, -0.75, -1.34, 0.33, -0.76, -0.23, -0.66, -1.51, -0.65, -0.1, -0.64, -0.47]",[16038],16038,"['QQQ', 'GLD', 'SPY', 'HYG', 'LQD']","[3207, 3207, 3207, 3207, 3207]",0
2025-01-31,"['SPY', 'QQQ', 'IWM', 'VGK', 'EWJ', 'EEM', 'VNQ', 'GLD', 'DBC', 'HYG', 'LQD', 'TLT', 'IEF', 'SHY', 'VWO', 'BND']","[601.82, 522.29, 226.48, 67.5, 68.31, 42.72, 90.55, 258.56, 21.97, 79.72, 107.46, 87.76, 93.02, 82.29, 44.4, 72.34]","[562.09, 481.69, 217.65, 67.69, 69.21, 42.98, 90.25, 234.29, 22.49, 78.63, 108.66, 92.14, 94.43, 82.15, 44.65, 72.83]","[0.99, 1.05, 0.65, 0.81, 0.19, 0.2, 0.13, 1.54, 0.15, 0.25, -0.05, -0.38, -0.09, 0.05, 0.03, -0.01]","[3276, 3424, 3293, 3250, 3225]",16468,"['GLD', 'QQQ', 'SPY', 'VGK', 'IWM', 'VWO']","[1646, 1646, 1646, 1646, 1646, 8234]",0.5
2025-02-28,"['SPY', 'QQQ', 'IWM', 'VGK', 'EWJ', 'EEM', 'VNQ', 'GLD', 'DBC', 'HYG', 'LQD', 'TLT', 'IEF', 'SHY', 'VWO', 'BND']","[594.18, 508.17, 214.65, 70.2, 68.47, 43.21, 93.9, 263.27, 22.0, 80.13, 109.61, 92.43, 95.32, 82.62, 44.73, 73.66]","[571.31, 490.05, 219.52, 68.15, 69.33, 43.2, 91.68, 239.43, 22.35, 79.01, 109.12, 92.56, 94.82, 82.3, 44.9, 73.12]","[0.07, -0.04, -1.08, 0.79, -0.15, 0.21, 0.34, 1.18, -0.02, 0.12, 0.2, 0.47, 0.28, 0.07, 0.11, 0.22]","[1675, 1601, 1625, 1711, 1560, 8295]",16467,['BND'],[16467],1
2025-03-31,"['SPY', 'QQQ', 'IWM', 'VGK', 'EWJ', 'EEM', 'VNQ', 'GLD', 'DBC', 'HYG', 'LQD', 'TLT', 'IEF', 'SHY', 'VWO', 'BND']","[559.39, 468.92, 199.49, 70.21, 68.56, 43.7, 90.54, 288.14, 22.5, 78.89, 108.69, 91.03, 95.37, 82.73, 45.26, 73.45]","[574.51, 491.87, 218.89, 68.18, 69.29, 43.39, 92.41, 246.71, 22.28, 79.19, 109.3, 92.61, 95.08, 82.42, 45.12, 73.31]","[-0.86, -1.28, -1.48, 0.43, -0.01, 0.29, -0.45, 2.66, 0.48, -0.21, -0.11, -0.19, 0.09, 0.06, 0.22, 0.03]",[16420],16420,['VWO'],[16420],1
2025-04-30,"['SPY', 'QQQ', 'IWM', 'VGK', 'EWJ', 'EEM', 'VNQ', 'GLD', 'DBC', 'HYG', 'LQD', 'TLT', 'IEF', 'SHY', 'VWO', 'BND']","[554.54, 475.47, 194.86, 72.91, 71.43, 43.76, 88.33, 303.77, 20.57, 78.6, 107.98, 89.47, 96.07, 83.12, 45.25, 73.5]","[575.55, 491.51, 218.09, 68.8, 69.61, 43.51, 92.77, 255.59, 22.01, 79.33, 109.39, 92.38, 95.32, 82.57, 45.27, 73.45]","[-0.36, -0.1, -1.06, 1.06, 0.84, 0.16, -0.4, 2.18, -1.58, -0.08, -0.05, -0.18, 0.3, 0.14, 0.09, 0.12]",[16416],16416,['BND'],[16416],1
2025-05-30,"['SPY', 'QQQ', 'IWM', 'VGK', 'EWJ', 'EEM', 'VNQ', 'GLD', 'DBC', 'HYG', 'LQD', 'TLT', 'IEF', 'SHY', 'VWO', 'BND']","[589.39, 519.11, 205.07, 76.76, 74.12, 45.52, 89.32, 303.6, 20.88, 79.57, 107.77, 86.28, 94.57, 82.65, 47.0, 72.77]","[579.4, 496.31, 216.21, 69.63, 69.93, 43.77, 92.66, 263.29, 21.84, 79.44, 109.21, 91.53, 95.17, 82.6, 45.54, 73.38]","[0.8, 1.38, 0.15, 1.43, 0.98, 0.88, -0.18, 1.48, -0.23, 0.14, -0.13, -0.91, -0.21, -0.05, 0.81, -0.17]",[16252],16252,"['GLD', 'VGK', 'QQQ', 'EWJ', 'EEM', 'VWO']","[1625, 1625, 1625, 1625, 1625, 8126]",0.5
2025-06-30,"['SPY', 'QQQ', 'IWM', 'VGK', 'EWJ', 'EEM', 'VNQ', 'GLD', 'DBC', 'HYG', 'LQD', 'TLT', 'IEF', 'SHY', 'VWO', 'BND']","[617.85, 551.64, 215.79, 77.5, 74.97, 48.24, 89.06, 304.83, 21.81, 80.65, 109.61, 88.25, 95.77, 82.86, 49.46, 73.63]","[584.82, 503.85, 215.78, 70.28, 70.23, 44.25, 92.05, 270.65, 21.81, 79.57, 109.05, 90.71, 95.04, 82.61, 46.01, 73.3]","[1.25, 1.77, 0.97, 1.14, 0.84, 1.58, -0.05, 1.22, 0.39, 0.35, 0.3, 0.13, 0.26, 0.07, 1.38, 0.22]","[1631, 1640, 1726, 1643, 1722, 8551]",16913,['VWO'],[16913],1
2025-07-31,"['SPY', 'QQQ', 'IWM', 'VGK', 'EWJ', 'EEM', 'VNQ', 'GLD', 'DBC', 'HYG', 'LQD', 'TLT', 'IEF', 'SHY', 'VWO', 'BND']","[632.08, 565.01, 219.39, 75.65, 73.62, 48.56, 89.14, 302.96, 22.45, 80.38, 109.11, 86.92, 94.9, 82.52, 49.8, 73.2]","[590.65, 511.54, 215.63, 70.74, 70.43, 44.52, 91.22, 276.64, 21.83, 79.58, 108.66, 89.59, 94.72, 82.55, 46.21, 73.11]","[1.09, 1.4, 0.62, 0.21, 0.1, 0.92, 0.01, 0.6, 0.75, 0.09, 0.02, -0.39, -0.13, -0.07, 0.84, -0.07]",[17029],17029,"['QQQ', 'SPY', 'EEM', 'DBC', 'IWM', 'VWO']","[1702, 1702, 1702, 1702, 1702, 8515]",0.5
2025-08-29,"['SPY', 'QQQ', 'IWM', 'VGK', 'EWJ', 'EEM', 'VNQ', 'GLD', 'DBC', 'HYG', 'LQD', 'TLT', 'IEF', 'SHY', 'VWO', 'BND']","[645.05, 570.4, 235.17, 78.5, 78.28, 49.86, 92.24, 318.07, 22.21, 80.86, 109.8, 86.6, 96.15, 82.98, 51.53, 73.8]","[598.29, 520.2, 217.37, 71.87, 71.46, 45.07, 91.03, 283.09, 21.79, 79.75, 108.74, 89.0, 94.88, 82.61, 46.7, 73.19]","[0.94, 0.95, 1.71, 0.89, 1.36, 1.16, 0.48, 1.59, 0.14, 0.17, 0.15, -0.26, 0.24, 0.1, 1.26, 0.15]","[1718, 1736, 1747, 1683, 1824, 8810]",17518,['VWO'],[17518],1
