Date,Symbol,Result Close,MMA_10,Avg Profit Ratio,End Balance,Balance,Restart Asset,Restart Balance,Safe Asset Ratio
2015-12-31,"['SPY', 'QQQ', 'IWM', 'VGK', 'EWJ', 'EEM', 'VNQ', 'GLD', 'DBC', 'HYG', 'LQD', 'TLT', 'IEF']","[203.87, 111.86, 112.62, 49.88, 48.48, 32.19, 79.73, 101.46, 13.36, 80.58, 114.01, 120.58, 105.59]","[205.22, 108.76, 118.87, 53.09, 49.82, 36.85, 78.51, 108.69, 16.04, 86.8, 116.95, 122.91, 106.75]","[-0.81, 8.34, -5.85, -4.83, 7.83, -18.07, -1.57, -10.67, -27.59, -10.07, -4.52, -4.24, -0.38]",[],10000,['IEF'],[10000],1
2016-01-29,"['SPY', 'QQQ', 'IWM', 'VGK', 'EWJ', 'EEM', 'VNQ', 'GLD', 'DBC', 'HYG', 'LQD', 'TLT', 'IEF']","[193.72, 104.13, 102.96, 47.11, 46.0, 30.57, 76.99, 106.95, 12.78, 79.29, 114.15, 127.3, 109.11]","[203.95, 108.61, 116.73, 52.38, 49.41, 35.9, 77.78, 108.02, 15.61, 85.67, 116.19, 122.57, 106.83]","[-2.87, 3.0, -11.01, -10.57, 0.09, -21.66, -11.05, -13.37, -26.55, -12.12, -7.86, -7.94, -1.3]",[10333],10333,['IEF'],[10333],1
2016-02-29,"['SPY', 'QQQ', 'IWM', 'VGK', 'EWJ', 'EEM', 'VNQ', 'GLD', 'DBC', 'HYG', 'LQD', 'TLT', 'IEF']","[193.56, 102.5, 102.73, 45.59, 43.56, 30.32, 76.71, 118.64, 12.75, 80.08, 115.01, 130.98, 110.57]","[202.46, 108.1, 114.89, 51.29, 48.62, 34.64, 77.51, 108.53, 15.06, 84.58, 115.7, 123.07, 107.13]","[-8.12, -5.44, -16.19, -18.43, -11.82, -25.58, -7.99, 2.13, -29.83, -12.83, -5.57, 1.12, 2.72]",[10471],10471,['IEF'],[10471],1
2016-03-31,"['SPY', 'QQQ', 'IWM', 'VGK', 'EWJ', 'EEM', 'VNQ', 'GLD', 'DBC', 'HYG', 'LQD', 'TLT', 'IEF']","[205.52, 109.2, 110.63, 48.52, 45.64, 34.25, 83.8, 117.64, 13.29, 81.69, 118.82, 130.61, 110.34]","[201.89, 108.01, 113.56, 50.47, 47.96, 33.95, 77.98, 108.89, 14.61, 83.66, 115.75, 123.86, 107.47]","[-0.44, 3.41, -11.05, -10.51, -8.94, -14.65, -0.6, 3.5, -22.14, -9.84, -2.37, -0.06, 1.8]",[10449],10449,"['GLD', 'VNQ', 'TLT', 'LQD', 'SPY', 'QQQ', 'IEF']","[290, 290, 290, 290, 290, 290, 8707]",0.8333
2016-04-29,"['SPY', 'QQQ', 'IWM', 'VGK', 'EWJ', 'EEM', 'VNQ', 'GLD', 'DBC', 'HYG', 'LQD', 'TLT', 'IEF']","[206.33, 105.72, 112.48, 49.86, 45.68, 34.39, 81.83, 123.65, 14.58, 83.85, 120.33, 129.38, 110.0]","[201.94, 107.88, 112.32, 50.06, 47.41, 33.43, 78.69, 110.02, 14.27, 83.16, 116.22, 125.06, 107.97]","[-1.02, -1.77, -7.18, -11.78, -11.2, -19.8, 3.09, 8.97, -20.28, -7.85, 0.33, 2.72, 2.3]","[304, 283, 287, 293, 291, 280, 8680]",10418,"['GLD', 'VNQ', 'LQD', 'TLT', 'EEM', 'SPY', 'IEF']","[868, 868, 868, 868, 868, 868, 5209]",0.5
2016-05-31,"['SPY', 'QQQ', 'IWM', 'VGK', 'EWJ', 'EEM', 'VNQ', 'GLD', 'DBC', 'HYG', 'LQD', 'TLT', 'IEF']","[209.84, 110.34, 115.0, 49.61, 47.16, 33.12, 83.67, 116.06, 14.71, 83.61, 119.39, 130.16, 109.73]","[201.88, 107.72, 111.53, 49.48, 46.95, 33.03, 79.16, 111.13, 14.17, 82.73, 116.52, 125.82, 108.3]","[-0.62, 0.26, -7.18, -12.47, -9.66, -19.46, 5.72, 1.72, -16.94, -8.03, 0.95, 6.07, 2.63]","[814, 887, 861, 873, 835, 882, 5196]",10348,"['VNQ', 'GLD', 'SPY', 'DBC', 'TLT', 'IWM', 'IEF']","[1724, 1724, 1724, 1724, 1724, 1724, 0]",0
2016-06-30,"['SPY', 'QQQ', 'IWM', 'VGK', 'EWJ', 'EEM', 'VNQ', 'GLD', 'DBC', 'HYG', 'LQD', 'TLT', 'IEF']","[209.48, 107.54, 114.98, 46.66, 46.0, 34.36, 88.67, 126.47, 15.35, 84.7, 122.74, 138.9, 112.95]","[203.06, 108.04, 111.5, 48.99, 46.7, 33.08, 80.62, 112.89, 14.14, 82.57, 117.29, 127.57, 108.96]","[1.76, 0.44, -7.91, -13.56, -10.23, -13.28, 18.72, 12.55, -14.72, -4.62, 6.07, 18.25, 7.56]","[1827, 1878, 1721, 1799, 1839, 1723, 0]",10787,"['GLD', 'VNQ', 'TLT', 'DBC', 'LQD', 'EEM', 'IEF']","[898, 898, 898, 898, 898, 898, 5393]",0.5
2016-07-29,"['SPY', 'QQQ', 'IWM', 'VGK', 'EWJ', 'EEM', 'VNQ', 'GLD', 'DBC', 'HYG', 'LQD', 'TLT', 'IEF']","[217.12, 115.23, 121.07, 48.28, 48.24, 36.21, 92.45, 128.98, 14.28, 85.41, 123.99, 141.56, 113.07]","[205.61, 109.39, 112.69, 48.9, 46.96, 33.43, 82.31, 115.11, 14.05, 82.78, 118.08, 129.37, 109.48]","[3.14, 2.93, -1.54, -12.88, -6.73, -2.45, 17.03, 22.92, -9.22, -2.91, 6.57, 15.53, 6.23]","[915, 936, 915, 835, 907, 946, 5398]",10852,"['VNQ', 'GLD', 'TLT', 'EEM', 'IWM', 'SPY', 'IEF']","[1519, 1519, 1519, 1519, 1519, 1519, 1736]",0.16
2016-08-31,"['SPY', 'QQQ', 'IWM', 'VGK', 'EWJ', 'EEM', 'VNQ', 'GLD', 'DBC', 'HYG', 'LQD', 'TLT', 'IEF']","[217.38, 116.44, 123.23, 48.61, 49.12, 36.53, 88.97, 124.78, 14.39, 86.7, 123.89, 139.87, 111.77]","[206.55, 109.7, 113.48, 48.56, 46.94, 33.59, 83.22, 116.65, 13.97, 82.9, 118.82, 131.08, 109.95]","[9.97, 11.63, 6.97, -5.67, 1.32, 7.95, 20.18, 14.67, -8.29, 0.53, 7.67, 15.2, 5.09]","[1461, 1469, 1500, 1532, 1546, 1520, 1716]",10744,"['EEM', 'IWM', 'GLD', 'VNQ', 'TLT', 'QQQ', 'IEF']","[1790, 1790, 1790, 1790, 1790, 1790, 0]",0
2016-09-30,"['SPY', 'QQQ', 'IWM', 'VGK', 'EWJ', 'EEM', 'VNQ', 'GLD', 'DBC', 'HYG', 'LQD', 'TLT', 'IEF']","[216.3, 118.72, 124.21, 48.73, 50.16, 37.45, 86.74, 125.64, 15.01, 87.26, 123.18, 137.51, 111.88]","[207.31, 110.17, 113.99, 48.29, 47.0, 33.94, 83.96, 119.03, 14.05, 83.32, 119.55, 132.68, 110.5]","[12.87, 16.67, 13.75, -0.92, 9.71, 14.25, 14.83, 17.57, -0.92, 4.77, 6.11, 11.31, 3.72]","[1835, 1804, 1802, 1745, 1759, 1825, 0]",10770,"['EEM', 'IWM', 'QQQ', 'DBC', 'EWJ', 'GLD', 'IEF']","[1795, 1795, 1795, 1795, 1795, 1795, 0]",0
2016-10-31,"['SPY', 'QQQ', 'IWM', 'VGK', 'EWJ', 'EEM', 'VNQ', 'GLD', 'DBC', 'HYG', 'LQD', 'TLT', 'IEF']","[212.55, 116.99, 118.5, 47.01, 50.52, 37.14, 81.76, 121.94, 14.96, 86.02, 120.98, 131.25, 110.06]","[208.18, 110.68, 114.58, 48.0, 47.21, 34.43, 84.16, 121.07, 14.21, 83.86, 120.25, 133.75, 110.95]","[2.22, 3.23, 2.74, -9.74, 2.52, 6.51, 2.34, 11.56, -1.58, 0.53, 3.92, 6.9, 2.84]","[1780, 1712, 1768, 1789, 1807, 1742, 0]",10598,"['EEM', 'EWJ', 'QQQ', 'DBC', 'IWM', 'HYG', 'IEF']","[883, 883, 883, 883, 883, 883, 5299]",0.5
2016-11-30,"['SPY', 'QQQ', 'IWM', 'VGK', 'EWJ', 'EEM', 'VNQ', 'GLD', 'DBC', 'HYG', 'LQD', 'TLT', 'IEF']","[220.38, 117.5, 131.61, 45.91, 49.89, 35.5, 80.39, 111.75, 15.21, 85.65, 116.84, 120.24, 105.26]","[210.85, 112.02, 117.44, 47.88, 47.6, 34.93, 84.5, 121.55, 14.45, 84.5, 120.52, 133.05, 110.56]","[5.6, 3.05, 10.5, -10.73, 0.75, 4.44, 1.26, 9.64, 7.19, 3.13, 0.8, -1.0, -1.07]","[844, 871, 886, 897, 980, 879, 5067]",10424,"['IWM', 'DBC', 'QQQ', 'EWJ', 'SPY', 'EEM', 'IEF']","[289, 289, 289, 289, 289, 289, 8686]",0.8333
2016-12-30,"['SPY', 'QQQ', 'IWM', 'VGK', 'EWJ', 'EEM', 'VNQ', 'GLD', 'DBC', 'HYG', 'LQD', 'TLT', 'IEF']","[223.53, 118.48, 134.85, 47.94, 48.86, 35.01, 82.53, 109.61, 15.84, 86.55, 117.18, 119.13, 104.82]","[213.84, 113.62, 120.66, 48.11, 48.13, 35.4, 85.08, 120.65, 14.76, 85.14, 120.73, 131.86, 109.99]","[9.64, 5.92, 19.74, -3.89, 0.78, 8.76, 3.51, 8.03, 18.56, 7.41, 2.78, -1.2, -0.73]","[296, 300, 291, 283, 293, 285, 8649]",10397,['IEF'],[10397],1
2017-01-31,"['SPY', 'QQQ', 'IWM', 'VGK', 'EWJ', 'EEM', 'VNQ', 'GLD', 'DBC', 'HYG', 'LQD', 'TLT', 'IEF']","[227.53, 124.57, 135.23, 49.36, 50.57, 37.34, 82.37, 115.55, 15.75, 87.34, 117.35, 120.1, 105.05]","[216.04, 115.15, 123.12, 48.2, 48.62, 35.7, 84.94, 120.44, 15.01, 85.71, 120.59, 130.81, 109.46]","[17.45, 19.63, 31.34, 4.78, 9.93, 22.15, 6.99, 8.04, 23.24, 10.15, 2.8, -5.66, -3.72]",[10419],10419,"['IWM', 'QQQ', 'SPY', 'DBC', 'EEM', 'EWJ', 'IEF']","[578, 578, 578, 578, 578, 578, 6946]",0.6667
2017-02-28,"['SPY', 'QQQ', 'IWM', 'VGK', 'EWJ', 'EEM', 'VNQ', 'GLD', 'DBC', 'HYG', 'LQD', 'TLT', 'IEF']","[236.47, 130.02, 137.84, 49.65, 51.23, 37.99, 85.26, 119.23, 15.72, 88.29, 118.58, 121.74, 105.65]","[219.06, 117.58, 125.65, 48.18, 49.17, 36.06, 85.28, 120.0, 15.12, 86.15, 120.41, 130.05, 109.02]","[22.17, 26.85, 34.18, 8.91, 17.61, 25.3, 11.15, 0.5, 23.29, 10.25, 3.1, -7.05, -4.45]","[589, 603, 600, 576, 588, 585, 6985]",10526,"['QQQ', 'IWM', 'SPY', 'EEM', 'EWJ', 'DBC', 'IEF']","[584, 584, 584, 584, 584, 584, 7017]",0.6667
2017-03-31,"['SPY', 'QQQ', 'IWM', 'VGK', 'EWJ', 'EEM', 'VNQ', 'GLD', 'DBC', 'HYG', 'LQD', 'TLT', 'IEF']","[235.74, 132.38, 137.48, 51.57, 51.5, 39.39, 82.59, 118.72, 15.21, 87.78, 117.91, 120.71, 105.59]","[221.65, 119.79, 127.9, 48.37, 49.61, 36.69, 85.17, 120.27, 15.17, 86.57, 120.26, 129.1, 108.61]","[14.7, 21.23, 24.27, 6.29, 12.84, 15.01, -1.44, 0.92, 14.45, 7.46, -0.77, -7.58, -4.3]","[594, 582, 582, 605, 587, 565, 7013]",10528,"['QQQ', 'IWM', 'EEM', 'VGK', 'SPY', 'EWJ', 'IEF']","[584, 584, 584, 584, 584, 584, 7019]",0.6667
2017-04-28,"['SPY', 'QQQ', 'IWM', 'VGK', 'EWJ', 'EEM', 'VNQ', 'GLD', 'DBC', 'HYG', 'LQD', 'TLT', 'IEF']","[238.08, 135.99, 139.06, 53.58, 51.86, 40.06, 82.79, 120.77, 14.8, 88.12, 118.99, 122.35, 106.6]","[224.51, 122.63, 130.31, 49.06, 50.2, 37.26, 84.58, 119.7, 15.12, 86.91, 119.89, 127.45, 107.97]","[15.39, 28.63, 23.63, 7.46, 13.53, 16.49, 1.17, -2.33, 1.51, 5.09, -1.11, -5.43, -3.09]","[599, 590, 593, 606, 589, 588, 7086]",10651,"['QQQ', 'VGK', 'EEM', 'IWM', 'SPY', 'EWJ', 'IEF']","[591, 591, 591, 591, 591, 591, 7101]",0.6667
2017-05-31,"['SPY', 'QQQ', 'IWM', 'VGK', 'EWJ', 'EEM', 'VNQ', 'GLD', 'DBC', 'HYG', 'LQD', 'TLT', 'IEF']","[241.44, 141.29, 136.32, 56.21, 53.29, 41.2, 82.19, 120.62, 14.59, 88.65, 120.25, 124.4, 107.32]","[226.94, 125.24, 131.83, 49.86, 50.7, 37.76, 83.56, 118.86, 15.15, 87.24, 119.52, 125.73, 107.4]","[15.06, 28.05, 18.54, 13.3, 13.0, 24.4, -1.77, 3.93, -0.82, 6.03, 0.72, -4.43, -2.2]","[614, 620, 607, 579, 599, 607, 7148]",10774,"['QQQ', 'VGK', 'EEM', 'SPY', 'EWJ', 'IWM', 'IEF']","[897, 897, 897, 897, 897, 897, 5387]",0.5
2017-06-30,"['SPY', 'QQQ', 'IWM', 'VGK', 'EWJ', 'EEM', 'VNQ', 'GLD', 'DBC', 'HYG', 'LQD', 'TLT', 'IEF']","[241.8, 137.64, 140.92, 55.14, 53.65, 41.39, 83.23, 118.02, 14.45, 88.39, 120.51, 125.12, 106.61]","[229.38, 127.36, 133.6, 50.51, 51.15, 38.25, 82.99, 118.19, 15.15, 87.41, 119.18, 124.25, 106.88]","[15.43, 27.99, 22.56, 18.17, 16.63, 20.46, -6.14, -6.68, -5.86, 4.36, -1.82, -9.92, -5.61]","[873, 879, 901, 898, 903, 927, 5351]",10732,"['VGK', 'EEM', 'QQQ', 'IWM', 'SPY', 'EWJ', 'IEF']","[1192, 1192, 1192, 1192, 1192, 1192, 3576]",0.3333
2017-07-31,"['SPY', 'QQQ', 'IWM', 'VGK', 'EWJ', 'EEM', 'VNQ', 'GLD', 'DBC', 'HYG', 'LQD', 'TLT', 'IEF']","[246.77, 143.23, 141.51, 56.7, 54.76, 43.8, 84.26, 120.75, 15.04, 88.91, 121.11, 124.04, 106.85]","[232.43, 129.81, 135.33, 51.31, 51.61, 38.88, 82.74, 117.7, 15.16, 87.57, 118.97, 122.91, 106.38]","[13.66, 24.3, 16.88, 17.44, 13.52, 20.96, -8.86, -6.38, 5.32, 4.1, -2.32, -12.38, -5.5]","[1225, 1261, 1240, 1196, 1216, 1216, 3584]",10938,"['EEM', 'VGK', 'QQQ', 'SPY', 'EWJ', 'IWM', 'IEF']","[1531, 1531, 1531, 1531, 1531, 1531, 1750]",0.16
2017-08-31,"['SPY', 'QQQ', 'IWM', 'VGK', 'EWJ', 'EEM', 'VNQ', 'GLD', 'DBC', 'HYG', 'LQD', 'TLT', 'IEF']","[247.49, 146.2, 139.73, 56.74, 54.71, 44.83, 84.04, 125.82, 15.1, 88.6, 121.61, 127.99, 108.24]","[235.92, 132.73, 137.45, 52.28, 52.03, 39.65, 82.97, 118.08, 15.17, 87.83, 119.03, 122.58, 106.2]","[13.85, 25.56, 13.39, 16.72, 11.38, 22.72, -5.54, 0.83, 4.93, 2.19, -1.84, -8.49, -3.16]","[1567, 1532, 1562, 1535, 1529, 1511, 1772]",11008,"['EEM', 'QQQ', 'VGK', 'GLD', 'EWJ', 'SPY', 'IEF']","[1541, 1541, 1541, 1541, 1541, 1541, 1761]",0.16
2017-09-29,"['SPY', 'QQQ', 'IWM', 'VGK', 'EWJ', 'EEM', 'VNQ', 'GLD', 'DBC', 'HYG', 'LQD', 'TLT', 'IEF']","[251.23, 145.45, 148.18, 58.33, 55.71, 44.81, 83.09, 121.58, 15.4, 88.76, 121.23, 124.76, 106.52]","[239.01, 135.53, 139.11, 53.52, 52.61, 40.58, 83.24, 119.07, 15.19, 88.14, 119.47, 123.03, 106.32]","[16.15, 22.52, 19.3, 19.7, 11.06, 19.65, -4.21, -3.23, 2.6, 1.72, -1.58, -9.27, -4.79]","[1540, 1533, 1584, 1489, 1569, 1564, 1733]",11012,"['EEM', 'VGK', 'QQQ', 'IWM', 'EWJ', 'SPY', 'IEF']","[1541, 1541, 1541, 1541, 1541, 1541, 1761]",0.16
2017-10-31,"['SPY', 'QQQ', 'IWM', 'VGK', 'EWJ', 'EEM', 'VNQ', 'GLD', 'DBC', 'HYG', 'LQD', 'TLT', 'IEF']","[257.15, 152.15, 149.26, 58.6, 58.65, 46.28, 82.2, 120.67, 16.01, 88.47, 121.14, 124.46, 106.16]","[242.37, 138.89, 140.55, 54.59, 53.59, 41.71, 83.2, 120.17, 15.21, 88.33, 119.87, 123.57, 106.46]","[20.98, 30.05, 25.96, 24.65, 16.09, 24.61, 0.54, -1.04, 7.02, 2.85, 0.13, -5.17, -3.54]","[1591, 1548, 1611, 1552, 1622, 1577, 1755]",11256,"['EEM', 'QQQ', 'EWJ', 'VGK', 'IWM', 'SPY', 'IEF']","[1575, 1575, 1575, 1575, 1575, 1575, 1800]",0.16
2017-11-30,"['SPY', 'QQQ', 'IWM', 'VGK', 'EWJ', 'EEM', 'VNQ', 'GLD', 'DBC', 'HYG', 'LQD', 'TLT', 'IEF']","[265.01, 155.15, 153.65, 58.57, 59.91, 46.1, 84.39, 121.1, 16.16, 87.78, 120.67, 125.12, 105.7]","[246.12, 141.95, 142.39, 55.51, 54.53, 42.59, 83.4, 120.73, 15.25, 88.38, 120.2, 124.07, 106.52]","[20.25, 32.04, 16.75, 27.58, 20.08, 29.86, 4.98, 8.37, 6.25, 2.49, 3.28, 4.06, 0.42]","[1568, 1606, 1608, 1574, 1621, 1623, 1792]",11392,"['EWJ', 'QQQ', 'EEM', 'IWM', 'SPY', 'DBC', 'IEF']","[1594, 1594, 1594, 1594, 1594, 1594, 1822]",0.16
2017-12-29,"['SPY', 'QQQ', 'IWM', 'VGK', 'EWJ', 'EEM', 'VNQ', 'GLD', 'DBC', 'HYG', 'LQD', 'TLT', 'IEF']","[266.86, 155.76, 152.46, 59.15, 59.93, 47.12, 82.98, 123.65, 16.61, 87.26, 121.56, 126.86, 105.57]","[249.16, 144.52, 143.86, 56.46, 55.4, 43.5, 83.18, 121.17, 15.34, 88.27, 120.5, 124.58, 106.52]","[19.38, 31.47, 13.06, 23.38, 22.66, 34.59, 0.55, 12.81, 4.86, 0.82, 3.74, 6.49, 0.72]","[1594, 1600, 1629, 1581, 1605, 1638, 1819]",11466,"['EEM', 'DBC', 'EWJ', 'QQQ', 'SPY', 'IWM', 'IEF']","[1274, 1274, 1274, 1274, 1274, 1274, 3821]",0.3333
2018-01-31,"['SPY', 'QQQ', 'IWM', 'VGK', 'EWJ', 'EEM', 'VNQ', 'GLD', 'DBC', 'HYG', 'LQD', 'TLT', 'IEF']","[281.9, 169.4, 156.36, 62.48, 62.94, 51.03, 79.45, 127.65, 17.1, 87.3, 120.07, 122.73, 103.3]","[253.77, 148.23, 145.74, 57.55, 56.54, 44.66, 82.86, 122.06, 15.53, 88.22, 120.71, 124.78, 106.29]","[23.9, 35.99, 15.63, 26.58, 24.46, 36.66, -3.54, 10.47, 8.57, -0.05, 2.32, 2.19, -1.67]","[1379, 1311, 1337, 1385, 1345, 1306, 3738]",11801,"['QQQ', 'EEM', 'EWJ', 'SPY', 'DBC', 'VGK', 'IEF']","[655, 655, 655, 655, 655, 655, 7867]",0.6667
2018-02-28,"['SPY', 'QQQ', 'IWM', 'VGK', 'EWJ', 'EEM', 'VNQ', 'GLD', 'DBC', 'HYG', 'LQD', 'TLT', 'IEF']","[271.65, 167.21, 150.35, 58.64, 61.07, 48.02, 73.35, 125.0, 16.6, 86.18, 117.07, 118.75, 102.17]","[257.13, 151.35, 146.87, 58.06, 57.46, 45.46, 81.92, 122.49, 15.71, 88.03, 120.52, 124.42, 105.84]","[14.88, 28.6, 9.08, 18.11, 19.21, 26.4, -13.97, 4.84, 5.6, -2.39, -1.27, -2.46, -3.29]","[646, 616, 635, 631, 635, 614, 7780]",11557,"['QQQ', 'EWJ', 'DBC', 'SPY', 'EEM', 'IWM', 'IEF']","[641, 641, 641, 641, 641, 641, 7705]",0.6667
2018-03-29,"['SPY', 'QQQ', 'IWM', 'VGK', 'EWJ', 'EEM', 'VNQ', 'GLD', 'DBC', 'HYG', 'LQD', 'TLT', 'IEF']","[263.15, 160.13, 151.83, 58.15, 60.68, 48.28, 75.47, 125.79, 16.98, 85.64, 117.39, 121.9, 103.19]","[259.3, 153.23, 148.42, 58.25, 58.2, 46.17, 81.25, 123.0, 15.95, 87.73, 120.24, 124.17, 105.43]","[11.63, 20.96, 10.44, 12.76, 17.83, 22.57, -8.62, 5.96, 11.64, -2.44, -0.44, 0.99, -2.27]","[613, 636, 655, 620, 644, 647, 7781]",11596,"['DBC', 'EEM', 'QQQ', 'EWJ', 'IWM', 'GLD', 'IEF']","[322, 322, 322, 322, 322, 322, 9662]",0.8333
2018-04-30,"['SPY', 'QQQ', 'IWM', 'VGK', 'EWJ', 'EEM', 'VNQ', 'GLD', 'DBC', 'HYG', 'LQD', 'TLT', 'IEF']","[264.51, 160.94, 153.32, 59.4, 60.64, 46.92, 76.09, 124.59, 17.56, 85.7, 115.22, 119.1, 101.7]","[261.57, 155.56, 149.66, 58.68, 58.9, 46.72, 80.53, 123.66, 16.26, 87.46, 119.71, 123.57, 104.94]","[11.1, 18.35, 10.25, 10.86, 16.93, 17.12, -8.09, 3.16, 18.65, -2.75, -3.17, -2.66, -4.6]","[332, 312, 323, 321, 325, 318, 9522]",11453,"['DBC', 'QQQ', 'EWJ', 'IWM', 'VGK', 'SPY', 'IEF']","[636, 636, 636, 636, 636, 636, 7635]",0.6667
2018-05-31,"['SPY', 'QQQ', 'IWM', 'VGK', 'EWJ', 'EEM', 'VNQ', 'GLD', 'DBC', 'HYG', 'LQD', 'TLT', 'IEF']","[270.94, 170.07, 162.77, 57.96, 59.74, 45.69, 78.89, 123.1, 18.03, 85.38, 115.49, 121.22, 102.51]","[263.99, 158.25, 151.79, 58.8, 59.4, 46.91, 79.99, 123.89, 16.56, 87.11, 119.14, 123.29, 104.51]","[12.22, 20.37, 19.4, 3.11, 12.1, 10.9, -4.02, 2.06, 23.58, -3.69, -3.96, -2.56, -4.48]","[653, 672, 626, 675, 620, 651, 7695]",11592,['IEF'],[11592],1
2018-06-29,"['SPY', 'QQQ', 'IWM', 'VGK', 'EWJ', 'EEM', 'VNQ', 'GLD', 'DBC', 'HYG', 'LQD', 'TLT', 'IEF']","[271.28, 171.65, 163.77, 56.13, 57.91, 43.33, 81.45, 118.65, 17.68, 85.08, 114.57, 121.72, 102.51]","[266.37, 160.79, 154.2, 58.74, 59.72, 46.76, 79.74, 123.18, 16.81, 86.76, 118.44, 122.66, 103.93]","[12.19, 24.71, 16.21, 1.8, 7.94, 4.69, -2.14, 0.53, 22.35, -3.74, -4.93, -2.72, -3.85]",[11592],11592,['IEF'],[11592],1
2018-07-31,"['SPY', 'QQQ', 'IWM', 'VGK', 'EWJ', 'EEM', 'VNQ', 'GLD', 'DBC', 'HYG', 'LQD', 'TLT', 'IEF']","[281.33, 176.45, 165.87, 58.04, 58.53, 44.86, 81.94, 115.99, 17.25, 86.12, 115.76, 119.7, 101.78]","[269.38, 163.89, 155.96, 58.71, 60.0, 46.76, 79.62, 122.62, 17.0, 86.49, 117.89, 122.16, 103.46]","[14.0, 23.19, 17.21, 2.36, 6.88, 2.42, -2.75, -3.94, 14.69, -3.14, -4.42, -3.5, -4.74]",[11509],11509,['IEF'],[11509],1
2018-08-31,"['SPY', 'QQQ', 'IWM', 'VGK', 'EWJ', 'EEM', 'VNQ', 'GLD', 'DBC', 'HYG', 'LQD', 'TLT', 'IEF']","[290.31, 186.65, 173.02, 56.4, 58.22, 43.17, 84.05, 113.51, 17.38, 86.36, 115.44, 121.0, 102.61]","[272.69, 167.34, 158.34, 58.49, 59.96, 46.45, 79.81, 121.9, 17.14, 86.28, 117.32, 121.81, 103.1]","[17.3, 27.67, 23.82, -0.6, 6.42, -3.7, 0.01, -9.78, 15.1, -2.53, -5.07, -5.46, -5.2]",[11602],11602,['IEF'],[11602],1
2018-09-28,"['SPY', 'QQQ', 'IWM', 'VGK', 'EWJ', 'EEM', 'VNQ', 'GLD', 'DBC', 'HYG', 'LQD', 'TLT', 'IEF']","[290.72, 185.79, 168.55, 56.22, 60.23, 42.92, 80.68, 112.76, 17.97, 86.44, 114.93, 117.27, 101.17]","[275.26, 170.4, 159.83, 58.26, 59.99, 46.13, 79.43, 121.07, 17.32, 86.15, 116.75, 121.03, 102.65]","[15.72, 27.73, 13.75, -3.62, 8.11, -4.22, -2.9, -7.25, 16.69, -2.61, -5.2, -6.0, -5.02]",[11439],11439,"['QQQ', 'SPY', 'IWM', 'DBC', 'VNQ', 'EWJ', 'IEF']","[317, 317, 317, 317, 317, 317, 9532]",0.8333
2018-10-31,"['SPY', 'QQQ', 'IWM', 'VGK', 'EWJ', 'EEM', 'VNQ', 'GLD', 'DBC', 'HYG', 'LQD', 'TLT', 'IEF']","[270.63, 169.82, 150.03, 51.78, 54.84, 39.16, 78.32, 115.15, 16.96, 84.35, 112.23, 113.58, 100.66]","[275.64, 171.81, 159.59, 57.52, 59.48, 45.34, 78.97, 120.22, 17.35, 85.86, 115.82, 119.7, 102.16]","[5.24, 11.61, 0.52, -11.64, -6.5, -15.38, -4.72, -4.57, 5.93, -4.66, -7.36, -8.74, -5.18]","[289, 295, 282, 299, 307, 288, 9483]",11243,['IEF'],[11243],1
2018-11-30,"['SPY', 'QQQ', 'IWM', 'VGK', 'EWJ', 'EEM', 'VNQ', 'GLD', 'DBC', 'HYG', 'LQD', 'TLT', 'IEF']","[275.65, 169.37, 152.62, 51.43, 55.34, 41.08, 81.98, 115.54, 15.29, 83.6, 111.46, 115.33, 101.78]","[275.02, 171.81, 159.21, 56.42, 58.72, 44.34, 79.22, 119.01, 17.17, 85.48, 114.96, 118.96, 102.01]","[4.01, 9.17, -0.67, -12.19, -7.63, -10.89, -2.86, -4.59, -5.38, -4.76, -7.63, -7.82, -3.71]",[11368],11368,['IEF'],[11368],1
2018-12-31,"['SPY', 'QQQ', 'IWM', 'VGK', 'EWJ', 'EEM', 'VNQ', 'GLD', 'DBC', 'HYG', 'LQD', 'TLT', 'IEF']","[249.92, 154.26, 133.9, 48.62, 50.69, 39.06, 74.57, 121.25, 14.49, 81.1, 112.82, 121.51, 104.2]","[272.84, 170.51, 157.57, 55.41, 57.68, 43.45, 79.34, 118.63, 16.96, 84.98, 114.53, 119.23, 102.21]","[-6.35, -0.96, -12.17, -17.8, -15.42, -17.11, -10.13, -1.94, -12.76, -7.06, -7.19, -4.22, -1.3]",[11638],11638,['IEF'],[11638],1
2019-01-31,"['SPY', 'QQQ', 'IWM', 'VGK', 'EWJ', 'EEM', 'VNQ', 'GLD', 'DBC', 'HYG', 'LQD', 'TLT', 'IEF']","[269.93, 168.16, 149.06, 51.87, 54.28, 43.1, 83.41, 124.75, 15.52, 85.11, 116.62, 121.97, 104.88]","[273.52, 171.32, 157.29, 54.79, 57.04, 42.93, 80.14, 118.53, 16.81, 84.92, 114.45, 119.24, 102.38]","[-4.25, -0.73, -4.67, -16.98, -13.76, -15.54, 4.98, -2.27, -9.24, -2.51, -2.87, -0.62, 1.53]",[11713],11713,['IEF'],[11713],1
2019-02-28,"['SPY', 'QQQ', 'IWM', 'VGK', 'EWJ', 'EEM', 'VNQ', 'GLD', 'DBC', 'HYG', 'LQD', 'TLT', 'IEF']","[278.68, 173.19, 156.78, 53.51, 54.36, 42.44, 83.99, 123.99, 15.96, 85.75, 116.03, 120.02, 104.11]","[274.94, 172.54, 157.64, 54.2, 56.41, 42.48, 80.93, 118.47, 16.65, 84.93, 114.54, 119.33, 102.62]","[2.59, 3.58, 4.28, -8.75, -10.99, -11.62, 14.51, -0.81, -3.86, -0.5, -0.89, 1.07, 1.9]",[11627],11627,"['GLD', 'VNQ', 'SPY', 'LQD', 'HYG', 'TLT', 'IEF']","[323, 323, 323, 323, 323, 323, 9688]",0.8333
2019-03-29,"['SPY', 'QQQ', 'IWM', 'VGK', 'EWJ', 'EEM', 'VNQ', 'GLD', 'DBC', 'HYG', 'LQD', 'TLT', 'IEF']","[282.48, 179.66, 153.09, 53.61, 54.72, 42.92, 86.91, 122.01, 15.9, 86.47, 119.06, 126.44, 106.67]","[276.09, 173.5, 156.67, 53.76, 55.91, 42.2, 81.73, 118.36, 16.44, 85.04, 114.89, 119.85, 103.04]","[7.35, 12.2, 0.83, -7.81, -9.82, -11.1, 15.16, -3.01, -6.36, 0.97, 1.42, 3.72, 3.37]","[317, 334, 327, 331, 325, 340, 9926]",11900,"['VNQ', 'TLT', 'LQD', 'QQQ', 'GLD', 'SPY', 'IEF']","[661, 661, 661, 661, 661, 661, 7933]",0.6667
2019-04-30,"['SPY', 'QQQ', 'IWM', 'VGK', 'EWJ', 'EEM', 'VNQ', 'GLD', 'DBC', 'HYG', 'LQD', 'TLT', 'IEF']","[294.02, 189.54, 158.29, 55.71, 55.42, 43.93, 86.77, 121.2, 16.09, 86.94, 119.22, 123.65, 105.9]","[278.37, 175.29, 156.12, 53.72, 55.66, 42.26, 82.26, 118.62, 16.28, 85.22, 115.36, 120.05, 103.38]","[11.16, 17.77, 3.24, -6.21, -8.61, -6.37, 14.04, -2.72, -8.37, 1.45, 3.47, 3.82, 4.13]","[659, 646, 661, 697, 656, 688, 7875]",11882,"['QQQ', 'SPY', 'VNQ', 'EEM', 'VGK', 'LQD', 'IEF']","[1320, 1320, 1320, 1320, 1320, 1320, 3960]",0.3333
2019-05-31,"['SPY', 'QQQ', 'IWM', 'VGK', 'EWJ', 'EEM', 'VNQ', 'GLD', 'DBC', 'HYG', 'LQD', 'TLT', 'IEF']","[275.27, 173.95, 145.86, 52.55, 52.72, 40.71, 86.89, 123.33, 15.13, 84.9, 120.83, 131.83, 108.91]","[277.76, 175.04, 154.12, 53.17, 55.08, 41.85, 82.76, 119.35, 16.07, 85.1, 115.86, 121.26, 104.09]","[1.6, 2.28, -10.39, -9.33, -11.75, -10.9, 10.14, 0.19, -16.08, -0.56, 4.62, 8.75, 6.24]","[1211, 1235, 1321, 1223, 1245, 1337, 4072]",11644,['IEF'],[11644],1
2019-06-28,"['SPY', 'QQQ', 'IWM', 'VGK', 'EWJ', 'EEM', 'VNQ', 'GLD', 'DBC', 'HYG', 'LQD', 'TLT', 'IEF']","[293.0, 186.74, 155.5, 54.9, 54.58, 42.91, 87.4, 133.2, 15.73, 87.18, 124.37, 132.81, 110.02]","[278.03, 175.05, 152.37, 53.02, 54.72, 41.82, 83.09, 121.32, 15.9, 85.18, 116.76, 122.44, 104.83]","[8.01, 8.79, -5.05, -2.19, -5.75, -0.97, 7.31, 12.26, -11.03, 2.47, 8.55, 9.11, 7.33]",[11762],11762,"['GLD', 'TLT', 'QQQ', 'LQD', 'SPY', 'VNQ', 'IEF']","[1306, 1306, 1306, 1306, 1306, 1306, 3920]",0.3333
2019-07-31,"['SPY', 'QQQ', 'IWM', 'VGK', 'EWJ', 'EEM', 'VNQ', 'GLD', 'DBC', 'HYG', 'LQD', 'TLT', 'IEF']","[297.43, 191.1, 156.56, 53.47, 54.35, 41.77, 88.89, 133.21, 15.55, 86.93, 124.33, 132.89, 109.87]","[278.7, 175.58, 151.17, 52.74, 54.13, 41.71, 83.91, 123.36, 15.66, 85.23, 117.7, 124.0, 105.7]","[5.72, 8.3, -5.61, -7.87, -7.14, -6.89, 8.48, 14.85, -9.86, 0.94, 7.4, 11.02, 7.95]","[1306, 1306, 1336, 1305, 1325, 1328, 3914]",11820,"['QQQ', 'GLD', 'TLT', 'SPY', 'VNQ', 'LQD', 'IEF']","[1654, 1654, 1654, 1654, 1654, 1654, 1891]",0.16
2019-08-30,"['SPY', 'QQQ', 'IWM', 'VGK', 'EWJ', 'EEM', 'VNQ', 'GLD', 'DBC', 'HYG', 'LQD', 'TLT', 'IEF']","[292.45, 187.47, 148.84, 52.59, 53.92, 40.19, 92.22, 143.75, 14.83, 87.16, 128.8, 147.28, 114.01]","[280.88, 177.34, 151.05, 52.83, 54.04, 41.81, 85.3, 126.22, 15.45, 85.51, 119.35, 127.37, 107.03]","[0.74, 0.44, -13.98, -6.76, -7.39, -6.9, 9.72, 26.64, -14.67, 0.93, 11.57, 21.72, 11.11]","[1622, 1784, 1833, 1626, 1715, 1713, 1962]",12255,"['TLT', 'GLD', 'VNQ', 'LQD', 'QQQ', 'SPY', 'IEF']","[340, 340, 340, 340, 340, 340, 10212]",0.8333
2019-09-30,"['SPY', 'QQQ', 'IWM', 'VGK', 'EWJ', 'EEM', 'VNQ', 'GLD', 'DBC', 'HYG', 'LQD', 'TLT', 'IEF']","[296.77, 188.81, 151.34, 53.61, 56.74, 40.87, 93.25, 138.87, 15.04, 87.17, 127.48, 143.08, 112.47]","[282.99, 179.29, 150.92, 53.04, 54.18, 41.79, 86.43, 128.56, 15.42, 85.87, 120.96, 130.15, 108.1]","[2.08, 1.63, -10.21, -4.64, -5.79, -4.78, 15.58, 23.16, -16.3, 0.84, 10.92, 22.01, 11.17]","[330, 328, 343, 336, 342, 345, 10074]",12098,"['TLT', 'GLD', 'VNQ', 'LQD', 'QQQ', 'SPY', 'IEF']","[1344, 1344, 1344, 1344, 1344, 1344, 4032]",0.3333
2019-10-31,"['SPY', 'QQQ', 'IWM', 'VGK', 'EWJ', 'EEM', 'VNQ', 'GLD', 'DBC', 'HYG', 'LQD', 'TLT', 'IEF']","[303.33, 197.08, 155.45, 55.67, 58.68, 42.58, 94.3, 142.43, 15.33, 86.81, 127.71, 141.24, 112.51]","[288.34, 183.57, 153.08, 53.75, 54.98, 42.14, 88.4, 130.67, 15.51, 86.44, 122.45, 132.12, 108.94]","[12.08, 16.05, 3.61, 7.51, 7.0, 8.73, 20.4, 23.69, -9.61, 2.92, 13.79, 24.35, 11.77]","[1326, 1378, 1359, 1346, 1402, 1373, 4033]",12217,"['GLD', 'QQQ', 'TLT', 'EWJ', 'VNQ', 'SPY', 'IEF']","[1710, 1710, 1710, 1710, 1710, 1710, 1954]",0.16
2019-11-29,"['SPY', 'QQQ', 'IWM', 'VGK', 'EWJ', 'EEM', 'VNQ', 'GLD', 'DBC', 'HYG', 'LQD', 'TLT', 'IEF']","[314.31, 205.1, 161.77, 56.39, 59.43, 42.54, 93.07, 137.86, 15.31, 86.94, 127.97, 140.42, 111.57]","[292.77, 187.26, 154.35, 54.2, 55.49, 42.09, 89.37, 131.98, 15.49, 86.63, 123.58, 133.97, 109.6]","[14.03, 21.1, 6.0, 9.64, 7.39, 3.55, 13.53, 19.32, 0.13, 4.0, 14.81, 21.75, 9.62]","[1655, 1779, 1700, 1731, 1687, 1771, 1937]",12260,"['QQQ', 'SPY', 'EWJ', 'TLT', 'IWM', 'GLD', 'IEF']","[1716, 1716, 1716, 1716, 1716, 1716, 1961]",0.16
2019-12-31,"['SPY', 'QQQ', 'IWM', 'VGK', 'EWJ', 'EEM', 'VNQ', 'GLD', 'DBC', 'HYG', 'LQD', 'TLT', 'IEF']","[321.86, 212.61, 165.67, 58.6, 59.24, 44.87, 92.79, 142.9, 15.95, 87.94, 127.96, 135.48, 110.22]","[297.09, 191.21, 155.24, 54.71, 55.98, 42.33, 90.25, 133.88, 15.49, 86.84, 124.77, 135.51, 110.22]","[28.79, 37.83, 23.73, 20.53, 16.87, 14.87, 24.43, 17.86, 10.08, 8.43, 13.42, 11.5, 5.78]","[1778, 1757, 1710, 1655, 1757, 1778, 1937]",12372,"['QQQ', 'SPY', 'VGK', 'GLD', 'IWM', 'EEM', 'IEF']","[1732, 1732, 1732, 1732, 1732, 1732, 1979]",0.16
2020-01-31,"['SPY', 'QQQ', 'IWM', 'VGK', 'EWJ', 'EEM', 'VNQ', 'GLD', 'DBC', 'HYG', 'LQD', 'TLT', 'IEF']","[321.73, 219.07, 160.53, 56.79, 57.75, 42.11, 93.93, 149.33, 14.58, 87.53, 131.09, 145.9, 114.04]","[301.02, 195.15, 155.98, 55.03, 56.28, 42.25, 90.95, 136.61, 15.35, 86.95, 125.98, 137.46, 110.95]","[19.19, 30.27, 7.69, 9.49, 6.39, -2.3, 12.61, 19.7, -6.06, 2.84, 12.41, 19.62, 8.73]","[1784, 1731, 1678, 1809, 1678, 1625, 2047]",12352,"['QQQ', 'GLD', 'SPY', 'TLT', 'LQD', 'VNQ', 'IEF']","[1372, 1372, 1372, 1372, 1372, 1372, 4116]",0.3333
2020-02-28,"['SPY', 'QQQ', 'IWM', 'VGK', 'EWJ', 'EEM', 'VNQ', 'GLD', 'DBC', 'HYG', 'LQD', 'TLT', 'IEF']","[296.26, 205.8, 146.33, 52.27, 52.96, 40.52, 87.33, 148.38, 13.61, 86.04, 132.18, 155.31, 117.26]","[301.24, 196.77, 154.78, 54.68, 56.04, 41.91, 91.01, 139.33, 15.11, 86.86, 127.27, 140.62, 112.09]","[6.31, 18.83, -6.67, -2.32, -2.58, -4.52, 3.98, 19.67, -14.72, 0.34, 13.92, 29.4, 12.63]","[1288, 1363, 1263, 1460, 1383, 1275, 4232]",12264,['IEF'],[12264],1
2020-03-31,"['SPY', 'QQQ', 'IWM', 'VGK', 'EWJ', 'EEM', 'VNQ', 'GLD', 'DBC', 'HYG', 'LQD', 'TLT', 'IEF']","[257.75, 190.4, 114.46, 43.28, 49.39, 34.13, 69.85, 148.05, 11.25, 77.07, 123.51, 164.97, 121.48]","[299.49, 198.42, 151.64, 53.76, 55.7, 41.25, 89.3, 141.8, 14.72, 86.08, 127.54, 143.94, 113.35]","[-8.75, 5.98, -25.23, -19.27, -9.74, -20.48, -19.63, 21.34, -29.25, -10.87, 3.74, 30.47, 13.88]",[12705],12705,['IEF'],[12705],1
2020-04-30,"['SPY', 'QQQ', 'IWM', 'VGK', 'EWJ', 'EEM', 'VNQ', 'GLD', 'DBC', 'HYG', 'LQD', 'TLT', 'IEF']","[290.48, 218.91, 130.31, 46.07, 51.76, 36.64, 76.11, 158.8, 10.9, 80.43, 129.17, 166.74, 121.67]","[299.24, 201.64, 149.13, 52.87, 55.42, 40.62, 88.17, 144.36, 14.23, 85.4, 128.02, 147.33, 114.51]","[-1.2, 15.5, -17.68, -17.3, -6.6, -16.59, -12.29, 31.02, -32.26, -7.49, 8.35, 34.85, 14.89]",[12724],12724,['IEF'],[12724],1
2020-05-29,"['SPY', 'QQQ', 'IWM', 'VGK', 'EWJ', 'EEM', 'VNQ', 'GLD', 'DBC', 'HYG', 'LQD', 'TLT', 'IEF']","[304.32, 233.36, 138.9, 48.76, 55.41, 37.73, 77.43, 162.91, 11.78, 82.42, 132.02, 163.59, 121.94]","[299.93, 205.86, 147.36, 52.4, 55.53, 40.22, 87.03, 147.33, 13.86, 84.95, 128.79, 150.4, 115.72]","[10.55, 34.15, -4.77, -7.21, 5.1, -7.32, -10.89, 32.09, -22.14, -2.92, 9.26, 24.09, 11.96]",[12752],12752,['IEF'],[12752],1
2020-06-30,"['SPY', 'QQQ', 'IWM', 'VGK', 'EWJ', 'EEM', 'VNQ', 'GLD', 'DBC', 'HYG', 'LQD', 'TLT', 'IEF']","[308.36, 247.6, 143.18, 50.33, 54.92, 39.99, 78.53, 167.37, 12.31, 81.62, 134.5, 163.93, 121.87]","[301.52, 211.87, 146.79, 52.18, 55.63, 40.2, 85.66, 149.69, 13.61, 84.4, 129.36, 152.07, 116.5]","[5.24, 32.59, -7.92, -8.32, 0.62, -6.8, -10.15, 25.65, -21.74, -6.38, 8.15, 23.43, 10.77]",[12744],12744,['IEF'],[12744],1
2020-07-31,"['SPY', 'QQQ', 'IWM', 'VGK', 'EWJ', 'EEM', 'VNQ', 'GLD', 'DBC', 'HYG', 'LQD', 'TLT', 'IEF']","[326.52, 265.79, 147.36, 52.17, 54.33, 43.29, 81.39, 185.43, 12.94, 85.39, 138.35, 171.0, 122.8]","[304.49, 219.57, 146.4, 52.03, 55.39, 40.44, 84.47, 154.35, 13.4, 84.22, 130.45, 154.86, 117.54]","[9.78, 39.08, -5.88, -2.43, -0.04, 3.64, -8.44, 39.2, -16.78, -1.77, 11.28, 28.68, 11.77]",[12841],12841,"['QQQ', 'GLD', 'TLT', 'SPY', 'EEM', 'LQD', 'IEF']","[1070, 1070, 1070, 1070, 1070, 1070, 6420]",0.5
2020-08-31,"['SPY', 'QQQ', 'IWM', 'VGK', 'EWJ', 'EEM', 'VNQ', 'GLD', 'DBC', 'HYG', 'LQD', 'TLT', 'IEF']","[349.31, 294.88, 155.43, 54.42, 58.02, 44.54, 81.75, 184.83, 13.54, 85.03, 135.6, 162.19, 121.51]","[309.09, 229.35, 146.39, 51.91, 55.32, 40.64, 83.22, 158.59, 13.22, 84.04, 131.24, 156.95, 118.44]","[19.44, 57.29, 4.43, 3.48, 7.6, 10.82, -11.35, 28.58, -8.7, -2.44, 5.28, 10.12, 6.58]","[1187, 1066, 1014, 1144, 1100, 1048, 6352]",12911,"['QQQ', 'GLD', 'SPY', 'EEM', 'IWM', 'EWJ', 'IEF']","[1807, 1807, 1807, 1807, 1807, 1807, 2065]",0.16
2020-09-30,"['SPY', 'QQQ', 'IWM', 'VGK', 'EWJ', 'EEM', 'VNQ', 'GLD', 'DBC', 'HYG', 'LQD', 'TLT', 'IEF']","[334.89, 277.84, 149.79, 52.43, 59.07, 44.09, 78.96, 177.12, 13.06, 83.9, 134.71, 163.26, 121.82]","[311.15, 236.63, 145.2, 51.51, 55.28, 40.79, 81.81, 162.51, 12.99, 83.74, 131.91, 159.24, 119.46]","[12.84, 47.15, -1.02, -2.2, 4.11, 7.88, -15.32, 27.54, -13.16, -3.75, 5.67, 14.1, 8.31]","[1702, 1731, 1732, 1788, 1741, 1839, 2070]",12603,"['QQQ', 'GLD', 'EEM', 'SPY', 'EWJ', 'IWM', 'IEF']","[1764, 1764, 1764, 1764, 1764, 1764, 2016]",0.16
2020-10-30,"['SPY', 'QQQ', 'IWM', 'VGK', 'EWJ', 'EEM', 'VNQ', 'GLD', 'DBC', 'HYG', 'LQD', 'TLT', 'IEF']","[326.54, 269.38, 153.09, 49.59, 58.24, 44.71, 76.59, 176.2, 12.65, 83.88, 133.73, 157.57, 120.06]","[311.62, 242.3, 143.94, 50.61, 55.18, 40.78, 80.19, 165.84, 12.66, 83.33, 132.49, 161.45, 120.45]","[7.65, 36.69, -1.52, -10.92, -0.75, 5.0, -18.78, 23.71, -17.48, -3.38, 4.71, 11.56, 6.71]","[1710, 1754, 1788, 1720, 1739, 1802, 1986]",12499,"['QQQ', 'EEM', 'IWM', 'GLD', 'EWJ', 'SPY', 'IEF']","[694, 694, 694, 694, 694, 694, 8333]",0.6667
2020-11-30,"['SPY', 'QQQ', 'IWM', 'VGK', 'EWJ', 'EEM', 'VNQ', 'GLD', 'DBC', 'HYG', 'LQD', 'TLT', 'IEF']","[362.06, 299.62, 181.02, 57.72, 64.39, 48.73, 84.0, 166.67, 13.94, 86.32, 138.48, 160.02, 120.39]","[315.65, 250.36, 145.99, 50.7, 55.85, 41.44, 79.19, 167.58, 12.6, 83.21, 133.23, 162.86, 121.08]","[15.19, 46.08, 11.9, 2.36, 8.35, 14.55, -9.75, 20.9, -8.95, -0.71, 8.21, 13.96, 7.91]","[771, 756, 820, 656, 767, 769, 8355]",12894,"['IWM', 'QQQ', 'EEM', 'EWJ', 'SPY', 'VGK', 'IEF']","[1432, 1432, 1432, 1432, 1432, 1432, 4297]",0.3333
2020-12-31,"['SPY', 'QQQ', 'IWM', 'VGK', 'EWJ', 'EEM', 'VNQ', 'GLD', 'DBC', 'HYG', 'LQD', 'TLT', 'IEF']","[373.88, 313.74, 196.06, 60.24, 67.56, 51.67, 84.93, 178.36, 14.7, 87.3, 138.13, 157.73, 119.95]","[323.41, 261.15, 150.96, 51.5, 57.31, 42.55, 78.95, 170.57, 12.71, 83.34, 133.82, 163.1, 121.35]","[16.16, 47.57, 18.34, 2.8, 14.04, 15.15, -8.47, 24.81, -7.84, -0.73, 7.95, 16.42, 8.83]","[1550, 1499, 1518, 1502, 1478, 1494, 4281]",13322,"['IWM', 'EEM', 'QQQ', 'EWJ', 'VGK', 'DBC', 'IEF']","[1865, 1865, 1865, 1865, 1865, 1865, 2131]",0.16
2021-01-29,"['SPY', 'QQQ', 'IWM', 'VGK', 'EWJ', 'EEM', 'VNQ', 'GLD', 'DBC', 'HYG', 'LQD', 'TLT', 'IEF']","[370.07, 314.56, 205.56, 59.7, 66.99, 53.31, 84.96, 172.61, 15.19, 86.97, 135.6, 152.0, 118.64]","[334.64, 273.57, 160.07, 53.14, 59.07, 44.47, 80.46, 173.03, 13.1, 84.33, 135.03, 161.8, 121.07]","[15.03, 43.59, 28.05, 5.12, 16.0, 26.6, -9.55, 15.59, 4.18, -0.64, 3.44, 4.18, 4.03]","[1955, 1924, 1869, 1849, 1848, 1927, 2107]",13479,"['IWM', 'EEM', 'DBC', 'QQQ', 'EWJ', 'VGK', 'IEF']","[1497, 1497, 1497, 1497, 1497, 1497, 4492]",0.3333
2021-02-26,"['SPY', 'QQQ', 'IWM', 'VGK', 'EWJ', 'EEM', 'VNQ', 'GLD', 'DBC', 'HYG', 'LQD', 'TLT', 'IEF']","[380.36, 314.14, 218.31, 61.24, 68.22, 53.73, 87.87, 161.81, 16.73, 86.44, 132.27, 143.12, 115.76]","[343.63, 283.09, 168.87, 54.66, 60.71, 46.18, 81.64, 173.33, 13.68, 84.93, 135.34, 159.44, 120.47]","[28.39, 52.64, 49.19, 17.16, 28.81, 32.6, 0.62, 9.05, 22.92, 0.46, 0.07, -7.85, -1.28]","[1589, 1508, 1648, 1495, 1524, 1535, 4382]",13681,"['IWM', 'DBC', 'EEM', 'EWJ', 'VGK', 'QQQ', 'IEF']","[1140, 1140, 1140, 1140, 1140, 1140, 6840]",0.5
2021-03-31,"['SPY', 'QQQ', 'IWM', 'VGK', 'EWJ', 'EEM', 'VNQ', 'GLD', 'DBC', 'HYG', 'LQD', 'TLT', 'IEF']","[396.33, 319.13, 220.94, 63.0, 68.52, 53.34, 91.86, 159.96, 16.61, 87.18, 130.05, 135.45, 112.93]","[352.83, 291.67, 177.07, 56.08, 62.03, 47.74, 83.08, 173.04, 14.17, 85.4, 135.14, 156.63, 119.57]","[53.77, 67.61, 93.03, 45.56, 38.73, 56.28, 31.51, 8.04, 47.64, 13.12, 5.3, -17.89, -7.04]","[1153, 1131, 1131, 1145, 1172, 1158, 6672]",13562,"['IWM', 'DBC', 'VGK', 'SPY', 'EEM', 'VNQ', 'IEF']","[1130, 1130, 1130, 1130, 1130, 1130, 6781]",0.5
2021-04-30,"['SPY', 'QQQ', 'IWM', 'VGK', 'EWJ', 'EEM', 'VNQ', 'GLD', 'DBC', 'HYG', 'LQD', 'TLT', 'IEF']","[417.3, 337.99, 224.89, 66.01, 67.42, 53.98, 99.08, 165.66, 17.91, 87.44, 131.15, 138.64, 113.99]","[363.73, 300.71, 185.24, 57.65, 63.28, 49.14, 85.14, 172.86, 14.73, 85.99, 134.81, 154.1, 118.78]","[43.66, 54.4, 72.58, 43.28, 30.26, 47.33, 30.18, 4.32, 64.31, 8.72, 1.53, -16.85, -6.31]","[1150, 1218, 1183, 1189, 1143, 1218, 6844]",13945,"['DBC', 'IWM', 'VNQ', 'SPY', 'VGK', 'QQQ', 'IEF']","[1162, 1162, 1162, 1162, 1162, 1162, 6972]",0.5
2021-05-28,"['SPY', 'QQQ', 'IWM', 'VGK', 'EWJ', 'EEM', 'VNQ', 'GLD', 'DBC', 'HYG', 'LQD', 'TLT', 'IEF']","[420.04, 333.93, 225.5, 68.95, 68.58, 54.87, 99.88, 178.38, 18.6, 87.18, 131.71, 138.44, 114.4]","[373.08, 307.52, 193.06, 59.33, 64.7, 50.3, 86.99, 172.16, 15.29, 86.16, 134.14, 150.84, 117.94]","[38.03, 43.1, 62.35, 41.41, 23.77, 45.43, 28.99, 9.5, 57.89, 5.78, -0.23, -15.37, -6.18]","[1206, 1165, 1171, 1169, 1213, 1148, 6997]",14069,"['DBC', 'IWM', 'VGK', 'VNQ', 'SPY', 'EEM', 'IEF']","[1563, 1563, 1563, 1563, 1563, 1563, 4689]",0.3333
2021-06-30,"['SPY', 'QQQ', 'IWM', 'VGK', 'EWJ', 'EEM', 'VNQ', 'GLD', 'DBC', 'HYG', 'LQD', 'TLT', 'IEF']","[428.06, 354.43, 229.37, 67.26, 67.54, 55.15, 101.79, 165.63, 19.25, 88.04, 134.36, 144.35, 115.49]","[380.95, 313.48, 200.45, 60.61, 65.65, 51.36, 88.99, 170.24, 15.86, 86.47, 134.02, 149.06, 117.34]","[38.82, 43.15, 60.2, 33.64, 22.98, 37.91, 29.62, -1.04, 56.38, 7.87, -0.1, -11.94, -5.24]","[1617, 1589, 1524, 1592, 1592, 1570, 4733]",14217,"['DBC', 'IWM', 'VNQ', 'QQQ', 'SPY', 'VGK', 'IEF']","[1579, 1579, 1579, 1579, 1579, 1579, 4738]",0.3333
2021-07-30,"['SPY', 'QQQ', 'IWM', 'VGK', 'EWJ', 'EEM', 'VNQ', 'GLD', 'DBC', 'HYG', 'LQD', 'TLT', 'IEF']","[438.51, 364.57, 221.05, 68.51, 67.11, 51.6, 106.29, 169.82, 19.5, 87.84, 136.01, 149.52, 117.71]","[391.31, 322.15, 207.58, 62.22, 66.46, 52.11, 91.72, 169.51, 16.51, 86.86, 134.15, 147.68, 116.93]","[34.3, 37.16, 50.01, 31.32, 23.52, 19.2, 30.59, -8.42, 50.7, 2.87, -1.69, -12.56, -4.14]","[1599, 1521, 1648, 1624, 1617, 1608, 4829]",14446,"['DBC', 'VNQ', 'QQQ', 'SPY', 'VGK', 'IWM', 'IEF']","[2022, 2022, 2022, 2022, 2022, 2022, 2311]",0.16
2021-08-31,"['SPY', 'QQQ', 'IWM', 'VGK', 'EWJ', 'EEM', 'VNQ', 'GLD', 'DBC', 'HYG', 'LQD', 'TLT', 'IEF']","[451.56, 379.95, 225.92, 69.75, 68.4, 52.41, 108.58, 169.69, 19.18, 88.09, 135.3, 148.83, 117.17]","[403.82, 333.21, 214.86, 64.24, 67.47, 52.88, 94.92, 168.86, 17.16, 87.28, 134.31, 146.81, 116.64]","[29.27, 28.85, 45.35, 28.17, 17.89, 17.67, 32.82, -8.19, 41.65, 3.6, -0.22, -8.24, -3.57]","[1988, 2065, 2107, 2082, 2058, 2066, 2300]",14666,"['VNQ', 'QQQ', 'SPY', 'DBC', 'VGK', 'IWM', 'IEF']","[2053, 2053, 2053, 2053, 2053, 2053, 2346]",0.16
2021-09-30,"['SPY', 'QQQ', 'IWM', 'VGK', 'EWJ', 'EEM', 'VNQ', 'GLD', 'DBC', 'HYG', 'LQD', 'TLT', 'IEF']","[429.14, 357.96, 218.75, 65.61, 70.25, 50.38, 101.78, 164.22, 20.18, 87.49, 133.03, 144.32, 115.22]","[410.52, 339.04, 218.63, 65.03, 68.06, 53.04, 96.7, 168.61, 17.79, 87.4, 133.76, 145.24, 116.13]","[28.14, 28.84, 46.04, 25.14, 18.93, 14.27, 28.9, -7.28, 54.52, 4.28, -1.25, -11.6, -5.42]","[1924, 1934, 1951, 2160, 1931, 1987, 2306]",14193,"['DBC', 'QQQ', 'VNQ', 'SPY', 'EWJ', 'VGK', 'IEF']","[788, 788, 788, 788, 788, 788, 9462]",0.6667
2021-10-29,"['SPY', 'QQQ', 'IWM', 'VGK', 'EWJ', 'EEM', 'VNQ', 'GLD', 'DBC', 'HYG', 'LQD', 'TLT', 'IEF']","[459.25, 386.11, 228.05, 68.91, 68.4, 50.92, 109.04, 166.65, 21.35, 86.93, 133.48, 147.69, 114.63]","[419.06, 346.28, 221.83, 65.89, 68.14, 52.97, 99.11, 167.44, 18.45, 87.36, 133.3, 144.24, 115.59]","[40.64, 43.33, 48.96, 38.96, 17.45, 13.89, 42.37, -5.42, 68.77, 3.64, -0.19, -6.27, -4.52]","[833, 849, 844, 843, 767, 827, 9413]",14376,"['DBC', 'QQQ', 'VNQ', 'SPY', 'VGK', 'IWM', 'IEF']","[1198, 1198, 1198, 1198, 1198, 1198, 7188]",0.5
2021-11-30,"['SPY', 'QQQ', 'IWM', 'VGK', 'EWJ', 'EEM', 'VNQ', 'GLD', 'DBC', 'HYG', 'LQD', 'TLT', 'IEF']","[455.56, 393.82, 218.17, 65.54, 66.33, 48.84, 106.74, 165.5, 19.48, 85.64, 133.06, 151.59, 115.8]","[427.61, 354.2, 223.09, 66.48, 68.08, 52.52, 101.29, 166.73, 18.88, 87.23, 133.04, 144.2, 115.31]","[25.82, 31.44, 20.52, 13.55, 3.01, 0.23, 27.07, -0.7, 39.74, -0.79, -3.91, -5.27, -3.81]","[1093, 1221, 1172, 1188, 1139, 1146, 7261]",14220,['IEF'],[14220],1
2021-12-31,"['SPY', 'QQQ', 'IWM', 'VGK', 'EWJ', 'EEM', 'VNQ', 'GLD', 'DBC', 'HYG', 'LQD', 'TLT', 'IEF']","[474.96, 397.85, 222.45, 68.24, 66.96, 48.85, 116.01, 170.96, 20.78, 87.01, 132.52, 148.19, 115.0]","[437.07, 362.57, 223.51, 67.18, 67.95, 52.03, 104.11, 167.65, 19.28, 87.28, 133.07, 144.7, 115.23]","[27.04, 26.81, 13.46, 13.28, -0.89, -5.46, 36.59, -4.15, 41.36, -0.33, -4.06, -6.05, -4.13]",[14121],14121,"['VNQ', 'QQQ', 'SPY', 'DBC', 'TLT', 'GLD', 'IEF']","[392, 392, 392, 392, 392, 392, 11767]",0.8333
2022-01-31,"['SPY', 'QQQ', 'IWM', 'VGK', 'EWJ', 'EEM', 'VNQ', 'GLD', 'DBC', 'HYG', 'LQD', 'TLT', 'IEF']","[449.91, 363.05, 201.24, 65.8, 64.08, 48.84, 106.24, 168.09, 22.42, 84.7, 127.76, 142.39, 112.57]","[442.43, 366.97, 221.54, 67.46, 67.51, 51.58, 105.54, 168.46, 19.87, 87.04, 132.84, 145.4, 115.2]","[21.57, 15.42, -2.1, 10.22, -4.34, -8.38, 25.05, -2.62, 47.6, -2.61, -5.78, -6.32, -5.12]","[358, 357, 371, 422, 376, 385, 11518]",13787,['IEF'],[13787],1
2022-02-28,"['SPY', 'QQQ', 'IWM', 'VGK', 'EWJ', 'EEM', 'VNQ', 'GLD', 'DBC', 'HYG', 'LQD', 'TLT', 'IEF']","[436.63, 346.8, 203.32, 62.32, 62.94, 46.73, 102.54, 178.38, 23.87, 83.67, 124.8, 139.87, 112.12]","[444.36, 367.85, 219.38, 67.09, 67.06, 50.86, 105.89, 169.73, 20.46, 86.66, 132.2, 145.52, 115.01]","[14.79, 10.4, -6.87, 1.76, -7.74, -13.03, 16.7, 10.24, 42.68, -3.2, -5.65, -2.27, -3.14]",[13731],13731,['IEF'],[13731],1
2022-03-31,"['SPY', 'QQQ', 'IWM', 'VGK', 'EWJ', 'EEM', 'VNQ', 'GLD', 'DBC', 'HYG', 'LQD', 'TLT', 'IEF']","[451.64, 362.54, 205.27, 62.28, 61.61, 45.15, 108.37, 180.65, 26.06, 82.29, 120.94, 132.08, 107.47]","[447.52, 370.71, 217.36, 66.42, 66.36, 49.89, 106.74, 169.96, 21.21, 86.17, 131.13, 144.88, 114.32]","[13.96, 13.6, -7.09, -1.14, -10.08, -15.35, 17.97, 12.93, 56.89, -5.61, -7.0, -2.49, -4.83]",[13161],13161,['IEF'],[13161],1
2022-04-29,"['SPY', 'QQQ', 'IWM', 'VGK', 'EWJ', 'EEM', 'VNQ', 'GLD', 'DBC', 'HYG', 'LQD', 'TLT', 'IEF']","[412.0, 313.25, 184.95, 58.39, 56.62, 42.38, 103.94, 176.91, 27.53, 78.53, 112.6, 119.45, 102.81]","[445.92, 366.59, 212.92, 65.54, 65.27, 48.61, 106.95, 171.09, 22.04, 85.22, 128.95, 142.39, 113.05]","[-1.27, -7.32, -17.76, -11.54, -16.02, -21.49, 4.91, 6.79, 53.71, -10.19, -14.14, -13.84, -9.81]",[12590],12590,['IEF'],[12590],1
2022-05-31,"['SPY', 'QQQ', 'IWM', 'VGK', 'EWJ', 'EEM', 'VNQ', 'GLD', 'DBC', 'HYG', 'LQD', 'TLT', 'IEF']","[412.93, 308.28, 185.31, 59.8, 57.6, 42.64, 99.07, 171.14, 28.8, 79.5, 114.44, 116.56, 103.32]","[443.36, 360.96, 209.34, 64.66, 64.32, 47.71, 106.23, 171.22, 22.97, 84.38, 126.79, 139.1, 111.61]","[-1.69, -7.68, -17.82, -13.27, -16.01, -22.29, -0.81, -4.06, 54.84, -8.81, -13.11, -15.8, -9.69]",[12652],12652,['IEF'],[12652],1
2022-06-30,"['SPY', 'QQQ', 'IWM', 'VGK', 'EWJ', 'EEM', 'VNQ', 'GLD', 'DBC', 'HYG', 'LQD', 'TLT', 'IEF']","[377.25, 280.28, 169.36, 52.82, 52.83, 40.1, 91.11, 168.46, 26.64, 73.61, 110.03, 114.87, 102.3]","[435.93, 350.99, 203.69, 62.97, 62.76, 46.48, 104.48, 171.1, 23.71, 82.94, 124.27, 135.7, 110.12]","[-11.87, -20.92, -26.16, -21.47, -21.78, -27.29, -10.49, 1.71, 38.39, -16.39, -18.11, -20.42, -11.42]",[12527],12527,['IEF'],[12527],1
2022-07-29,"['SPY', 'QQQ', 'IWM', 'VGK', 'EWJ', 'EEM', 'VNQ', 'GLD', 'DBC', 'HYG', 'LQD', 'TLT', 'IEF']","[411.99, 315.46, 187.25, 55.46, 56.15, 39.96, 98.96, 164.1, 26.11, 78.19, 114.61, 117.43, 105.17]","[434.21, 346.74, 200.54, 61.96, 61.35, 45.44, 104.2, 171.08, 24.3, 82.01, 122.42, 133.01, 109.12]","[-6.05, -13.47, -15.29, -19.05, -16.33, -22.56, -6.9, -3.37, 33.9, -10.99, -15.73, -21.46, -10.65]",[12878],12878,['IEF'],[12878],1
2022-08-31,"['SPY', 'QQQ', 'IWM', 'VGK', 'EWJ', 'EEM', 'VNQ', 'GLD', 'DBC', 'HYG', 'LQD', 'TLT', 'IEF']","[395.18, 299.27, 183.5, 51.32, 53.59, 39.43, 93.01, 159.27, 25.72, 74.53, 109.27, 111.88, 100.94]","[427.8, 338.06, 196.08, 60.2, 59.87, 44.29, 102.6, 170.35, 24.74, 80.77, 120.0, 129.43, 107.75]","[-12.49, -21.23, -18.78, -26.42, -21.65, -24.77, -14.34, -6.14, 34.1, -15.39, -19.24, -24.83, -13.85]",[12360],12360,['IEF'],[12360],1
2022-09-30,"['SPY', 'QQQ', 'IWM', 'VGK', 'EWJ', 'EEM', 'VNQ', 'GLD', 'DBC', 'HYG', 'LQD', 'TLT', 'IEF']","[357.18, 267.26, 164.92, 46.15, 48.85, 34.88, 80.17, 154.67, 23.91, 71.39, 102.45, 102.45, 95.99]","[417.97, 325.4, 190.76, 58.26, 58.12, 42.9, 99.94, 169.26, 25.18, 79.34, 116.94, 124.52, 105.77]","[-16.77, -25.34, -24.61, -29.66, -30.46, -30.77, -21.23, -5.82, 18.48, -18.4, -22.99, -29.01, -16.69]",[11753],11753,['IEF'],[11753],1
2022-10-31,"['SPY', 'QQQ', 'IWM', 'VGK', 'EWJ', 'EEM', 'VNQ', 'GLD', 'DBC', 'HYG', 'LQD', 'TLT', 'IEF']","[386.21, 277.95, 183.33, 50.04, 49.99, 34.19, 82.98, 151.91, 25.12, 73.43, 101.35, 96.11, 94.41]","[409.09, 313.41, 186.85, 56.44, 56.43, 41.43, 96.64, 167.36, 25.62, 77.98, 113.83, 119.31, 103.71]","[-15.9, -28.01, -19.61, -27.38, -26.92, -32.86, -23.9, -8.84, 17.66, -15.53, -24.07, -34.92, -17.64]",[11559],11559,['IEF'],[11559],1
2022-11-30,"['SPY', 'QQQ', 'IWM', 'VGK', 'EWJ', 'EEM', 'VNQ', 'GLD', 'DBC', 'HYG', 'LQD', 'TLT', 'IEF']","[407.68, 293.36, 187.37, 56.79, 55.8, 39.52, 88.08, 164.81, 25.49, 75.66, 107.76, 102.73, 97.61]","[404.87, 306.44, 185.46, 55.54, 55.6, 40.5, 94.82, 167.03, 25.93, 77.08, 111.83, 115.34, 102.21]","[-10.51, -25.51, -14.12, -13.35, -15.88, -19.08, -17.48, -0.42, 30.85, -11.65, -19.01, -32.23, -15.71]",[11950],11950,['IEF'],[11950],1
2022-12-30,"['SPY', 'QQQ', 'IWM', 'VGK', 'EWJ', 'EEM', 'VNQ', 'GLD', 'DBC', 'HYG', 'LQD', 'TLT', 'IEF']","[382.43, 266.28, 174.36, 55.44, 54.44, 37.9, 82.48, 169.64, 24.65, 73.63, 105.43, 99.56, 95.78]","[399.45, 298.39, 182.56, 54.85, 54.75, 39.62, 92.82, 166.16, 26.0, 76.08, 109.89, 111.31, 100.58]","[-19.48, -33.07, -21.62, -18.76, -18.7, -22.42, -28.9, -0.77, 18.62, -15.38, -20.44, -32.82, -16.71]",[11725],11725,['IEF'],[11725],1
2023-01-31,"['SPY', 'QQQ', 'IWM', 'VGK', 'EWJ', 'EEM', 'VNQ', 'GLD', 'DBC', 'HYG', 'LQD', 'TLT', 'IEF']","[406.48, 294.62, 191.48, 60.74, 58.67, 41.36, 91.06, 179.41, 24.87, 76.33, 110.87, 107.17, 99.21]","[394.93, 291.6, 181.18, 54.7, 54.45, 39.24, 91.09, 166.03, 25.88, 75.48, 108.88, 108.82, 99.75]","[-9.65, -18.85, -4.85, -7.69, -8.44, -15.32, -14.29, 6.73, 10.93, -9.88, -13.22, -24.73, -11.87]",[12144],12144,"['VGK', 'GLD', 'EWJ', 'IWM', 'EEM', 'SPY', 'IEF']","[1012, 1012, 1012, 1012, 1012, 1012, 6072]",0.5
2023-02-28,"['SPY', 'QQQ', 'IWM', 'VGK', 'EWJ', 'EEM', 'VNQ', 'GLD', 'DBC', 'HYG', 'LQD', 'TLT', 'IEF']","[396.26, 293.56, 188.18, 59.7, 55.94, 38.23, 85.72, 169.78, 23.76, 74.53, 105.92, 101.71, 95.76]","[393.36, 289.63, 181.51, 54.83, 54.39, 38.82, 89.26, 165.32, 25.51, 75.08, 108.21, 107.05, 99.05]","[-9.25, -15.35, -7.45, -4.2, -11.12, -18.19, -16.4, -4.82, -0.46, -10.92, -15.13, -27.28, -14.59]","[994, 957, 964, 994, 935, 986, 5860]",11690,['IEF'],[11690],1
2023-03-31,"['SPY', 'QQQ', 'IWM', 'VGK', 'EWJ', 'EEM', 'VNQ', 'GLD', 'DBC', 'HYG', 'LQD', 'TLT', 'IEF']","[409.39, 320.93, 178.4, 60.95, 58.69, 39.46, 83.04, 183.22, 23.74, 75.55, 109.61, 106.37, 99.12]","[393.0, 290.9, 180.81, 54.94, 54.49, 38.5, 87.66, 166.53, 25.0, 74.69, 107.73, 106.03, 98.63]","[-9.35, -11.48, -13.09, -2.14, -4.74, -12.6, -23.37, 1.42, -8.9, -8.19, -9.37, -19.47, -7.77]",[12100],12100,"['VGK', 'QQQ', 'GLD', 'EWJ', 'SPY', 'EEM', 'IEF']","[1008, 1008, 1008, 1008, 1008, 1008, 6050]",0.5
2023-04-28,"['SPY', 'QQQ', 'IWM', 'VGK', 'EWJ', 'EEM', 'VNQ', 'GLD', 'DBC', 'HYG', 'LQD', 'TLT', 'IEF']","[415.93, 322.56, 175.2, 63.47, 58.84, 39.13, 83.3, 184.8, 23.56, 75.36, 109.93, 106.46, 99.73]","[396.87, 295.12, 181.4, 56.01, 55.1, 38.41, 86.88, 168.16, 24.69, 74.86, 107.72, 105.19, 98.37]","[0.95, 2.97, -5.27, 8.7, 3.92, -7.67, -19.86, 4.46, -14.42, -4.04, -2.37, -10.87, -3.0]","[1049, 1013, 1016, 1010, 1024, 999, 6087]",12198,"['VGK', 'GLD', 'QQQ', 'EWJ', 'SPY', 'LQD', 'IEF']","[1016, 1016, 1016, 1016, 1016, 1016, 6099]",0.5
2023-05-31,"['SPY', 'QQQ', 'IWM', 'VGK', 'EWJ', 'EEM', 'VNQ', 'GLD', 'DBC', 'HYG', 'LQD', 'TLT', 'IEF']","[417.85, 347.99, 173.77, 60.22, 59.34, 38.19, 80.0, 182.32, 22.05, 74.11, 107.62, 102.99, 98.06]","[397.46, 298.38, 180.05, 56.48, 55.41, 38.23, 84.98, 169.98, 24.29, 74.45, 107.02, 103.74, 97.66]","[1.19, 12.88, -6.23, 0.7, 3.02, -10.44, -19.25, 6.53, -23.44, -6.78, -5.96, -11.64, -5.09]","[963, 1002, 1096, 1024, 1020, 994, 5996]",12095,['IEF'],[12095],1
2023-06-30,"['SPY', 'QQQ', 'IWM', 'VGK', 'EWJ', 'EEM', 'VNQ', 'GLD', 'DBC', 'HYG', 'LQD', 'TLT', 'IEF']","[443.28, 369.42, 187.27, 61.7, 61.9, 39.56, 83.56, 178.27, 22.7, 75.07, 108.14, 102.94, 96.6]","[402.27, 305.39, 180.43, 57.52, 56.25, 38.24, 84.04, 171.88, 23.99, 74.51, 106.91, 102.85, 97.23]","[17.5, 31.8, 10.58, 16.81, 17.17, -1.35, -8.29, 5.82, -14.79, 1.98, -1.72, -10.39, -5.57]",[11914],11914,"['QQQ', 'SPY', 'EWJ', 'VGK', 'IWM', 'GLD', 'IEF']","[1323, 1323, 1323, 1323, 1323, 1323, 3970]",0.3333
2023-07-31,"['SPY', 'QQQ', 'IWM', 'VGK', 'EWJ', 'EEM', 'VNQ', 'GLD', 'DBC', 'HYG', 'LQD', 'TLT', 'IEF']","[457.79, 383.68, 198.71, 63.49, 63.42, 41.95, 85.26, 182.35, 24.68, 75.5, 107.85, 100.05, 95.74]","[412.33, 317.03, 183.81, 59.25, 57.7, 38.95, 84.55, 174.65, 24.06, 74.92, 107.45, 102.61, 97.2]","[11.12, 21.63, 6.12, 14.48, 12.95, 4.98, -13.84, 11.12, -5.48, -3.44, -5.9, -14.8, -8.97]","[1374, 1366, 1355, 1361, 1403, 1353, 3934]",12146,"['QQQ', 'SPY', 'EWJ', 'IWM', 'EEM', 'VGK', 'IEF']","[1700, 1700, 1700, 1700, 1700, 1700, 1943]",0.16
2023-08-31,"['SPY', 'QQQ', 'IWM', 'VGK', 'EWJ', 'EEM', 'VNQ', 'GLD', 'DBC', 'HYG', 'LQD', 'TLT', 'IEF']","[450.35, 377.99, 188.61, 60.92, 61.64, 39.17, 82.38, 180.02, 24.59, 75.28, 106.16, 96.64, 94.8]","[418.74, 327.04, 184.33, 60.34, 58.87, 39.45, 84.49, 177.46, 24.01, 75.1, 107.93, 102.66, 97.24]","[13.96, 26.3, 2.78, 18.71, 15.02, -0.66, -11.43, 13.03, -4.39, 1.01, -2.85, -13.62, -6.08]","[1674, 1672, 1652, 1613, 1587, 1631, 1923]",11752,"['QQQ', 'SPY', 'EWJ', 'DBC', 'IWM', 'GLD', 'IEF']","[652, 652, 652, 652, 652, 652, 7835]",0.6667
2023-09-29,"['SPY', 'QQQ', 'IWM', 'VGK', 'EWJ', 'EEM', 'VNQ', 'GLD', 'DBC', 'HYG', 'LQD', 'TLT', 'IEF']","[427.48, 358.27, 176.74, 57.93, 60.29, 37.95, 75.66, 171.45, 24.96, 73.72, 102.02, 88.69, 91.59]","[420.72, 333.53, 183.27, 60.46, 59.32, 39.29, 83.25, 178.13, 23.96, 74.91, 107.36, 101.26, 96.64]","[19.68, 34.05, 7.17, 25.53, 23.42, 8.8, -5.63, 10.85, 4.39, 3.26, -0.42, -13.43, -4.58]","[617, 618, 637, 661, 610, 620, 7569]",11332,['IEF'],[11332],1
2023-10-31,"['SPY', 'QQQ', 'IWM', 'VGK', 'EWJ', 'EEM', 'VNQ', 'GLD', 'DBC', 'HYG', 'LQD', 'TLT', 'IEF']","[418.2, 350.87, 164.52, 56.14, 58.96, 36.7, 72.92, 184.09, 24.51, 72.57, 99.17, 83.58, 89.59]","[424.3, 341.99, 182.29, 60.53, 59.77, 39.17, 82.29, 179.57, 23.94, 74.8, 106.73, 99.66, 96.02]","[8.28, 26.23, -10.26, 12.19, 17.94, 7.34, -12.12, 21.18, -2.43, -1.17, -2.15, -13.04, -5.11]",[11084],11084,['IEF'],[11084],1
2023-11-30,"['SPY', 'QQQ', 'IWM', 'VGK', 'EWJ', 'EEM', 'VNQ', 'GLD', 'DBC', 'HYG', 'LQD', 'TLT', 'IEF']","[456.4, 388.83, 179.66, 61.62, 62.61, 39.56, 81.73, 188.75, 23.91, 75.71, 106.29, 91.56, 93.41]","[429.29, 351.41, 181.11, 60.61, 60.16, 38.99, 81.36, 180.51, 23.85, 74.74, 106.27, 98.1, 95.44]","[11.95, 32.54, -4.11, 8.51, 12.2, 0.1, -7.21, 14.53, -6.2, 0.07, -1.36, -10.87, -4.3]",[11556],11556,"['QQQ', 'SPY', 'GLD', 'EWJ', 'VGK', 'EEM', 'IEF']","[1284, 1284, 1284, 1284, 1284, 1284, 3851]",0.3333
2023-12-29,"['SPY', 'QQQ', 'IWM', 'VGK', 'EWJ', 'EEM', 'VNQ', 'GLD', 'DBC', 'HYG', 'LQD', 'TLT', 'IEF']","[475.31, 409.52, 200.71, 64.48, 64.14, 40.21, 88.36, 191.17, 22.04, 77.39, 110.66, 98.88, 96.39]","[437.2, 363.01, 182.36, 61.09, 60.98, 39.19, 81.62, 182.64, 23.67, 75.03, 106.75, 97.82, 95.5]","[24.29, 53.79, 15.11, 16.31, 17.82, 6.09, 7.13, 12.69, -10.59, 5.11, 4.96, -0.68, 0.64]","[1352, 1337, 1300, 1315, 1343, 1305, 3973]",11925,"['QQQ', 'IWM', 'SPY', 'VNQ', 'VGK', 'EWJ', 'IEF']","[1669, 1669, 1669, 1669, 1669, 1669, 1908]",0.16
2024-01-31,"['SPY', 'QQQ', 'IWM', 'VGK', 'EWJ', 'EEM', 'VNQ', 'GLD', 'DBC', 'HYG', 'LQD', 'TLT', 'IEF']","[482.88, 416.97, 192.88, 63.69, 66.21, 38.39, 83.89, 188.45, 22.33, 77.48, 110.17, 96.66, 96.46]","[444.55, 372.61, 183.81, 61.37, 61.73, 39.08, 81.71, 183.17, 23.53, 75.22, 106.8, 96.85, 95.24]","[18.8, 41.53, 0.73, 4.86, 12.85, -7.18, -7.87, 5.04, -10.21, 1.51, -0.63, -9.81, -2.77]","[1699, 1603, 1695, 1584, 1648, 1722, 1909]",11860,"['QQQ', 'SPY', 'EWJ', 'IWM', 'VGK', 'LQD', 'IEF']","[988, 988, 988, 988, 988, 988, 5930]",0.5
2024-02-29,"['SPY', 'QQQ', 'IWM', 'VGK', 'EWJ', 'EEM', 'VNQ', 'GLD', 'DBC', 'HYG', 'LQD', 'TLT', 'IEF']","[508.08, 439.0, 203.73, 65.22, 69.12, 39.99, 85.55, 189.31, 21.99, 77.33, 107.66, 94.18, 94.22]","[453.76, 384.25, 186.66, 61.54, 62.76, 39.17, 81.93, 183.62, 23.38, 75.42, 106.57, 95.62, 94.69]","[28.22, 49.54, 8.26, 9.25, 23.56, 4.6, -0.2, 11.5, -7.45, 3.76, 1.64, -7.4, -1.61]","[1040, 1039, 1031, 1043, 1011, 965, 5792]",11921,"['QQQ', 'SPY', 'EWJ', 'IWM', 'VGK', 'VNQ', 'IEF']","[1324, 1324, 1324, 1324, 1324, 1324, 3973]",0.3333
2024-03-28,"['SPY', 'QQQ', 'IWM', 'VGK', 'EWJ', 'EEM', 'VNQ', 'GLD', 'DBC', 'HYG', 'LQD', 'TLT', 'IEF']","[523.07, 444.01, 210.3, 67.34, 71.35, 41.08, 86.48, 205.72, 22.97, 77.73, 108.92, 94.62, 94.66]","[464.28, 393.86, 190.31, 62.25, 63.96, 39.46, 82.58, 185.96, 23.47, 75.78, 106.7, 94.78, 94.35]","[27.77, 38.35, 17.88, 10.48, 21.57, 4.11, 4.14, 12.28, -3.24, 2.89, -0.63, -11.05, -4.5]","[1339, 1363, 1366, 1366, 1367, 1338, 3991]",12130,"['QQQ', 'SPY', 'EWJ', 'GLD', 'IWM', 'VGK', 'IEF']","[1347, 1347, 1347, 1347, 1347, 1347, 4042]",0.3333
2024-04-30,"['SPY', 'QQQ', 'IWM', 'VGK', 'EWJ', 'EEM', 'VNQ', 'GLD', 'DBC', 'HYG', 'LQD', 'TLT', 'IEF']","[501.98, 424.59, 195.9, 65.62, 67.27, 40.99, 79.61, 211.87, 23.34, 76.29, 104.99, 88.22, 91.43]","[470.15, 399.37, 191.18, 62.65, 64.5, 39.6, 82.18, 189.32, 23.53, 75.9, 106.39, 93.31, 93.83]","[20.69, 31.63, 11.82, 3.39, 14.33, 4.75, -4.43, 14.65, -0.93, 1.23, -4.49, -17.13, -8.32]","[1288, 1292, 1269, 1387, 1254, 1312, 3904]",11706,"['GLD', 'SPY', 'QQQ', 'VGK', 'EWJ', 'EEM', 'IEF']","[650, 650, 650, 650, 650, 650, 7804]",0.6667
2024-05-31,"['SPY', 'QQQ', 'IWM', 'VGK', 'EWJ', 'EEM', 'VNQ', 'GLD', 'DBC', 'HYG', 'LQD', 'TLT', 'IEF']","[527.37, 450.71, 205.77, 69.85, 68.97, 41.79, 83.24, 215.3, 23.27, 77.13, 106.89, 90.45, 92.8]","[477.11, 406.08, 191.88, 63.28, 65.06, 39.58, 81.98, 192.61, 23.39, 76.06, 106.29, 92.35, 93.54]","[26.21, 29.52, 18.42, 15.99, 16.23, 9.43, 4.05, 18.09, 5.53, 4.08, -0.68, -12.18, -5.36]","[660, 682, 689, 691, 666, 662, 7920]",11970,"['GLD', 'QQQ', 'SPY', 'VGK', 'IWM', 'EWJ', 'IEF']","[1330, 1330, 1330, 1330, 1330, 1330, 3989]",0.3333
2024-06-28,"['SPY', 'QQQ', 'IWM', 'VGK', 'EWJ', 'EEM', 'VNQ', 'GLD', 'DBC', 'HYG', 'LQD', 'TLT', 'IEF']","[544.22, 479.11, 202.89, 66.77, 68.24, 42.59, 84.79, 215.01, 23.23, 77.14, 107.12, 91.78, 93.65]","[486.5, 416.19, 193.31, 63.87, 65.72, 39.93, 82.22, 196.11, 23.25, 76.25, 106.39, 91.86, 93.42]","[22.77, 29.69, 8.34, 8.22, 10.24, 7.66, 1.48, 20.61, 2.33, 2.76, -0.94, -10.84, -3.05]","[1328, 1413, 1372, 1271, 1311, 1315, 4025]",12035,"['QQQ', 'SPY', 'GLD', 'EEM', 'IWM', 'VGK', 'IEF']","[1337, 1337, 1337, 1337, 1337, 1337, 4011]",0.3333
2024-07-31,"['SPY', 'QQQ', 'IWM', 'VGK', 'EWJ', 'EEM', 'VNQ', 'GLD', 'DBC', 'HYG', 'LQD', 'TLT', 'IEF']","[550.81, 471.07, 223.86, 68.46, 70.97, 42.95, 90.41, 226.55, 22.58, 78.54, 109.56, 94.81, 96.07]","[498.83, 427.47, 198.02, 64.92, 66.78, 40.43, 83.7, 201.62, 23.02, 76.73, 107.14, 92.47, 93.87]","[20.32, 22.78, 12.66, 7.83, 11.9, 2.38, 6.04, 24.24, -8.51, 4.03, 1.59, -5.24, 0.34]","[1314, 1353, 1408, 1348, 1475, 1370, 4114]",12382,"['IWM', 'GLD', 'SPY', 'QQQ', 'VNQ', 'EWJ', 'IEF']","[1733, 1733, 1733, 1733, 1733, 1733, 1981]",0.16
2024-08-30,"['SPY', 'QQQ', 'IWM', 'VGK', 'EWJ', 'EEM', 'VNQ', 'GLD', 'DBC', 'HYG', 'LQD', 'TLT', 'IEF']","[563.68, 476.27, 220.08, 70.93, 71.97, 43.37, 95.13, 231.29, 22.11, 79.34, 111.21, 96.49, 97.07]","[513.38, 440.01, 203.58, 66.4, 68.08, 41.09, 85.92, 206.34, 22.78, 77.41, 108.35, 93.76, 94.62]","[25.16, 26.0, 16.69, 16.43, 16.76, 10.72, 15.48, 28.48, -10.09, 5.39, 4.76, -0.16, 2.39]","[1703, 1769, 1773, 1752, 1823, 1757, 2001]",12578,"['GLD', 'VNQ', 'SPY', 'QQQ', 'IWM', 'VGK', 'IEF']","[1760, 1760, 1760, 1760, 1760, 1760, 2012]",0.16
2024-09-30,"['SPY', 'QQQ', 'IWM', 'VGK', 'EWJ', 'EEM', 'VNQ', 'GLD', 'DBC', 'HYG', 'LQD', 'TLT', 'IEF']","[573.76, 488.07, 220.89, 71.1, 71.54, 45.86, 97.42, 243.06, 22.27, 80.3, 112.98, 98.1, 98.12]","[525.12, 449.93, 207.7, 67.35, 68.98, 41.72, 87.49, 211.77, 22.61, 77.87, 109.02, 94.42, 95.09]","[34.22, 36.23, 24.98, 22.73, 18.66, 20.84, 28.76, 41.77, -10.78, 8.93, 10.74, 10.61, 7.13]","[1849, 1802, 1791, 1803, 1766, 1764, 2033]",12808,"['GLD', 'VNQ', 'EEM', 'SPY', 'QQQ', 'IWM', 'IEF']","[1793, 1793, 1793, 1793, 1793, 1793, 2049]",0.16
2024-10-31,"['SPY', 'QQQ', 'IWM', 'VGK', 'EWJ', 'EEM', 'VNQ', 'GLD', 'DBC', 'HYG', 'LQD', 'TLT', 'IEF']","[568.64, 483.85, 217.76, 67.18, 68.07, 44.45, 94.15, 253.51, 22.59, 79.14, 108.99, 92.45, 94.52]","[534.45, 457.36, 209.41, 67.62, 69.37, 42.15, 88.07, 218.01, 22.67, 78.04, 108.85, 93.78, 94.9]","[35.97, 37.9, 32.36, 19.67, 15.45, 21.12, 29.11, 37.71, -7.83, 9.05, 9.9, 10.61, 5.5]","[1870, 1732, 1737, 1777, 1777, 1767, 1973]",12633,"['GLD', 'VNQ', 'SPY', 'QQQ', 'EEM', 'IWM', 'IEF']","[701, 701, 701, 701, 701, 701, 8422]",0.6667
2024-11-29,"['SPY', 'QQQ', 'IWM', 'VGK', 'EWJ', 'EEM', 'VNQ', 'GLD', 'DBC', 'HYG', 'LQD', 'TLT', 'IEF']","[602.55, 509.74, 241.87, 66.0, 69.69, 43.26, 98.16, 245.59, 22.14, 80.04, 110.55, 93.97, 95.19]","[546.42, 466.64, 214.3, 67.85, 69.72, 42.63, 89.49, 223.72, 22.65, 78.3, 108.89, 93.51, 94.77]","[32.02, 31.1, 34.63, 7.11, 11.31, 9.35, 20.1, 30.11, -7.4, 5.72, 4.01, 2.63, 1.91]","[679, 730, 742, 738, 682, 778, 8481]",12830,"['IWM', 'SPY', 'GLD', 'VNQ', 'QQQ', 'HYG', 'IEF']","[1069, 1069, 1069, 1069, 1069, 1069, 6415]",0.5
2024-12-31,"['SPY', 'QQQ', 'IWM', 'VGK', 'EWJ', 'EEM', 'VNQ', 'GLD', 'DBC', 'HYG', 'LQD', 'TLT', 'IEF']","[586.08, 511.23, 220.96, 63.47, 67.1, 41.82, 89.08, 242.13, 21.38, 78.65, 106.84, 87.33, 92.45]","[554.22, 473.86, 216.03, 67.67, 69.52, 42.82, 89.85, 229.0, 22.59, 78.43, 108.8, 92.82, 94.6]","[23.3, 24.84, 10.09, -1.57, 4.61, 4.0, 0.81, 26.66, -2.99, 1.63, -3.45, -11.68, -4.09]","[976, 1039, 1053, 970, 1072, 1050, 6230]",12390,['IEF'],[12390],1
2025-01-31,"['SPY', 'QQQ', 'IWM', 'VGK', 'EWJ', 'EEM', 'VNQ', 'GLD', 'DBC', 'HYG', 'LQD', 'TLT', 'IEF']","[601.82, 522.29, 226.48, 67.5, 68.31, 42.72, 90.55, 258.56, 21.97, 79.72, 107.46, 87.76, 93.02]","[562.09, 481.69, 217.65, 67.69, 69.21, 42.98, 90.25, 234.29, 22.49, 78.63, 108.66, 92.14, 94.43]","[24.63, 25.26, 17.42, 5.98, 3.17, 11.28, 7.94, 37.2, -1.61, 2.89, -2.46, -9.21, -3.57]",[12466],12466,['IEF'],[12466],1
2025-02-28,"['SPY', 'QQQ', 'IWM', 'VGK', 'EWJ', 'EEM', 'VNQ', 'GLD', 'DBC', 'HYG', 'LQD', 'TLT', 'IEF']","[594.18, 508.17, 214.65, 70.2, 68.47, 43.21, 93.9, 263.27, 22.0, 80.13, 109.61, 92.43, 95.32]","[571.31, 490.05, 219.52, 68.15, 69.33, 43.2, 91.68, 239.43, 22.35, 79.01, 109.12, 92.56, 94.82]","[16.95, 15.76, 5.36, 7.64, -0.94, 8.05, 9.76, 39.07, 0.05, 3.62, 1.81, -1.86, 1.17]",[12774],12774,"['GLD', 'SPY', 'QQQ', 'VGK', 'VNQ', 'HYG', 'IEF']","[709, 709, 709, 709, 709, 709, 8516]",0.6667
2025-03-31,"['SPY', 'QQQ', 'IWM', 'VGK', 'EWJ', 'EEM', 'VNQ', 'GLD', 'DBC', 'HYG', 'LQD', 'TLT', 'IEF']","[559.39, 468.92, 199.49, 70.21, 68.56, 43.7, 90.54, 288.14, 22.5, 78.89, 108.69, 91.03, 95.37]","[574.51, 491.87, 218.89, 68.18, 69.29, 43.39, 92.41, 246.71, 22.28, 79.19, 109.3, 92.61, 95.08]","[6.94, 5.61, -5.14, 4.26, -3.91, 6.38, 4.69, 40.06, -2.05, 1.49, -0.21, -3.79, 0.75]","[775, 667, 654, 709, 683, 698, 8520]",12706,['IEF'],[12706],1
2025-04-30,"['SPY', 'QQQ', 'IWM', 'VGK', 'EWJ', 'EEM', 'VNQ', 'GLD', 'DBC', 'HYG', 'LQD', 'TLT', 'IEF']","[554.54, 475.47, 194.86, 72.91, 71.43, 43.76, 88.33, 303.77, 20.57, 78.6, 107.98, 89.47, 96.07]","[575.55, 491.51, 218.09, 68.8, 69.61, 43.51, 92.77, 255.59, 22.01, 79.33, 109.39, 92.38, 95.32]","[10.47, 11.98, -0.53, 11.11, 6.18, 6.76, 10.95, 43.38, -11.87, 3.03, 2.85, 1.42, 5.07]",[12799],12799,['IEF'],[12799],1
2025-05-30,"['SPY', 'QQQ', 'IWM', 'VGK', 'EWJ', 'EEM', 'VNQ', 'GLD', 'DBC', 'HYG', 'LQD', 'TLT', 'IEF']","[589.39, 519.11, 205.07, 76.76, 74.12, 45.52, 89.32, 303.6, 20.88, 79.57, 107.77, 86.28, 94.57]","[579.4, 496.31, 216.21, 69.63, 69.93, 43.77, 92.66, 263.29, 21.84, 79.44, 109.21, 91.53, 95.17]","[11.76, 15.18, -0.34, 9.89, 7.47, 8.93, 7.3, 41.01, -10.27, 3.16, 0.82, -4.61, 1.91]",[12599],12599,"['GLD', 'VGK', 'EWJ', 'QQQ', 'EEM', 'SPY', 'IEF']","[350, 350, 350, 350, 350, 350, 10498]",0.8333
2025-06-30,"['SPY', 'QQQ', 'IWM', 'VGK', 'EWJ', 'EEM', 'VNQ', 'GLD', 'DBC', 'HYG', 'LQD', 'TLT', 'IEF']","[617.85, 551.64, 215.79, 77.5, 74.97, 48.24, 89.06, 304.83, 21.81, 80.65, 109.61, 88.25, 95.77]","[584.82, 503.85, 215.78, 70.28, 70.23, 44.25, 92.05, 270.65, 21.81, 79.57, 109.05, 90.71, 95.04]","[13.53, 15.14, 6.36, 16.07, 9.86, 13.27, 5.03, 41.77, -6.11, 4.55, 2.32, -3.85, 2.26]","[351, 353, 354, 371, 370, 366, 10631]",12796,"['GLD', 'VGK', 'QQQ', 'EEM', 'EWJ', 'SPY', 'IEF']","[1066, 1066, 1066, 1066, 1066, 1066, 6398]",0.5
2025-07-31,"['SPY', 'QQQ', 'IWM', 'VGK', 'EWJ', 'EEM', 'VNQ', 'GLD', 'DBC', 'HYG', 'LQD', 'TLT', 'IEF']","[632.08, 565.01, 219.39, 75.65, 73.62, 48.56, 89.14, 302.96, 22.45, 80.38, 109.11, 86.92, 94.9]","[590.65, 511.54, 215.63, 70.74, 70.43, 44.52, 91.22, 276.64, 21.83, 79.58, 108.66, 89.59, 94.72]","[14.75, 19.94, -2.0, 10.5, 3.73, 13.06, -1.4, 33.73, -0.58, 2.34, -0.41, -8.32, -1.22]","[1059, 1040, 1091, 1073, 1046, 1090, 6339]",12738,"['QQQ', 'GLD', 'EEM', 'SPY', 'VGK', 'EWJ', 'IEF']","[1415, 1415, 1415, 1415, 1415, 1415, 4245]",0.3333
2025-08-29,"['SPY', 'QQQ', 'IWM', 'VGK', 'EWJ', 'EEM', 'VNQ', 'GLD', 'DBC', 'HYG', 'LQD', 'TLT', 'IEF']","[645.05, 570.4, 235.17, 78.5, 78.28, 49.86, 92.24, 318.07, 22.21, 80.86, 109.8, 86.6, 96.15]","[598.29, 520.2, 217.37, 71.87, 71.46, 45.07, 91.03, 283.09, 21.79, 79.75, 108.74, 89.0, 94.88]","[14.44, 19.76, 6.86, 10.67, 8.77, 14.96, -3.04, 37.52, 0.45, 1.92, -1.27, -10.25, -0.95]","[1428, 1485, 1452, 1444, 1468, 1504, 4300]",13081,"['GLD', 'EEM', 'QQQ', 'EWJ', 'VGK', 'IWM', 'IEF']","[1831, 1831, 1831, 1831, 1831, 1831, 2092]",0.16
